time,temperature_2m,apparent_temperature,relative_humidity_2m,precipitation,cloud_cover,wind_speed_10m,uv_index,visibility,pm2_5,pm10,us_aqi,location_id,location_name,elevation_m,is_imputed,is_weekend,is_holiday
2026-09-26 00:00:00+07:00,21.7,24.7,85,0.0,2,2.5,0.0,22060.0,33.4,37.0,87.0,alun_alun_malang,Alun-Alun Kota Malang,445,False,True,False
2026-09-26 01:00:00+07:00,21.4,24.4,86,0.0,0,2.2,0.0,19540.0,39.2,43.2,86.0,alun_alun_malang,Alun-Alun Kota Malang,445,False,True,False
2026-09-26 02:00:00+07:00,21.3,24.0,84,0.0,0,2.7,0.0,22100.0,44.1,48.5,87.0,alun_alun_malang,Alun-Alun Kota Malang,445,False,True,False
2026-09-26 03:00:00+07:00,21.1,23.6,84,0.0,0,3.1,0.0,22100.0,44.7,48.9,88.0,alun_alun_malang,Alun-Alun Kota Malang,445,False,True,False
2026-09-26 04:00:00+07:00,20.8,23.3,85,0.0,1,3.2,0.0,22060.0,50.4,52.4,89.0,alun_alun_malang,Alun-Alun Kota Malang,445,False,True,False
2026-09-26 05:00:00+07:00,20.4,22.8,86,0.0,1,3.1,0.0,19500.0,56.1,57.4,90.0,alun_alun_malang,Alun-Alun Kota Malang,445,False,True,False
2026-09-26 06:00:00+07:00,21.0,23.3,82,0.0,1,3.7,0.15,22000.0,59.6,60.8,91.0,alun_alun_malang,Alun-Alun Kota Malang,445,False,True,False
2026-09-26 07:00:00+07:00,24.9,26.8,59,0.0,2,1.7,1.4,12840.0,33.4,37.6,92.0,alun_alun_malang,Alun-Alun Kota Malang,445,False,True,False
2026-09-26 08:00:00+07:00,27.8,28.6,43,0.0,16,3.2,3.55,13920.0,26.7,28.4,92.0,alun_alun_malang,Alun-Alun Kota Malang,445,False,True,False
2026-09-26 09:00:00+07:00,30.2,30.9,32,0.0,27,5.4,5.85,38640.0,22.8,23.9,91.0,alun_alun_malang,Alun-Alun Kota Malang,445,False,True,False
2026-09-26 10:00:00+07:00,31.4,32.4,30,0.0,28,10.6,7.75,38700.0,21.7,22.8,91.0,alun_alun_malang,Alun-Alun Kota Malang,445,False,True,False
2026-09-26 11:00:00+07:00,32.0,33.3,31,0.0,4,11.9,8.95,38760.0,21.1,22.1,91.0,alun_alun_malang,Alun-Alun Kota Malang,445,False,True,False
2026-09-26 12:00:00+07:00,32.6,34.0,29,0.0,4,12.6,9.3,38820.0,20.0,21.0,91.0,alun_alun_malang,Alun-Alun Kota Malang,445,False,True,False
2026-09-26 13:00:00+07:00,33.0,34.8,30,0.0,9,11.4,8.7,38920.0,18.8,19.7,91.0,alun_alun_malang,Alun-Alun Kota Malang,445,False,True,False
2026-09-26 14:00:00+07:00,31.0,32.4,38,0.0,21,11.0,5.1,9260.0,16.5,17.5,91.0,alun_alun_malang,Alun-Alun Kota Malang,445,False,True,False
2026-09-26 15:00:00+07:00,29.1,30.3,48,0.2,40,10.2,2.75,7460.0,13.7,14.8,92.0,alun_alun_malang,Alun-Alun Kota Malang,445,False,True,False
2026-09-26 16:00:00+07:00,27.5,28.9,53,0.1,43,7.5,2.2,13820.0,11.4,12.4,103.0,alun_alun_malang,Alun-Alun Kota Malang,445,False,True,False
2026-09-26 17:00:00+07:00,26.5,27.9,54,0.0,15,5.5,0.9,24160.0,10.4,11.4,107.0,alun_alun_malang,Alun-Alun Kota Malang,445,False,True,False
2026-09-26 18:00:00+07:00,25.7,27.8,59,0.0,20,3.0,0.05,30700.0,14.6,16.1,101.0,alun_alun_malang,Alun-Alun Kota Malang,445,False,True,False
2026-09-26 19:00:00+07:00,25.5,27.3,59,0.0,48,4.2,0.0,30620.0,13.2,15.1,89.0,alun_alun_malang,Alun-Alun Kota Malang,445,False,True,False
2026-09-26 20:00:00+07:00,24.8,26.7,63,0.0,63,4.6,0.0,27940.0,17.3,19.1,88.0,alun_alun_malang,Alun-Alun Kota Malang,445,False,True,False
2026-09-26 21:00:00+07:00,24.1,26.2,67,0.0,69,4.3,0.0,27920.0,16.8,18.6,87.0,alun_alun_malang,Alun-Alun Kota Malang,445,False,True,False
2026-09-26 22:00:00+07:00,23.6,25.8,70,0.0,56,4.4,0.0,27920.0,17.2,19.0,86.0,alun_alun_malang,Alun-Alun Kota Malang,445,False,True,False
2026-09-26 23:00:00+07:00,23.2,25.0,71,0.0,50,6.3,0.0,27920.0,18.7,20.6,85.0,alun_alun_malang,Alun-Alun Kota Malang,445,False,True,False
2026-09-27 00:00:00+07:00,23.1,24.8,70,0.0,9,6.6,0.0,27960.0,19.4,21.5,83.0,alun_alun_malang,Alun-Alun Kota Malang,445,False,True,False
2026-09-27 01:00:00+07:00,22.0,23.6,73,0.0,0,5.0,0.0,25240.0,22.9,25.0,82.0,alun_alun_malang,Alun-Alun Kota Malang,445,False,True,False
2026-09-27 02:00:00+07:00,21.2,22.8,75,0.0,13,5.1,0.0,25240.0,29.6,31.8,81.0,alun_alun_malang,Alun-Alun Kota Malang,445,False,True,False
2026-09-27 03:00:00+07:00,20.4,22.3,83,0.0,27,4.3,0.0,22160.0,41.1,43.3,80.0,alun_alun_malang,Alun-Alun Kota Malang,445,False,True,False
2026-09-27 04:00:00+07:00,20.1,22.4,86,0.0,17,3.0,0.0,19580.0,36.0,38.4,80.0,alun_alun_malang,Alun-Alun Kota Malang,445,False,True,False
2026-09-27 05:00:00+07:00,19.8,22.0,86,0.0,10,3.3,0.0,19560.0,43.3,45.5,79.0,alun_alun_malang,Alun-Alun Kota Malang,445,False,True,False
2026-09-27 06:00:00+07:00,20.7,22.8,82,0.0,8,3.5,0.15,22060.0,33.5,36.1,78.0,alun_alun_malang,Alun-Alun Kota Malang,445,False,True,False
2026-09-27 07:00:00+07:00,23.7,26.7,76,0.0,2,2.7,1.45,25100.0,24.3,26.7,75.0,alun_alun_malang,Alun-Alun Kota Malang,445,False,True,False
2026-09-27 08:00:00+07:00,26.2,28.6,61,0.0,0,4.0,3.6,12100.0,20.0,20.5,75.0,alun_alun_malang,Alun-Alun Kota Malang,445,False,True,False
2026-09-27 09:00:00+07:00,28.6,30.6,46,0.0,0,6.3,5.9,12040.0,18.5,19.0,74.0,alun_alun_malang,Alun-Alun Kota Malang,445,False,True,False
2026-09-27 10:00:00+07:00,30.2,31.5,34,0.0,5,8.7,7.85,38780.0,18.6,19.2,74.0,alun_alun_malang,Alun-Alun Kota Malang,445,False,True,False
2026-09-27 11:00:00+07:00,31.6,32.6,27,0.0,6,9.6,9.05,38800.0,19.3,19.9,74.0,alun_alun_malang,Alun-Alun Kota Malang,445,False,True,False
2026-09-27 12:00:00+07:00,32.8,34.2,26,0.0,11,10.2,7.1,38880.0,20.0,20.7,74.0,alun_alun_malang,Alun-Alun Kota Malang,445,False,True,False
2026-09-27 13:00:00+07:00,32.8,35.5,34,0.0,33,8.4,1.55,8900.0,20.0,20.8,74.0,alun_alun_malang,Alun-Alun Kota Malang,445,False,True,False
2026-09-27 14:00:00+07:00,29.4,32.5,53,0.6,54,10.0,0.55,2740.0,19.0,19.9,81.0,alun_alun_malang,Alun-Alun Kota Malang,445,False,True,False
2026-09-27 15:00:00+07:00,25.9,30.3,84,2.9,77,6.6,0.8,3060.0,17.5,18.6,101.0,alun_alun_malang,Alun-Alun Kota Malang,445,False,True,False
2026-09-27 16:00:00+07:00,26.7,30.8,73,0.9,34,3.6,1.5,10540.0,15.7,17.1,114.0,alun_alun_malang,Alun-Alun Kota Malang,445,False,True,False
2026-09-27 17:00:00+07:00,24.3,29.2,88,1.8,54,0.8,0.85,2960.0,16.5,18.7,120.0,alun_alun_malang,Alun-Alun Kota Malang,445,False,True,False
2026-09-27 18:00:00+07:00,23.6,28.5,94,0.5,13,2.5,0.05,11580.0,27.4,29.9,117.0,alun_alun_malang,Alun-Alun Kota Malang,445,False,True,False
2026-09-27 19:00:00+07:00,23.6,28.8,97,0.0,9,2.1,0.0,11300.0,26.7,30.6,105.0,alun_alun_malang,Alun-Alun Kota Malang,445,False,True,False
2026-09-27 20:00:00+07:00,23.3,28.4,96,0.0,6,1.6,0.0,16280.0,35.2,38.8,93.0,alun_alun_malang,Alun-Alun Kota Malang,445,False,True,False
2026-09-27 21:00:00+07:00,22.9,27.7,96,0.0,2,1.1,0.0,16540.0,54.7,57.7,78.0,alun_alun_malang,Alun-Alun Kota Malang,445,False,True,False
2026-09-27 22:00:00+07:00,22.6,26.8,92,0.0,0,1.5,0.0,19500.0,49.4,52.5,81.0,alun_alun_malang,Alun-Alun Kota Malang,445,False,True,False
2026-09-27 23:00:00+07:00,22.2,26.1,91,0.0,0,1.8,0.0,19520.0,52.3,55.5,84.0,alun_alun_malang,Alun-Alun Kota Malang,445,False,True,False
2026-09-28 00:00:00+07:00,21.9,25.7,90,0.0,0,0.9,0.0,19520.0,55.3,58.3,87.0,alun_alun_malang,Alun-Alun Kota Malang,445,False,False,False
2026-09-28 01:00:00+07:00,21.2,24.9,93,0.0,0,0.8,0.0,14600.0,49.4,52.2,89.0,alun_alun_malang,Alun-Alun Kota Malang,445,False,False,False
2026-09-28 02:00:00+07:00,20.7,24.0,92,0.0,1,1.9,0.0,8340.0,54.0,55.9,91.0,alun_alun_malang,Alun-Alun Kota Malang,445,False,False,False
2026-09-28 03:00:00+07:00,20.3,23.3,93,0.0,2,2.9,0.0,5880.0,50.9,52.4,93.0,alun_alun_malang,Alun-Alun Kota Malang,445,False,False,False
2026-09-28 04:00:00+07:00,20.1,22.8,92,0.0,2,3.8,0.0,5900.0,50.8,51.7,94.0,alun_alun_malang,Alun-Alun Kota Malang,445,False,False,False
2026-09-28 05:00:00+07:00,19.9,22.5,91,0.0,3,2.7,0.0,7820.0,49.5,50.1,95.0,alun_alun_malang,Alun-Alun Kota Malang,445,False,False,False
2026-09-28 06:00:00+07:00,20.7,23.6,89,0.0,8,2.8,0.15,13940.0,53.9,54.4,96.0,alun_alun_malang,Alun-Alun Kota Malang,445,False,False,False
2026-09-28 07:00:00+07:00,22.6,26.1,83,0.0,1,1.2,1.45,5120.0,27.2,28.4,97.0,alun_alun_malang,Alun-Alun Kota Malang,445,False,False,False
2026-09-28 08:00:00+07:00,24.6,27.6,72,0.0,3,3.0,3.65,3820.0,24.6,26.0,98.0,alun_alun_malang,Alun-Alun Kota Malang,445,False,False,False
2026-09-28 09:00:00+07:00,26.7,30.0,61,0.0,0,5.5,5.95,7060.0,25.1,26.6,98.0,alun_alun_malang,Alun-Alun Kota Malang,445,False,False,False
2026-09-28 10:00:00+07:00,28.4,32.3,52,0.0,0,6.0,7.85,11320.0,25.1,26.8,99.0,alun_alun_malang,Alun-Alun Kota Malang,445,False,False,False
2026-09-28 11:00:00+07:00,30.1,34.1,46,0.0,2,8.2,9.05,34720.0,24.6,26.3,99.0,alun_alun_malang,Alun-Alun Kota Malang,445,False,False,False
2026-09-28 12:00:00+07:00,31.3,34.7,40,0.0,16,8.7,9.4,38860.0,25.3,27.0,99.0,alun_alun_malang,Alun-Alun Kota Malang,445,False,False,False
2026-09-28 13:00:00+07:00,32.1,35.0,37,0.0,17,8.1,7.35,38900.0,32.1,34.0,100.0,alun_alun_malang,Alun-Alun Kota Malang,445,False,False,False
2026-09-28 14:00:00+07:00,31.6,34.1,39,0.0,41,7.5,5.4,38920.0,25.5,27.0,101.0,alun_alun_malang,Alun-Alun Kota Malang,445,False,False,False
2026-09-28 15:00:00+07:00,30.5,32.3,44,0.0,41,7.0,1.5,34900.0,24.5,26.1,102.0,alun_alun_malang,Alun-Alun Kota Malang,445,False,False,False
2026-09-28 16:00:00+07:00,29.1,30.9,51,0.0,21,7.0,1.9,34880.0,25.2,26.8,102.0,alun_alun_malang,Alun-Alun Kota Malang,445,False,False,False
2026-09-28 17:00:00+07:00,27.2,29.7,60,0.0,28,4.3,0.35,30680.0,23.4,24.9,110.0,alun_alun_malang,Alun-Alun Kota Malang,445,False,False,False
2026-09-28 18:00:00+07:00,25.6,29.0,69,0.0,69,1.2,0.0,27960.0,24.1,25.5,112.0,alun_alun_malang,Alun-Alun Kota Malang,445,False,False,False
2026-09-28 19:00:00+07:00,24.4,27.8,74,0.0,87,1.3,0.0,25140.0,28.5,29.7,107.0,alun_alun_malang,Alun-Alun Kota Malang,445,False,False,False
2026-09-28 20:00:00+07:00,23.6,27.2,79,0.0,93,0.7,0.0,25080.0,36.0,37.3,104.0,alun_alun_malang,Alun-Alun Kota Malang,445,False,False,False
2026-09-28 21:00:00+07:00,23.0,26.5,81,0.0,74,0.9,0.0,25020.0,54.5,56.5,104.0,alun_alun_malang,Alun-Alun Kota Malang,445,False,False,False
2026-09-28 22:00:00+07:00,22.6,26.0,82,0.0,81,1.5,0.0,6100.0,82.0,83.8,104.0,alun_alun_malang,Alun-Alun Kota Malang,445,False,False,False
2026-09-28 23:00:00+07:00,22.0,25.2,84,0.0,81,1.5,0.0,2760.0,94.5,96.2,107.0,alun_alun_malang,Alun-Alun Kota Malang,445,False,False,False
2026-09-29 00:00:00+07:00,21.5,24.4,85,0.0,86,2.1,0.0,3880.0,97.6,99.2,112.0,alun_alun_malang,Alun-Alun Kota Malang,445,False,False,False
2026-09-29 01:00:00+07:00,21.3,24.0,85,0.0,90,2.7,0.0,22020.0,98.7,100.1,116.0,alun_alun_malang,Alun-Alun Kota Malang,445,False,False,False
2026-09-29 02:00:00+07:00,21.0,23.5,85,0.0,73,3.7,0.0,19520.0,95.5,96.4,121.0,alun_alun_malang,Alun-Alun Kota Malang,445,False,False,False
2026-09-29 03:00:00+07:00,21.0,23.5,83,0.0,67,3.0,0.0,22060.0,88.5,89.6,126.0,alun_alun_malang,Alun-Alun Kota Malang,445,False,False,False
2026-09-29 04:00:00+07:00,20.8,23.1,81,0.0,19,2.6,0.0,22040.0,74.7,76.1,130.0,alun_alun_malang,Alun-Alun Kota Malang,445,False,False,False
2026-09-29 05:00:00+07:00,20.5,22.5,80,0.0,5,2.3,0.0,25080.0,64.7,66.6,132.0,alun_alun_malang,Alun-Alun Kota Malang,445,False,False,False
2026-09-29 06:00:00+07:00,21.3,23.3,76,0.0,5,2.7,0.15,25040.0,61.9,64.0,134.0,alun_alun_malang,Alun-Alun Kota Malang,445,False,False,False
2026-09-29 07:00:00+07:00,24.2,26.8,67,0.0,12,1.7,1.45,27760.0,39.0,40.6,135.0,alun_alun_malang,Alun-Alun Kota Malang,445,False,False,False
2026-09-29 08:00:00+07:00,26.4,28.9,62,0.0,12,4.3,3.65,27780.0,28.1,29.6,136.0,alun_alun_malang,Alun-Alun Kota Malang,445,False,False,False
2026-09-29 09:00:00+07:00,28.4,31.7,56,0.0,9,6.2,5.95,30460.0,26.4,27.9,136.0,alun_alun_malang,Alun-Alun Kota Malang,445,False,False,False
2026-09-29 10:00:00+07:00,29.6,33.1,50,0.0,2,9.9,7.9,30500.0,25.8,27.4,136.0,alun_alun_malang,Alun-Alun Kota Malang,445,False,False,False
2026-09-29 11:00:00+07:00,30.8,34.4,44,0.0,2,10.3,9.1,34720.0,26.5,28.1,136.0,alun_alun_malang,Alun-Alun Kota Malang,445,False,False,False
2026-09-29 12:00:00+07:00,31.6,34.6,42,0.0,16,12.1,9.4,34840.0,27.4,28.9,137.0,alun_alun_malang,Alun-Alun Kota Malang,445,False,False,False
2026-09-29 13:00:00+07:00,31.5,33.4,41,0.0,27,11.1,6.55,34940.0,28.2,29.8,137.0,alun_alun_malang,Alun-Alun Kota Malang,445,False,False,False
2026-09-29 14:00:00+07:00,31.1,33.7,42,0.0,50,6.1,1.65,34920.0,25.8,27.3,136.0,alun_alun_malang,Alun-Alun Kota Malang,445,False,False,False
2026-09-29 15:00:00+07:00,29.9,32.1,46,0.0,50,5.7,1.1,34920.0,24.5,26.0,136.0,alun_alun_malang,Alun-Alun Kota Malang,445,False,False,False
2026-09-29 16:00:00+07:00,27.5,29.8,60,0.0,82,7.1,0.85,8660.0,23.2,24.6,143.0,alun_alun_malang,Alun-Alun Kota Malang,445,False,False,False
2026-09-29 17:00:00+07:00,25.9,28.8,71,0.2,43,7.1,0.75,14200.0,24.1,25.5,146.0,alun_alun_malang,Alun-Alun Kota Malang,445,False,False,False
2026-09-29 18:00:00+07:00,24.6,28.1,80,0.0,29,5.1,0.05,20520.0,26.1,27.5,141.0,alun_alun_malang,Alun-Alun Kota Malang,445,False,False,False
2026-09-29 19:00:00+07:00,23.5,27.1,86,0.0,41,4.9,0.0,18900.0,30.9,32.1,136.0,alun_alun_malang,Alun-Alun Kota Malang,445,False,False,False
2026-09-29 20:00:00+07:00,22.9,26.8,89,0.0,35,3.1,0.0,19020.0,42.0,43.2,137.0,alun_alun_malang,Alun-Alun Kota Malang,445,False,False,False
2026-09-29 21:00:00+07:00,22.7,26.7,91,0.0,31,2.2,0.0,16200.0,36.4,37.6,137.0,alun_alun_malang,Alun-Alun Kota Malang,445,False,False,False
2026-09-29 22:00:00+07:00,22.5,26.6,91,0.0,23,1.6,0.0,16440.0,38.4,39.3,135.0,alun_alun_malang,Alun-Alun Kota Malang,445,False,False,False
2026-09-29 23:00:00+07:00,22.0,25.9,93,0.0,13,1.9,0.0,16360.0,38.1,39.2,131.0,alun_alun_malang,Alun-Alun Kota Malang,445,False,False,False
2026-09-30 00:00:00+07:00,21.5,25.3,95,0.0,14,2.2,0.0,1700.0,38.2,39.1,125.0,alun_alun_malang,Alun-Alun Kota Malang,445,False,False,False
2026-09-30 01:00:00+07:00,20.8,24.5,98,0.0,27,2.2,0.0,700.0,40.3,41.3,119.0,alun_alun_malang,Alun-Alun Kota Malang,445,False,False,False
2026-09-30 02:00:00+07:00,20.3,23.7,97,0.0,28,2.0,0.0,720.0,40.4,41.4,113.0,alun_alun_malang,Alun-Alun Kota Malang,445,False,False,False
2026-09-30 03:00:00+07:00,20.0,23.0,95,0.0,15,2.4,0.0,1500.0,40.0,41.1,107.0,alun_alun_malang,Alun-Alun Kota Malang,445,False,False,False
2026-09-30 04:00:00+07:00,19.8,22.5,92,0.0,19,2.9,0.0,2880.0,38.2,39.1,102.0,alun_alun_malang,Alun-Alun Kota Malang,445,False,False,False
2026-09-30 05:00:00+07:00,19.8,22.2,89,0.0,29,3.2,0.0,2680.0,38.2,39.0,99.0,alun_alun_malang,Alun-Alun Kota Malang,445,False,False,False
2026-09-30 06:00:00+07:00,21.4,23.9,81,0.0,47,2.8,0.2,10960.0,40.9,41.6,97.0,alun_alun_malang,Alun-Alun Kota Malang,445,False,False,False
2026-09-30 07:00:00+07:00,23.9,27.0,74,0.0,23,1.7,1.5,25040.0,27.5,28.4,95.0,alun_alun_malang,Alun-Alun Kota Malang,445,False,False,False
2026-09-30 08:00:00+07:00,26.2,29.2,66,0.0,5,3.9,3.65,27780.0,24.0,25.3,94.0,alun_alun_malang,Alun-Alun Kota Malang,445,False,False,False
2026-09-30 09:00:00+07:00,28.3,31.8,58,0.0,2,6.3,6.0,30480.0,23.1,24.4,94.0,alun_alun_malang,Alun-Alun Kota Malang,445,False,False,False
2026-09-30 10:00:00+07:00,29.6,33.1,52,0.0,1,10.3,7.9,30540.0,22.9,24.3,93.0,alun_alun_malang,Alun-Alun Kota Malang,445,False,False,False
2026-09-30 11:00:00+07:00,30.9,34.2,45,0.0,6,10.6,7.55,34760.0,23.9,25.3,93.0,alun_alun_malang,Alun-Alun Kota Malang,445,False,False,False
2026-09-30 12:00:00+07:00,31.6,34.1,41,0.0,35,10.3,3.15,34880.0,25.6,27.0,93.0,alun_alun_malang,Alun-Alun Kota Malang,445,False,False,False
2026-09-30 13:00:00+07:00,32.3,35.2,39,0.0,70,7.5,0.65,34940.0,27.0,28.2,93.0,alun_alun_malang,Alun-Alun Kota Malang,445,False,False,False
2026-09-30 14:00:00+07:00,30.7,33.2,45,0.0,62,8.3,0.55,34980.0,26.6,27.9,93.0,alun_alun_malang,Alun-Alun Kota Malang,445,False,False,False
2026-09-30 15:00:00+07:00,27.6,30.2,63,0.1,89,9.0,0.5,6140.0,26.5,27.9,104.0,alun_alun_malang,Alun-Alun Kota Malang,445,False,False,False
2026-09-30 16:00:00+07:00,25.3,28.8,80,1.1,98,8.6,1.05,3720.0,27.1,28.6,121.0,alun_alun_malang,Alun-Alun Kota Malang,445,False,False,False
2026-09-30 17:00:00+07:00,24.4,28.4,85,0.5,57,5.6,0.6,8240.0,29.5,31.2,132.0,alun_alun_malang,Alun-Alun Kota Malang,445,False,False,False
2026-09-30 18:00:00+07:00,23.8,28.0,89,0.1,59,4.5,0.0,12340.0,34.6,36.2,135.0,alun_alun_malang,Alun-Alun Kota Malang,445,False,False,False
2026-09-30 19:00:00+07:00,23.6,27.7,90,0.0,53,4.3,0.0,13880.0,38.4,39.7,130.0,alun_alun_malang,Alun-Alun Kota Malang,445,False,False,False
2026-09-30 20:00:00+07:00,23.2,27.4,91,0.0,38,3.8,0.0,14940.0,37.5,38.5,120.0,alun_alun_malang,Alun-Alun Kota Malang,445,False,False,False
2026-09-30 21:00:00+07:00,23.0,27.2,92,0.0,13,3.5,0.0,16200.0,45.2,46.2,105.0,alun_alun_malang,Alun-Alun Kota Malang,445,False,False,False
2026-09-30 22:00:00+07:00,22.8,26.9,93,0.0,25,4.0,0.0,3260.0,45.4,46.4,95.0,alun_alun_malang,Alun-Alun Kota Malang,445,False,False,False
2026-09-30 23:00:00+07:00,22.5,26.7,94,0.0,27,3.1,0.0,2040.0,47.4,48.4,96.0,alun_alun_malang,Alun-Alun Kota Malang,445,False,False,False
2026-10-01 00:00:00+07:00,22.0,26.3,96,0.0,100,2.2,0.0,1380.0,49.7,50.8,97.0,alun_alun_malang,Alun-Alun Kota Malang,445,False,False,False
2026-10-01 01:00:00+07:00,21.5,25.7,98,0.0,95,2.2,0.0,480.0,49.1,50.1,97.0,alun_alun_malang,Alun-Alun Kota Malang,445,False,False,False
2026-10-01 02:00:00+07:00,21.0,25.0,99,0.0,27,1.9,0.0,800.0,46.8,47.8,98.0,alun_alun_malang,Alun-Alun Kota Malang,445,False,False,False
2026-10-01 03:00:00+07:00,20.6,24.4,99,0.0,27,2.1,0.0,1460.0,43.9,45.2,99.0,alun_alun_malang,Alun-Alun Kota Malang,445,False,False,False
2026-10-01 04:00:00+07:00,20.5,24.0,97,0.0,16,2.5,0.0,2420.0,41.2,42.5,99.0,alun_alun_malang,Alun-Alun Kota Malang,445,False,False,False
2026-10-01 05:00:00+07:00,20.6,24.0,95,0.0,6,2.5,0.0,4700.0,39.6,41.3,99.0,alun_alun_malang,Alun-Alun Kota Malang,445,False,False,False
2026-10-01 06:00:00+07:00,21.4,25.0,93,0.0,29,2.1,0.2,16600.0,36.2,38.6,99.0,alun_alun_malang,Alun-Alun Kota Malang,445,False,False,False
2026-10-01 07:00:00+07:00,22.9,26.3,81,0.0,22,1.5,1.5,14460.0,26.3,28.9,99.0,alun_alun_malang,Alun-Alun Kota Malang,445,False,False,False
2026-10-01 08:00:00+07:00,25.0,27.6,67,0.0,34,3.6,3.65,27860.0,21.4,23.3,99.0,alun_alun_malang,Alun-Alun Kota Malang,445,False,False,False
2026-10-01 09:00:00+07:00,27.4,30.7,58,0.0,51,4.9,5.95,30560.0,20.0,21.8,99.0,alun_alun_malang,Alun-Alun Kota Malang,445,False,False,False
2026-10-01 10:00:00+07:00,29.3,33.5,51,0.0,55,6.1,7.9,30640.0,18.8,20.5,98.0,alun_alun_malang,Alun-Alun Kota Malang,445,False,False,False
2026-10-01 11:00:00+07:00,30.7,34.8,46,0.0,73,8.0,9.05,34900.0,19.2,20.8,98.0,alun_alun_malang,Alun-Alun Kota Malang,445,False,False,False
2026-10-01 12:00:00+07:00,31.6,35.6,43,0.0,78,8.1,9.45,35020.0,22.4,24.2,98.0,alun_alun_malang,Alun-Alun Kota Malang,445,False,False,False
2026-10-01 13:00:00+07:00,32.1,35.8,41,0.0,72,7.5,8.8,35120.0,24.1,25.7,97.0,alun_alun_malang,Alun-Alun Kota Malang,445,False,False,False
2026-10-01 14:00:00+07:00,31.5,34.7,42,0.0,86,6.0,2.95,35140.0,26.5,28.1,97.0,alun_alun_malang,Alun-Alun Kota Malang,445,False,False,False
2026-10-01 15:00:00+07:00,30.6,32.5,46,0.0,95,7.1,0.95,35140.0,28.0,29.6,97.0,alun_alun_malang,Alun-Alun Kota Malang,445,False,False,False
2026-10-01 16:00:00+07:00,29.6,31.8,50,0.0,93,5.3,0.65,30920.0,38.9,40.4,108.0,alun_alun_malang,Alun-Alun Kota Malang,445,False,False,False
2026-10-01 17:00:00+07:00,27.7,30.3,59,0.0,45,5.2,0.45,30860.0,41.8,43.1,117.0,alun_alun_malang,Alun-Alun Kota Malang,445,False,False,False
2026-10-01 18:00:00+07:00,25.9,29.0,70,0.0,23,5.1,0.0,28080.0,58.6,59.6,116.0,alun_alun_malang,Alun-Alun Kota Malang,445,False,False,False
2026-10-01 19:00:00+07:00,24.4,27.9,80,0.0,17,5.2,0.0,22180.0,70.8,71.7,104.0,alun_alun_malang,Alun-Alun Kota Malang,445,False,False,False
2026-10-01 20:00:00+07:00,23.3,27.1,87,0.0,16,3.9,0.0,19600.0,52.7,53.6,105.0,alun_alun_malang,Alun-Alun Kota Malang,445,False,False,False
2026-10-01 21:00:00+07:00,22.9,26.7,89,0.0,11,3.4,0.0,19560.0,48.9,49.9,106.0,alun_alun_malang,Alun-Alun Kota Malang,445,False,False,False
2026-10-01 22:00:00+07:00,22.7,26.7,89,0.0,6,2.3,0.0,19260.0,47.5,48.5,107.0,alun_alun_malang,Alun-Alun Kota Malang,445,False,False,False
2026-10-01 23:00:00+07:00,22.3,26.4,91,0.0,45,1.1,0.0,5880.0,41.8,43.0,107.0,alun_alun_malang,Alun-Alun Kota Malang,445,False,False,False
2026-10-02 00:00:00+07:00,21.9,26.0,93,0.0,42,0.8,0.0,3440.0,46.1,47.1,106.0,alun_alun_malang,Alun-Alun Kota Malang,445,False,False,False
2026-10-02 01:00:00+07:00,21.6,25.6,94,0.0,59,0.6,0.0,3120.0,50.3,51.3,106.0,alun_alun_malang,Alun-Alun Kota Malang,445,False,False,False
2026-10-02 02:00:00+07:00,21.4,25.3,95,0.0,55,0.9,0.0,3460.0,53.0,54.0,106.0,alun_alun_malang,Alun-Alun Kota Malang,445,False,False,False
2026-10-02 03:00:00+07:00,21.1,24.9,95,0.0,91,2.0,0.0,2660.0,51.5,52.5,107.0,alun_alun_malang,Alun-Alun Kota Malang,445,False,False,False
2026-10-02 04:00:00+07:00,20.7,24.3,97,0.0,83,2.0,0.0,2160.0,47.7,48.8,108.0,alun_alun_malang,Alun-Alun Kota Malang,445,False,False,False
2026-10-02 05:00:00+07:00,20.4,24.0,98,0.0,77,2.5,0.0,1060.0,47.6,48.8,108.0,alun_alun_malang,Alun-Alun Kota Malang,445,False,False,False
2026-10-02 06:00:00+07:00,21.4,24.8,93,0.0,66,4.1,0.2,15700.0,46.6,48.0,109.0,alun_alun_malang,Alun-Alun Kota Malang,445,False,False,False
2026-10-02 07:00:00+07:00,23.9,27.8,81,0.0,65,1.1,1.5,21420.0,33.6,35.4,110.0,alun_alun_malang,Alun-Alun Kota Malang,445,False,False,False
2026-10-02 08:00:00+07:00,25.6,29.1,73,0.0,56,3.3,3.7,18980.0,22.7,24.6,111.0,alun_alun_malang,Alun-Alun Kota Malang,445,False,False,False
2026-10-02 09:00:00+07:00,27.5,31.3,65,0.0,48,6.2,6.0,16520.0,22.7,24.6,111.0,alun_alun_malang,Alun-Alun Kota Malang,445,False,False,False
2026-10-02 10:00:00+07:00,29.2,33.6,58,0.0,46,8.0,7.9,14080.0,23.1,25.0,111.0,alun_alun_malang,Alun-Alun Kota Malang,445,False,False,False
2026-10-02 11:00:00+07:00,30.6,35.6,52,0.0,57,8.0,9.1,21060.0,24.2,26.0,112.0,alun_alun_malang,Alun-Alun Kota Malang,445,False,False,False
2026-10-02 12:00:00+07:00,31.8,36.6,47,0.0,76,7.6,9.4,28020.0,25.5,27.2,112.0,alun_alun_malang,Alun-Alun Kota Malang,445,False,False,False
2026-10-02 13:00:00+07:00,32.3,36.4,44,0.0,90,7.6,8.75,35000.0,28.7,30.4,113.0,alun_alun_malang,Alun-Alun Kota Malang,445,False,False,False
2026-10-02 14:00:00+07:00,31.8,34.9,44,0.0,96,7.4,5.55,33600.0,30.7,32.5,113.0,alun_alun_malang,Alun-Alun Kota Malang,445,False,False,False
2026-10-02 15:00:00+07:00,30.7,32.7,48,0.0,98,7.3,3.6,32220.0,31.3,32.9,114.0,alun_alun_malang,Alun-Alun Kota Malang,445,False,False,False
2026-10-02 16:00:00+07:00,29.3,31.4,53,0.0,98,6.7,2.45,30820.0,32.7,34.5,114.0,alun_alun_malang,Alun-Alun Kota Malang,445,False,False,False
2026-10-02 17:00:00+07:00,27.5,30.4,61,0.0,98,4.9,0.65,26980.0,44.2,46.1,130.0,alun_alun_malang,Alun-Alun Kota Malang,445,False,False,False
2026-10-02 18:00:00+07:00,25.6,29.0,74,0.0,96,4.8,0.05,23160.0,61.5,63.3,135.0,alun_alun_malang,Alun-Alun Kota Malang,445,False,False,False
2026-10-02 19:00:00+07:00,24.0,27.7,85,0.0,91,5.8,0.0,19320.0,78.7,80.1,126.0,alun_alun_malang,Alun-Alun Kota Malang,445,False,False,False
2026-10-02 20:00:00+07:00,23.3,27.3,90,0.0,76,4.9,0.0,18280.0,72.2,73.6,115.0,alun_alun_malang,Alun-Alun Kota Malang,445,False,False,False
2026-10-02 21:00:00+07:00,23.0,27.2,91,0.0,58,2.9,0.0,17240.0,71.5,72.6,117.0,alun_alun_malang,Alun-Alun Kota Malang,445,False,False,False
2026-10-02 22:00:00+07:00,22.8,27.1,91,0.0,49,1.8,0.0,16200.0,65.7,67.1,119.0,alun_alun_malang,Alun-Alun Kota Malang,445,False,False,False
2026-10-02 23:00:00+07:00,22.6,26.8,92,0.0,61,1.6,0.0,11100.0,65.9,67.1,121.0,alun_alun_malang,Alun-Alun Kota Malang,445,False,False,False
2026-10-03 00:00:00+07:00,22.4,26.6,93,0.0,83,1.2,0.0,6020.0,62.6,63.8,124.0,alun_alun_malang,Alun-Alun Kota Malang,445,False,True,False
2026-10-03 01:00:00+07:00,22.2,26.5,93,0.0,98,1.0,0.0,920.0,59.3,60.3,125.0,alun_alun_malang,Alun-Alun Kota Malang,445,False,True,False
2026-10-03 02:00:00+07:00,22.0,26.2,94,0.0,98,1.2,0.0,940.0,56.8,58.0,126.0,alun_alun_malang,Alun-Alun Kota Malang,445,False,True,False
2026-10-03 03:00:00+07:00,21.9,26.0,95,0.0,91,1.5,0.0,980.0,54.1,55.4,127.0,alun_alun_malang,Alun-Alun Kota Malang,445,False,True,False
2026-10-03 04:00:00+07:00,21.9,26.0,94,0.0,80,1.5,0.0,1000.0,50.4,52.0,127.0,alun_alun_malang,Alun-Alun Kota Malang,445,False,True,False
2026-10-03 05:00:00+07:00,22.1,26.2,92,0.0,64,1.0,0.0,2380.0,49.4,50.9,127.0,alun_alun_malang,Alun-Alun Kota Malang,445,False,True,False
2026-10-03 06:00:00+07:00,22.4,26.4,90,0.0,45,0.6,0.2,3780.0,46.2,47.5,127.0,alun_alun_malang,Alun-Alun Kota Malang,445,False,True,False
2026-10-03 07:00:00+07:00,23.2,27.1,84,0.0,29,0.4,1.55,5160.0,27.9,29.6,127.0,alun_alun_malang,Alun-Alun Kota Malang,445,False,True,False
2026-10-03 08:00:00+07:00,25.1,28.5,73,0.0,20,1.9,3.7,13640.0,,,127.0,alun_alun_malang,Alun-Alun Kota Malang,445,False,True,False
2026-10-03 09:00:00+07:00,27.5,30.8,61,0.0,14,3.9,6.05,22120.0,,,,alun_alun_malang,Alun-Alun Kota Malang,445,False,True,False
2026-10-03 10:00:00+07:00,29.5,33.3,53,0.0,14,5.3,7.95,30600.0,,,,alun_alun_malang,Alun-Alun Kota Malang,445,False,True,False
2026-10-03 11:00:00+07:00,30.7,35.0,47,0.0,21,6.1,9.1,28080.0,,,,alun_alun_malang,Alun-Alun Kota Malang,445,False,True,False
2026-10-03 12:00:00+07:00,31.4,35.5,43,0.0,34,6.6,9.45,25540.0,,,,alun_alun_malang,Alun-Alun Kota Malang,445,False,True,False
2026-10-03 13:00:00+07:00,31.6,35.1,42,0.0,42,6.8,6.85,23020.0,,,,alun_alun_malang,Alun-Alun Kota Malang,445,False,True,False
2026-10-03 14:00:00+07:00,31.1,33.6,45,0.0,42,7.5,3.85,25640.0,,,,alun_alun_malang,Alun-Alun Kota Malang,445,False,True,False
2026-10-03 15:00:00+07:00,29.9,31.7,50,0.0,38,9.4,2.45,28240.0,,,,alun_alun_malang,Alun-Alun Kota Malang,445,False,True,False
2026-10-03 16:00:00+07:00,28.6,30.7,57,0.0,35,9.9,1.45,30860.0,,,,alun_alun_malang,Alun-Alun Kota Malang,445,False,True,False
2026-10-03 17:00:00+07:00,27.1,29.7,65,0.1,35,7.9,0.6,27540.0,,,,alun_alun_malang,Alun-Alun Kota Malang,445,False,True,False
2026-10-03 18:00:00+07:00,25.4,28.5,74,0.1,36,6.5,0.0,24200.0,,,,alun_alun_malang,Alun-Alun Kota Malang,445,False,True,False
2026-10-03 19:00:00+07:00,24.2,27.3,82,0.1,36,7.6,0.0,20880.0,,,,alun_alun_malang,Alun-Alun Kota Malang,445,False,True,False
2026-10-03 20:00:00+07:00,23.6,26.9,86,0.0,30,7.7,0.0,19880.0,,,,alun_alun_malang,Alun-Alun Kota Malang,445,False,True,False
2026-10-03 21:00:00+07:00,23.4,26.9,87,0.0,22,6.7,0.0,18880.0,,,,alun_alun_malang,Alun-Alun Kota Malang,445,False,True,False
2026-10-03 22:00:00+07:00,23.3,26.9,89,0.0,22,6.0,0.0,17880.0,,,,alun_alun_malang,Alun-Alun Kota Malang,445,False,True,False
2026-10-03 23:00:00+07:00,23.0,26.5,89,0.0,37,5.8,0.0,18280.0,,,,alun_alun_malang,Alun-Alun Kota Malang,445,False,True,False
2026-10-04 00:00:00+07:00,22.7,26.1,90,0.0,59,5.8,0.0,18660.0,,,,alun_alun_malang,Alun-Alun Kota Malang,445,False,True,False
2026-10-04 01:00:00+07:00,22.4,25.8,90,0.0,73,5.8,0.0,19060.0,,,,alun_alun_malang,Alun-Alun Kota Malang,445,False,True,False
2026-10-04 02:00:00+07:00,22.1,25.5,92,0.0,70,5.7,0.0,14600.0,,,,alun_alun_malang,Alun-Alun Kota Malang,445,False,True,False
2026-10-04 03:00:00+07:00,21.8,25.4,95,0.0,58,5.3,0.0,10140.0,,,,alun_alun_malang,Alun-Alun Kota Malang,445,False,True,False
2026-10-04 04:00:00+07:00,21.9,25.5,94,0.0,45,4.5,0.0,5680.0,,,,alun_alun_malang,Alun-Alun Kota Malang,445,False,True,False
2026-10-04 05:00:00+07:00,22.3,25.8,88,0.0,33,2.8,0.0,12040.0,,,,alun_alun_malang,Alun-Alun Kota Malang,445,False,True,False
2026-10-04 06:00:00+07:00,23.0,26.4,80,0.0,20,0.6,0.25,18380.0,,,,alun_alun_malang,Alun-Alun Kota Malang,445,False,True,False
2026-10-04 07:00:00+07:00,24.1,27.1,71,0.0,12,1.5,1.75,24740.0,,,,alun_alun_malang,Alun-Alun Kota Malang,445,False,True,False
2026-10-04 08:00:00+07:00,26.0,28.4,61,0.0,11,2.9,3.9,28100.0,,,,alun_alun_malang,Alun-Alun Kota Malang,445,False,True,False
2026-10-04 09:00:00+07:00,28.2,31.1,51,0.0,14,4.1,5.75,31440.0,,,,alun_alun_malang,Alun-Alun Kota Malang,445,False,True,False
2026-10-04 10:00:00+07:00,30.1,33.5,44,0.0,21,5.4,7.3,34800.0,,,,alun_alun_malang,Alun-Alun Kota Malang,445,False,True,False
2026-10-04 11:00:00+07:00,31.3,34.7,40,0.0,33,7.0,9.55,36240.0,,,,alun_alun_malang,Alun-Alun Kota Malang,445,False,True,False
2026-10-04 12:00:00+07:00,32.2,35.3,37,0.0,49,8.7,9.1,37660.0,,,,alun_alun_malang,Alun-Alun Kota Malang,445,False,True,False
2026-10-04 13:00:00+07:00,32.7,35.2,35,0.0,60,9.9,7.45,39100.0,,,,alun_alun_malang,Alun-Alun Kota Malang,445,False,True,False
2026-10-04 14:00:00+07:00,32.0,34.2,39,0.0,40,7.7,4.55,35320.0,,,,alun_alun_malang,Alun-Alun Kota Malang,445,False,True,False
2026-10-04 15:00:00+07:00,30.8,32.8,44,0.0,42,5.1,2.8,31580.0,,,,alun_alun_malang,Alun-Alun Kota Malang,445,False,True,False
2026-10-04 16:00:00+07:00,29.2,31.8,52,0.0,45,2.9,1.35,27820.0,,,,alun_alun_malang,Alun-Alun Kota Malang,445,False,True,False
2026-10-04 17:00:00+07:00,27.4,30.5,63,0.0,50,4.2,0.4,24060.0,,,,alun_alun_malang,Alun-Alun Kota Malang,445,False,True,False
2026-10-04 18:00:00+07:00,25.8,29.1,74,0.0,54,6.8,0.0,20320.0,,,,alun_alun_malang,Alun-Alun Kota Malang,445,False,True,False
2026-10-04 19:00:00+07:00,24.6,28.1,83,0.0,59,8.4,0.0,16560.0,,,,alun_alun_malang,Alun-Alun Kota Malang,445,False,True,False
2026-10-04 20:00:00+07:00,23.9,27.5,89,0.0,65,8.9,0.0,16340.0,,,,alun_alun_malang,Alun-Alun Kota Malang,445,False,True,False
2026-10-04 21:00:00+07:00,23.5,27.2,92,0.0,73,8.3,0.0,16120.0,,,,alun_alun_malang,Alun-Alun Kota Malang,445,False,True,False
2026-10-04 22:00:00+07:00,23.2,27.0,93,0.0,81,7.3,0.0,15920.0,,,,alun_alun_malang,Alun-Alun Kota Malang,445,False,True,False
2026-10-04 23:00:00+07:00,23.0,26.9,93,0.0,88,6.0,0.0,15700.0,,,,alun_alun_malang,Alun-Alun Kota Malang,445,False,True,False
2026-09-26 00:00:00+07:00,23.7,27.5,95,0.0,28,10.5,0.0,1020.0,11.9,16.1,61.0,balekambang,Pantai Balekambang,5,False,True,False
2026-09-26 01:00:00+07:00,23.4,27.5,97,0.0,34,8.3,0.0,1080.0,11.9,16.1,61.0,balekambang,Pantai Balekambang,5,False,True,False
2026-09-26 02:00:00+07:00,23.1,27.6,98,0.0,53,6.0,0.0,780.0,11.7,15.9,61.0,balekambang,Pantai Balekambang,5,False,True,False
2026-09-26 03:00:00+07:00,23.3,28.0,96,0.0,100,4.6,0.0,600.0,10.6,14.3,61.0,balekambang,Pantai Balekambang,5,False,True,False
2026-09-26 04:00:00+07:00,23.3,27.8,94,0.0,94,3.5,0.0,340.0,10.0,13.5,61.0,balekambang,Pantai Balekambang,5,False,True,False
2026-09-26 05:00:00+07:00,23.1,27.5,93,0.0,52,3.1,0.0,280.0,11.2,14.4,60.0,balekambang,Pantai Balekambang,5,False,True,False
2026-09-26 06:00:00+07:00,23.1,27.4,92,0.0,32,2.5,0.15,280.0,11.4,14.5,60.0,balekambang,Pantai Balekambang,5,False,True,False
2026-09-26 07:00:00+07:00,25.1,29.1,78,0.0,0,2.5,1.35,21120.0,10.5,13.3,60.0,balekambang,Pantai Balekambang,5,False,True,False
2026-09-26 08:00:00+07:00,26.3,29.8,74,0.0,7,6.1,3.45,1920.0,12.2,14.7,60.0,balekambang,Pantai Balekambang,5,False,True,False
2026-09-26 09:00:00+07:00,27.0,31.2,75,0.0,4,9.7,5.7,5120.0,13.9,16.6,59.0,balekambang,Pantai Balekambang,5,False,True,False
2026-09-26 10:00:00+07:00,27.7,32.4,71,0.0,2,12.9,7.55,21120.0,14.5,17.3,59.0,balekambang,Pantai Balekambang,5,False,True,False
2026-09-26 11:00:00+07:00,27.9,32.7,68,0.0,2,14.7,8.6,10960.0,14.2,17.2,59.0,balekambang,Pantai Balekambang,5,False,True,False
2026-09-26 12:00:00+07:00,28.2,33.2,68,0.0,13,14.1,8.9,8560.0,13.4,16.6,58.0,balekambang,Pantai Balekambang,5,False,True,False
2026-09-26 13:00:00+07:00,28.6,33.6,69,0.0,25,14.9,8.4,2820.0,12.7,16.1,58.0,balekambang,Pantai Balekambang,5,False,True,False
2026-09-26 14:00:00+07:00,27.4,31.4,74,0.0,12,14.3,7.15,6400.0,12.3,16.3,58.0,balekambang,Pantai Balekambang,5,False,True,False
2026-09-26 15:00:00+07:00,27.0,30.2,74,0.0,5,13.3,5.1,15600.0,11.0,15.1,58.0,balekambang,Pantai Balekambang,5,False,True,False
2026-09-26 16:00:00+07:00,26.3,29.3,77,0.0,8,12.4,2.85,21120.0,9.8,13.5,57.0,balekambang,Pantai Balekambang,5,False,True,False
2026-09-26 17:00:00+07:00,25.0,28.1,82,0.0,8,11.5,0.9,18520.0,9.7,13.0,57.0,balekambang,Pantai Balekambang,5,False,True,False
2026-09-26 18:00:00+07:00,24.2,26.8,82,0.0,53,11.7,0.05,18080.0,11.7,14.4,57.0,balekambang,Pantai Balekambang,5,False,True,False
2026-09-26 19:00:00+07:00,24.5,26.9,81,0.0,77,12.6,0.0,18540.0,13.5,17.1,56.0,balekambang,Pantai Balekambang,5,False,True,False
2026-09-26 20:00:00+07:00,24.2,26.9,84,0.0,89,12.1,0.0,18540.0,16.5,20.1,56.0,balekambang,Pantai Balekambang,5,False,True,False
2026-09-26 21:00:00+07:00,24.0,26.9,87,0.0,77,12.3,0.0,16380.0,14.6,18.1,56.0,balekambang,Pantai Balekambang,5,False,True,False
2026-09-26 22:00:00+07:00,23.7,26.7,90,0.0,61,12.0,0.0,16380.0,12.0,15.4,56.0,balekambang,Pantai Balekambang,5,False,True,False
2026-09-26 23:00:00+07:00,23.5,26.7,92,0.0,61,11.4,0.0,13880.0,12.3,15.9,56.0,balekambang,Pantai Balekambang,5,False,True,False
2026-09-27 00:00:00+07:00,23.2,26.9,94,0.0,37,9.1,0.0,2120.0,12.0,15.7,56.0,balekambang,Pantai Balekambang,5,False,True,False
2026-09-27 01:00:00+07:00,22.1,26.4,97,0.0,47,2.3,0.0,860.0,13.0,16.9,56.0,balekambang,Pantai Balekambang,5,False,True,False
2026-09-27 02:00:00+07:00,21.7,25.5,96,0.0,95,3.3,0.0,880.0,13.7,17.8,56.0,balekambang,Pantai Balekambang,5,False,True,False
2026-09-27 03:00:00+07:00,21.7,25.3,94,0.0,100,3.6,0.0,1020.0,13.6,17.6,56.0,balekambang,Pantai Balekambang,5,False,True,False
2026-09-27 04:00:00+07:00,22.3,26.0,90,0.0,100,3.5,0.0,11080.0,12.8,16.7,57.0,balekambang,Pantai Balekambang,5,False,True,False
2026-09-27 05:00:00+07:00,22.4,26.2,91,0.0,100,3.0,0.0,11320.0,11.8,15.4,57.0,balekambang,Pantai Balekambang,5,False,True,False
2026-09-27 06:00:00+07:00,23.1,27.2,90,0.0,100,2.8,0.15,11840.0,12.3,15.8,57.0,balekambang,Pantai Balekambang,5,False,True,False
2026-09-27 07:00:00+07:00,25.1,29.7,81,0.0,51,0.9,1.4,18440.0,15.7,20.0,57.0,balekambang,Pantai Balekambang,5,False,True,False
2026-09-27 08:00:00+07:00,26.5,30.5,75,0.0,53,5.0,3.5,20860.0,15.8,19.0,57.0,balekambang,Pantai Balekambang,5,False,True,False
2026-09-27 09:00:00+07:00,27.3,31.3,73,0.0,16,9.5,5.75,20920.0,15.2,18.3,58.0,balekambang,Pantai Balekambang,5,False,True,False
2026-09-27 10:00:00+07:00,27.9,32.7,70,0.0,6,12.0,7.65,21120.0,15.8,18.9,58.0,balekambang,Pantai Balekambang,5,False,True,False
2026-09-27 11:00:00+07:00,28.4,33.5,65,0.0,2,11.9,8.8,23500.0,15.7,19.1,58.0,balekambang,Pantai Balekambang,5,False,True,False
2026-09-27 12:00:00+07:00,28.5,33.5,64,0.0,9,12.2,9.15,23500.0,15.7,19.2,58.0,balekambang,Pantai Balekambang,5,False,True,False
2026-09-27 13:00:00+07:00,29.3,33.7,62,0.0,9,14.3,8.6,23600.0,15.3,18.7,58.0,balekambang,Pantai Balekambang,5,False,True,False
2026-09-27 14:00:00+07:00,27.9,32.0,67,0.0,4,12.3,7.2,16140.0,15.4,18.9,58.0,balekambang,Pantai Balekambang,5,False,True,False
2026-09-27 15:00:00+07:00,27.4,30.7,67,0.0,3,9.1,5.15,17620.0,15.1,18.6,59.0,balekambang,Pantai Balekambang,5,False,True,False
2026-09-27 16:00:00+07:00,26.4,29.7,72,0.0,5,7.1,2.05,21200.0,15.5,19.6,59.0,balekambang,Pantai Balekambang,5,False,True,False
2026-09-27 17:00:00+07:00,25.1,28.7,80,0.0,4,6.4,0.9,18560.0,16.2,20.4,59.0,balekambang,Pantai Balekambang,5,False,True,False
2026-09-27 18:00:00+07:00,24.2,28.0,85,0.0,8,5.4,0.05,16380.0,19.9,24.0,60.0,balekambang,Pantai Balekambang,5,False,True,False
2026-09-27 19:00:00+07:00,24.3,27.7,84,0.0,20,8.3,0.0,18520.0,19.9,24.5,60.0,balekambang,Pantai Balekambang,5,False,True,False
2026-09-27 20:00:00+07:00,24.0,27.0,83,0.0,15,9.2,0.0,16960.0,25.8,30.0,61.0,balekambang,Pantai Balekambang,5,False,True,False
2026-09-27 21:00:00+07:00,23.9,27.1,86,0.0,7,9.2,0.0,15840.0,31.5,35.7,62.0,balekambang,Pantai Balekambang,5,False,True,False
2026-09-27 22:00:00+07:00,23.5,26.8,89,0.0,5,9.6,0.0,15840.0,31.4,34.9,63.0,balekambang,Pantai Balekambang,5,False,True,False
2026-09-27 23:00:00+07:00,23.2,26.8,92,0.0,5,7.8,0.0,13880.0,33.1,35.6,65.0,balekambang,Pantai Balekambang,5,False,True,False
2026-09-28 00:00:00+07:00,22.7,26.6,95,0.0,20,6.0,0.0,7520.0,36.4,38.6,66.0,balekambang,Pantai Balekambang,5,False,False,False
2026-09-28 01:00:00+07:00,23.1,27.5,96,0.0,52,4.7,0.0,1420.0,39.9,41.9,68.0,balekambang,Pantai Balekambang,5,False,False,False
2026-09-28 02:00:00+07:00,23.3,27.6,95,0.0,94,5.0,0.0,960.0,42.6,44.5,70.0,balekambang,Pantai Balekambang,5,False,False,False
2026-09-28 03:00:00+07:00,23.3,27.8,94,0.0,95,4.2,0.0,2760.0,45.3,47.1,73.0,balekambang,Pantai Balekambang,5,False,False,False
2026-09-28 04:00:00+07:00,23.5,27.9,93,0.0,100,4.2,0.0,7920.0,46.9,48.5,75.0,balekambang,Pantai Balekambang,5,False,False,False
2026-09-28 05:00:00+07:00,23.5,27.7,93,0.0,95,5.2,0.0,12120.0,46.1,48.0,78.0,balekambang,Pantai Balekambang,5,False,False,False
2026-09-28 06:00:00+07:00,23.9,27.9,89,0.0,43,6.5,0.15,15720.0,46.8,48.5,80.0,balekambang,Pantai Balekambang,5,False,False,False
2026-09-28 07:00:00+07:00,25.7,29.4,79,0.0,27,7.0,1.4,17360.0,26.4,29.5,83.0,balekambang,Pantai Balekambang,5,False,False,False
2026-09-28 08:00:00+07:00,27.0,30.1,71,0.0,34,9.3,3.45,21120.0,17.1,20.7,84.0,balekambang,Pantai Balekambang,5,False,False,False
2026-09-28 09:00:00+07:00,27.9,31.1,67,0.0,23,12.0,5.8,7280.0,16.1,20.2,84.0,balekambang,Pantai Balekambang,5,False,False,False
2026-09-28 10:00:00+07:00,28.6,32.3,61,0.0,2,13.5,7.7,6420.0,15.7,20.1,84.0,balekambang,Pantai Balekambang,5,False,False,False
2026-09-28 11:00:00+07:00,29.0,32.8,57,0.0,0,14.4,8.9,25820.0,15.1,19.9,84.0,balekambang,Pantai Balekambang,5,False,False,False
2026-09-28 12:00:00+07:00,28.9,32.7,59,0.0,0,16.1,9.15,25820.0,15.0,19.7,84.0,balekambang,Pantai Balekambang,5,False,False,False
2026-09-28 13:00:00+07:00,29.4,32.9,59,0.0,0,17.9,8.55,23500.0,14.5,19.2,84.0,balekambang,Pantai Balekambang,5,False,False,False
2026-09-28 14:00:00+07:00,28.1,31.4,66,0.0,3,17.5,7.15,23500.0,13.9,18.1,84.0,balekambang,Pantai Balekambang,5,False,False,False
2026-09-28 15:00:00+07:00,27.3,29.9,71,0.0,9,16.4,5.1,21120.0,13.6,17.8,84.0,balekambang,Pantai Balekambang,5,False,False,False
2026-09-28 16:00:00+07:00,26.3,28.9,77,0.0,28,15.1,2.8,21120.0,13.2,17.2,84.0,balekambang,Pantai Balekambang,5,False,False,False
2026-09-28 17:00:00+07:00,25.1,28.0,82,0.0,73,13.2,0.9,18520.0,12.6,16.1,84.0,balekambang,Pantai Balekambang,5,False,False,False
2026-09-28 18:00:00+07:00,24.2,27.0,85,0.0,93,12.1,0.05,18520.0,13.7,16.9,83.0,balekambang,Pantai Balekambang,5,False,False,False
2026-09-28 19:00:00+07:00,23.9,26.6,86,0.0,97,12.3,0.0,16380.0,18.6,21.7,83.0,balekambang,Pantai Balekambang,5,False,False,False
2026-09-28 20:00:00+07:00,23.6,26.0,85,0.0,85,12.8,0.0,18520.0,22.2,25.1,83.0,balekambang,Pantai Balekambang,5,False,False,False
2026-09-28 21:00:00+07:00,23.5,25.7,84,0.0,90,13.4,0.0,18520.0,26.3,29.2,82.0,balekambang,Pantai Balekambang,5,False,False,False
2026-09-28 22:00:00+07:00,23.3,25.7,85,0.0,97,11.9,0.0,18520.0,30.3,33.1,82.0,balekambang,Pantai Balekambang,5,False,False,False
2026-09-28 23:00:00+07:00,23.4,25.7,82,0.0,89,11.3,0.0,18520.0,33.2,35.6,82.0,balekambang,Pantai Balekambang,5,False,False,False
2026-09-29 00:00:00+07:00,23.2,25.5,81,0.0,89,10.0,0.0,18520.0,38.8,41.0,82.0,balekambang,Pantai Balekambang,5,False,False,False
2026-09-29 01:00:00+07:00,22.8,25.2,83,0.0,97,8.7,0.0,18520.0,45.1,47.0,82.0,balekambang,Pantai Balekambang,5,False,False,False
2026-09-29 02:00:00+07:00,22.0,24.8,88,0.0,100,7.2,0.0,16380.0,49.8,51.6,82.0,balekambang,Pantai Balekambang,5,False,False,False
2026-09-29 03:00:00+07:00,21.4,24.2,90,0.0,96,6.1,0.0,16380.0,51.6,53.2,83.0,balekambang,Pantai Balekambang,5,False,False,False
2026-09-29 04:00:00+07:00,20.9,23.7,92,0.0,95,5.2,0.0,13880.0,51.5,53.1,84.0,balekambang,Pantai Balekambang,5,False,False,False
2026-09-29 05:00:00+07:00,20.5,23.3,92,0.0,64,4.2,0.0,560.0,53.3,55.1,84.0,balekambang,Pantai Balekambang,5,False,False,False
2026-09-29 06:00:00+07:00,21.4,24.3,87,0.0,52,3.2,0.15,15680.0,54.1,56.2,84.0,balekambang,Pantai Balekambang,5,False,False,False
2026-09-29 07:00:00+07:00,25.0,29.1,81,0.0,33,3.4,1.45,5740.0,41.9,44.8,85.0,balekambang,Pantai Balekambang,5,False,False,False
2026-09-29 08:00:00+07:00,26.8,30.2,72,0.0,63,7.8,3.55,21120.0,23.2,26.3,86.0,balekambang,Pantai Balekambang,5,False,False,False
2026-09-29 09:00:00+07:00,27.6,31.1,69,0.0,29,11.0,5.85,23500.0,18.4,21.5,87.0,balekambang,Pantai Balekambang,5,False,False,False
2026-09-29 10:00:00+07:00,28.2,32.2,64,0.0,7,13.3,7.75,23500.0,16.2,19.3,87.0,balekambang,Pantai Balekambang,5,False,False,False
2026-09-29 11:00:00+07:00,28.5,32.7,62,0.0,1,14.9,8.95,23500.0,14.5,17.6,87.0,balekambang,Pantai Balekambang,5,False,False,False
2026-09-29 12:00:00+07:00,28.5,33.0,64,0.0,2,15.4,9.25,23500.0,14.2,17.8,87.0,balekambang,Pantai Balekambang,5,False,False,False
2026-09-29 13:00:00+07:00,28.4,32.6,66,0.0,6,16.2,8.65,23500.0,13.0,16.5,87.0,balekambang,Pantai Balekambang,5,False,False,False
2026-09-29 14:00:00+07:00,28.0,31.8,69,0.0,16,16.2,7.2,20960.0,12.0,15.6,87.0,balekambang,Pantai Balekambang,5,False,False,False
2026-09-29 15:00:00+07:00,27.5,30.0,70,0.0,41,15.4,5.15,11940.0,11.7,15.1,87.0,balekambang,Pantai Balekambang,5,False,False,False
2026-09-29 16:00:00+07:00,26.9,29.1,71,0.0,48,14.8,2.85,12500.0,11.3,14.5,86.0,balekambang,Pantai Balekambang,5,False,False,False
2026-09-29 17:00:00+07:00,25.9,28.3,75,0.0,65,13.7,0.9,13000.0,11.8,15.0,86.0,balekambang,Pantai Balekambang,5,False,False,False
2026-09-29 18:00:00+07:00,24.9,28.2,85,0.0,22,11.7,0.05,16060.0,12.5,15.4,86.0,balekambang,Pantai Balekambang,5,False,False,False
2026-09-29 19:00:00+07:00,24.5,28.0,87,0.0,31,10.8,0.0,14540.0,15.8,18.6,86.0,balekambang,Pantai Balekambang,5,False,False,False
2026-09-29 20:00:00+07:00,24.4,27.7,88,0.0,25,11.3,0.0,15080.0,22.0,25.1,86.0,balekambang,Pantai Balekambang,5,False,False,False
2026-09-29 21:00:00+07:00,24.2,27.7,90,0.0,19,10.8,0.0,15040.0,21.1,24.6,86.0,balekambang,Pantai Balekambang,5,False,False,False
2026-09-29 22:00:00+07:00,24.0,27.6,91,0.0,23,10.2,0.0,12960.0,21.9,25.3,85.0,balekambang,Pantai Balekambang,5,False,False,False
2026-09-29 23:00:00+07:00,23.8,27.5,92,0.0,35,9.5,0.0,2440.0,18.0,21.3,85.0,balekambang,Pantai Balekambang,5,False,False,False
2026-09-30 00:00:00+07:00,23.6,27.5,92,0.0,34,8.5,0.0,1120.0,17.1,20.4,84.0,balekambang,Pantai Balekambang,5,False,False,False
2026-09-30 01:00:00+07:00,23.5,27.4,93,0.0,27,7.3,0.0,1240.0,18.4,21.8,82.0,balekambang,Pantai Balekambang,5,False,False,False
2026-09-30 02:00:00+07:00,23.4,27.4,93,0.0,36,7.0,0.0,1600.0,21.4,25.0,80.0,balekambang,Pantai Balekambang,5,False,False,False
2026-09-30 03:00:00+07:00,23.4,27.4,93,0.0,42,7.0,0.0,2760.0,24.2,27.8,78.0,balekambang,Pantai Balekambang,5,False,False,False
2026-09-30 04:00:00+07:00,23.3,27.2,93,0.0,46,7.0,0.0,13280.0,22.4,25.8,75.0,balekambang,Pantai Balekambang,5,False,False,False
2026-09-30 05:00:00+07:00,23.2,27.0,92,0.0,16,7.6,0.0,13320.0,21.7,24.9,73.0,balekambang,Pantai Balekambang,5,False,False,False
2026-09-30 06:00:00+07:00,24.0,27.7,88,0.0,5,7.7,0.15,15980.0,24.6,27.6,71.0,balekambang,Pantai Balekambang,5,False,False,False
2026-09-30 07:00:00+07:00,26.1,29.5,78,0.0,15,10.4,1.15,20840.0,20.0,23.2,68.0,balekambang,Pantai Balekambang,5,False,False,False
2026-09-30 08:00:00+07:00,27.5,30.0,71,0.0,9,15.2,3.3,20960.0,16.0,19.6,67.0,balekambang,Pantai Balekambang,5,False,False,False
2026-09-30 09:00:00+07:00,28.3,31.2,68,0.0,14,17.1,5.35,18220.0,14.8,18.3,66.0,balekambang,Pantai Balekambang,5,False,False,False
2026-09-30 10:00:00+07:00,28.7,32.2,66,0.0,16,18.1,7.0,23500.0,12.9,16.3,66.0,balekambang,Pantai Balekambang,5,False,False,False
2026-09-30 11:00:00+07:00,28.9,32.9,64,0.0,31,17.6,7.55,23500.0,12.0,15.4,66.0,balekambang,Pantai Balekambang,5,False,False,False
2026-09-30 12:00:00+07:00,29.0,33.0,64,0.0,47,17.7,9.3,23500.0,12.2,15.7,65.0,balekambang,Pantai Balekambang,5,False,False,False
2026-09-30 13:00:00+07:00,28.8,32.7,66,0.0,88,17.2,8.7,14600.0,11.8,15.1,65.0,balekambang,Pantai Balekambang,5,False,False,False
2026-09-30 14:00:00+07:00,27.9,30.7,70,0.1,92,16.8,6.7,13020.0,10.6,13.8,65.0,balekambang,Pantai Balekambang,5,False,False,False
2026-09-30 15:00:00+07:00,27.4,30.0,72,0.1,95,15.3,3.35,10980.0,9.9,13.0,65.0,balekambang,Pantai Balekambang,5,False,False,False
2026-09-30 16:00:00+07:00,26.7,29.4,76,0.2,97,15.1,0.55,9100.0,10.8,14.1,65.0,balekambang,Pantai Balekambang,5,False,False,False
2026-09-30 17:00:00+07:00,25.9,28.9,81,0.1,36,14.1,0.2,12980.0,13.1,16.1,65.0,balekambang,Pantai Balekambang,5,False,False,False
2026-09-30 18:00:00+07:00,25.0,28.4,86,0.0,24,12.3,0.0,14980.0,16.2,19.4,65.0,balekambang,Pantai Balekambang,5,False,False,False
2026-09-30 19:00:00+07:00,24.7,28.2,89,0.0,16,12.3,0.0,15380.0,16.5,18.9,65.0,balekambang,Pantai Balekambang,5,False,False,False
2026-09-30 20:00:00+07:00,24.5,28.1,91,0.0,16,12.0,0.0,12320.0,15.0,17.4,65.0,balekambang,Pantai Balekambang,5,False,False,False
2026-09-30 21:00:00+07:00,24.2,27.9,92,0.0,18,11.3,0.0,12840.0,15.5,18.0,65.0,balekambang,Pantai Balekambang,5,False,False,False
2026-09-30 22:00:00+07:00,24.1,28.0,92,0.0,20,9.9,0.0,10040.0,16.5,19.2,64.0,balekambang,Pantai Balekambang,5,False,False,False
2026-09-30 23:00:00+07:00,23.8,27.7,93,0.0,27,9.4,0.0,6600.0,17.5,20.3,64.0,balekambang,Pantai Balekambang,5,False,False,False
2026-10-01 00:00:00+07:00,23.7,27.4,92,0.0,16,10.1,0.0,6580.0,20.1,23.3,64.0,balekambang,Pantai Balekambang,5,False,False,False
2026-10-01 01:00:00+07:00,23.6,27.0,92,0.0,10,11.1,0.0,13560.0,23.1,26.4,64.0,balekambang,Pantai Balekambang,5,False,False,False
2026-10-01 02:00:00+07:00,23.6,26.9,92,0.0,14,11.4,0.0,13340.0,25.9,29.4,64.0,balekambang,Pantai Balekambang,5,False,False,False
2026-10-01 03:00:00+07:00,23.5,26.8,92,0.0,30,11.6,0.0,12860.0,27.6,31.3,65.0,balekambang,Pantai Balekambang,5,False,False,False
2026-10-01 04:00:00+07:00,23.4,26.7,92,0.0,48,11.6,0.0,12580.0,26.2,29.8,65.0,balekambang,Pantai Balekambang,5,False,False,False
2026-10-01 05:00:00+07:00,23.3,26.3,92,0.0,48,12.0,0.0,12640.0,25.0,28.6,65.0,balekambang,Pantai Balekambang,5,False,False,False
2026-10-01 06:00:00+07:00,24.0,27.0,86,0.0,70,11.9,0.2,15440.0,25.7,29.2,66.0,balekambang,Pantai Balekambang,5,False,False,False
2026-10-01 07:00:00+07:00,25.9,28.7,77,0.0,39,12.6,1.45,20500.0,23.4,26.8,66.0,balekambang,Pantai Balekambang,5,False,False,False
2026-10-01 08:00:00+07:00,27.4,29.7,70,0.0,15,15.4,3.6,21000.0,16.8,20.7,66.0,balekambang,Pantai Balekambang,5,False,False,False
2026-10-01 09:00:00+07:00,28.4,31.3,66,0.0,9,16.8,5.9,23500.0,14.7,18.6,66.0,balekambang,Pantai Balekambang,5,False,False,False
2026-10-01 10:00:00+07:00,29.1,32.5,63,0.0,9,18.5,7.8,23500.0,13.9,17.7,66.0,balekambang,Pantai Balekambang,5,False,False,False
2026-10-01 11:00:00+07:00,29.3,33.0,62,0.0,15,19.7,9.0,14800.0,13.7,17.6,66.0,balekambang,Pantai Balekambang,5,False,False,False
2026-10-01 12:00:00+07:00,29.3,33.0,62,0.0,30,20.0,9.3,15900.0,14.1,18.1,66.0,balekambang,Pantai Balekambang,5,False,False,False
2026-10-01 13:00:00+07:00,29.2,32.2,59,0.0,45,19.7,8.65,25820.0,14.0,18.0,66.0,balekambang,Pantai Balekambang,5,False,False,False
2026-10-01 14:00:00+07:00,28.9,31.4,58,0.0,96,18.4,7.2,25920.0,14.3,18.3,66.0,balekambang,Pantai Balekambang,5,False,False,False
2026-10-01 15:00:00+07:00,28.2,30.3,64,0.0,95,16.8,5.15,23600.0,13.9,17.9,67.0,balekambang,Pantai Balekambang,5,False,False,False
2026-10-01 16:00:00+07:00,27.0,29.2,73,0.0,93,17.2,2.85,21160.0,14.1,18.2,67.0,balekambang,Pantai Balekambang,5,False,False,False
2026-10-01 17:00:00+07:00,25.7,28.2,81,0.0,79,16.2,0.9,17180.0,14.6,18.9,67.0,balekambang,Pantai Balekambang,5,False,False,False
2026-10-01 18:00:00+07:00,24.9,27.9,86,0.0,71,14.8,0.05,15560.0,17.5,21.5,67.0,balekambang,Pantai Balekambang,5,False,False,False
2026-10-01 19:00:00+07:00,24.9,27.7,85,0.0,77,15.1,0.0,16260.0,20.7,24.7,68.0,balekambang,Pantai Balekambang,5,False,False,False
2026-10-01 20:00:00+07:00,24.7,27.6,86,0.0,91,14.1,0.0,14500.0,23.7,27.6,68.0,balekambang,Pantai Balekambang,5,False,False,False
2026-10-01 21:00:00+07:00,24.6,27.7,88,0.0,77,13.5,0.0,14600.0,26.4,30.2,69.0,balekambang,Pantai Balekambang,5,False,False,False
2026-10-01 22:00:00+07:00,24.4,27.6,89,0.0,20,13.3,0.0,14680.0,27.5,31.3,69.0,balekambang,Pantai Balekambang,5,False,False,False
2026-10-01 23:00:00+07:00,24.2,27.6,89,0.0,37,11.6,0.0,15540.0,27.8,31.3,70.0,balekambang,Pantai Balekambang,5,False,False,False
2026-10-02 00:00:00+07:00,24.1,27.8,90,0.0,45,9.6,0.0,15060.0,29.0,32.5,71.0,balekambang,Pantai Balekambang,5,False,False,False
2026-10-02 01:00:00+07:00,24.1,27.9,90,0.0,40,9.1,0.0,11020.0,31.0,34.5,72.0,balekambang,Pantai Balekambang,5,False,False,False
2026-10-02 02:00:00+07:00,23.8,27.8,94,0.0,37,9.1,0.0,11920.0,31.3,34.6,72.0,balekambang,Pantai Balekambang,5,False,False,False
2026-10-02 03:00:00+07:00,23.7,27.8,95,0.0,67,8.1,0.0,9220.0,30.4,33.6,73.0,balekambang,Pantai Balekambang,5,False,False,False
2026-10-02 04:00:00+07:00,23.6,27.5,95,0.0,83,9.0,0.0,9740.0,29.5,32.7,73.0,balekambang,Pantai Balekambang,5,False,False,False
2026-10-02 05:00:00+07:00,23.6,27.3,94,0.0,58,10.1,0.0,12520.0,28.9,32.0,73.0,balekambang,Pantai Balekambang,5,False,False,False
2026-10-02 06:00:00+07:00,24.4,27.9,88,0.0,37,10.7,0.2,15520.0,31.7,34.7,74.0,balekambang,Pantai Balekambang,5,False,False,False
2026-10-02 07:00:00+07:00,26.2,29.3,76,0.0,31,11.0,1.5,20920.0,23.4,27.0,74.0,balekambang,Pantai Balekambang,5,False,False,False
2026-10-02 08:00:00+07:00,27.2,30.0,70,0.0,26,12.4,3.6,21780.0,16.9,21.0,74.0,balekambang,Pantai Balekambang,5,False,False,False
2026-10-02 09:00:00+07:00,28.2,31.1,65,0.0,25,14.7,5.8,22640.0,15.4,19.4,74.0,balekambang,Pantai Balekambang,5,False,False,False
2026-10-02 10:00:00+07:00,29.0,32.4,62,0.0,23,16.4,7.8,23500.0,14.6,18.6,74.0,balekambang,Pantai Balekambang,5,False,False,False
2026-10-02 11:00:00+07:00,29.3,33.3,61,0.0,12,16.5,8.95,23500.0,14.4,18.7,74.0,balekambang,Pantai Balekambang,5,False,False,False
2026-10-02 12:00:00+07:00,29.3,33.7,62,0.0,0,15.9,9.25,23500.0,14.4,18.8,74.0,balekambang,Pantai Balekambang,5,False,False,False
2026-10-02 13:00:00+07:00,29.1,33.5,63,0.0,1,15.2,8.6,23500.0,13.7,18.0,74.0,balekambang,Pantai Balekambang,5,False,False,False
2026-10-02 14:00:00+07:00,28.6,32.6,66,0.0,29,14.9,7.2,22700.0,12.7,16.9,74.0,balekambang,Pantai Balekambang,5,False,False,False
2026-10-02 15:00:00+07:00,27.9,31.0,70,0.0,70,14.6,5.1,21920.0,12.2,16.5,74.0,balekambang,Pantai Balekambang,5,False,False,False
2026-10-02 16:00:00+07:00,27.1,30.0,74,0.0,99,14.1,2.8,21120.0,12.0,16.5,74.0,balekambang,Pantai Balekambang,5,False,False,False
2026-10-02 17:00:00+07:00,26.4,29.5,78,0.0,100,12.8,0.9,19820.0,12.0,16.5,74.0,balekambang,Pantai Balekambang,5,False,False,False
2026-10-02 18:00:00+07:00,25.7,29.1,82,0.0,100,11.3,0.05,18540.0,14.3,18.3,74.0,balekambang,Pantai Balekambang,5,False,False,False
2026-10-02 19:00:00+07:00,25.1,28.7,85,0.0,92,10.6,0.0,17240.0,16.0,20.1,73.0,balekambang,Pantai Balekambang,5,False,False,False
2026-10-02 20:00:00+07:00,24.9,28.6,87,0.0,77,10.6,0.0,16180.0,17.0,21.0,73.0,balekambang,Pantai Balekambang,5,False,False,False
2026-10-02 21:00:00+07:00,24.9,28.6,88,0.0,57,11.1,0.0,15140.0,17.7,21.8,73.0,balekambang,Pantai Balekambang,5,False,False,False
2026-10-02 22:00:00+07:00,24.8,28.6,89,0.0,45,11.3,0.0,14080.0,18.1,22.4,72.0,balekambang,Pantai Balekambang,5,False,False,False
2026-10-02 23:00:00+07:00,24.5,28.3,91,0.0,47,10.8,0.0,11740.0,18.0,22.1,71.0,balekambang,Pantai Balekambang,5,False,False,False
2026-10-03 00:00:00+07:00,24.2,28.1,92,0.0,56,10.1,0.0,9400.0,19.2,23.2,70.0,balekambang,Pantai Balekambang,5,False,True,False
2026-10-03 01:00:00+07:00,23.9,27.8,93,0.0,65,9.7,0.0,7060.0,19.8,23.6,70.0,balekambang,Pantai Balekambang,5,False,True,False
2026-10-03 02:00:00+07:00,23.7,27.6,94,0.1,75,9.7,0.0,7900.0,20.0,23.6,69.0,balekambang,Pantai Balekambang,5,False,True,False
2026-10-03 03:00:00+07:00,23.7,27.4,94,0.1,86,10.1,0.0,8760.0,20.1,23.5,68.0,balekambang,Pantai Balekambang,5,False,True,False
2026-10-03 04:00:00+07:00,23.8,27.5,92,0.1,86,10.6,0.0,9600.0,20.4,23.5,67.0,balekambang,Pantai Balekambang,5,False,True,False
2026-10-03 05:00:00+07:00,24.3,27.8,89,0.0,67,11.4,0.0,11880.0,21.7,24.6,66.0,balekambang,Pantai Balekambang,5,False,True,False
2026-10-03 06:00:00+07:00,25.1,28.3,85,0.0,37,12.3,0.2,14160.0,24.8,27.5,66.0,balekambang,Pantai Balekambang,5,False,True,False
2026-10-03 07:00:00+07:00,26.0,29.0,79,0.0,14,13.1,1.5,16440.0,18.5,21.6,65.0,balekambang,Pantai Balekambang,5,False,True,False
2026-10-03 08:00:00+07:00,27.1,29.8,72,0.0,4,14.2,3.65,18800.0,,,65.0,balekambang,Pantai Balekambang,5,False,True,False
2026-10-03 09:00:00+07:00,28.4,31.1,65,0.0,1,15.8,5.9,21140.0,,,,balekambang,Pantai Balekambang,5,False,True,False
2026-10-03 10:00:00+07:00,29.3,32.6,61,0.0,1,16.9,7.8,23500.0,,,,balekambang,Pantai Balekambang,5,False,True,False
2026-10-03 11:00:00+07:00,29.6,33.6,60,0.0,3,17.2,9.0,23500.0,,,,balekambang,Pantai Balekambang,5,False,True,False
2026-10-03 12:00:00+07:00,29.6,33.9,61,0.0,8,17.0,9.3,23500.0,,,,balekambang,Pantai Balekambang,5,False,True,False
2026-10-03 13:00:00+07:00,29.3,33.5,63,0.0,20,16.8,8.65,23500.0,,,,balekambang,Pantai Balekambang,5,False,True,False
2026-10-03 14:00:00+07:00,28.8,32.5,66,0.0,46,16.9,7.25,19980.0,,,,balekambang,Pantai Balekambang,5,False,True,False
2026-10-03 15:00:00+07:00,28.1,30.7,68,0.0,79,17.0,5.1,16480.0,,,,balekambang,Pantai Balekambang,5,False,True,False
2026-10-03 16:00:00+07:00,27.4,29.8,72,0.0,96,17.0,2.8,12960.0,,,,balekambang,Pantai Balekambang,5,False,True,False
2026-10-03 17:00:00+07:00,26.7,29.3,77,0.0,82,16.6,0.9,13000.0,,,,balekambang,Pantai Balekambang,5,False,True,False
2026-10-03 18:00:00+07:00,26.0,29.0,82,0.0,53,15.9,0.05,13060.0,,,,balekambang,Pantai Balekambang,5,False,True,False
2026-10-03 19:00:00+07:00,25.4,28.6,86,0.0,30,15.3,0.0,13100.0,,,,balekambang,Pantai Balekambang,5,False,True,False
2026-10-03 20:00:00+07:00,25.0,28.3,88,0.1,22,14.8,0.0,12100.0,,,,balekambang,Pantai Balekambang,5,False,True,False
2026-10-03 21:00:00+07:00,24.8,28.0,89,0.1,21,14.3,0.0,11100.0,,,,balekambang,Pantai Balekambang,5,False,True,False
2026-10-03 22:00:00+07:00,24.5,27.8,89,0.1,22,13.9,0.0,10100.0,,,,balekambang,Pantai Balekambang,5,False,True,False
2026-10-03 23:00:00+07:00,24.3,27.5,91,0.0,24,13.6,0.0,10280.0,,,,balekambang,Pantai Balekambang,5,False,True,False
2026-10-04 00:00:00+07:00,24.0,27.3,92,0.0,27,13.2,0.0,10480.0,,,,balekambang,Pantai Balekambang,5,False,True,False
2026-10-04 01:00:00+07:00,23.8,27.1,92,0.0,29,13.1,0.0,10660.0,,,,balekambang,Pantai Balekambang,5,False,True,False
2026-10-04 02:00:00+07:00,23.6,26.8,93,0.0,28,13.0,0.0,11060.0,,,,balekambang,Pantai Balekambang,5,False,True,False
2026-10-04 03:00:00+07:00,23.4,26.4,93,0.0,25,13.2,0.0,11480.0,,,,balekambang,Pantai Balekambang,5,False,True,False
2026-10-04 04:00:00+07:00,23.5,26.4,91,0.0,21,13.4,0.0,11880.0,,,,balekambang,Pantai Balekambang,5,False,True,False
2026-10-04 05:00:00+07:00,24.3,27.1,86,0.0,14,13.5,0.0,14520.0,,,,balekambang,Pantai Balekambang,5,False,True,False
2026-10-04 06:00:00+07:00,25.4,28.1,80,0.0,6,13.9,0.25,17140.0,,,,balekambang,Pantai Balekambang,5,False,True,False
2026-10-04 07:00:00+07:00,26.5,29.1,75,0.0,5,14.6,1.7,19780.0,,,,balekambang,Pantai Balekambang,5,False,True,False
2026-10-04 08:00:00+07:00,27.6,29.8,69,0.0,16,16.2,3.65,21020.0,,,,balekambang,Pantai Balekambang,5,False,True,False
2026-10-04 09:00:00+07:00,28.7,31.2,64,0.0,35,18.5,5.4,22240.0,,,,balekambang,Pantai Balekambang,5,False,True,False
2026-10-04 10:00:00+07:00,29.4,32.5,61,0.0,53,20.1,7.0,23480.0,,,,balekambang,Pantai Balekambang,5,False,True,False
2026-10-04 11:00:00+07:00,29.6,33.1,61,0.0,70,20.9,8.95,23480.0,,,,balekambang,Pantai Balekambang,5,False,True,False
2026-10-04 12:00:00+07:00,29.3,33.1,64,0.0,86,21.3,9.1,23480.0,,,,balekambang,Pantai Balekambang,5,False,True,False
2026-10-04 13:00:00+07:00,29.1,32.8,66,0.0,97,21.3,8.25,23480.0,,,,balekambang,Pantai Balekambang,5,False,True,False
2026-10-04 14:00:00+07:00,28.9,31.5,68,0.1,75,21.9,6.25,20980.0,,,,balekambang,Pantai Balekambang,5,False,True,False
2026-10-04 15:00:00+07:00,28.3,30.4,71,0.1,77,21.5,4.45,18480.0,,,,balekambang,Pantai Balekambang,5,False,True,False
2026-10-04 16:00:00+07:00,27.5,29.8,76,0.1,80,20.8,2.6,16000.0,,,,balekambang,Pantai Balekambang,5,False,True,False
2026-10-04 17:00:00+07:00,26.6,29.3,81,0.1,83,19.9,0.95,13500.0,,,,balekambang,Pantai Balekambang,5,False,True,False
2026-10-04 18:00:00+07:00,25.9,28.8,86,0.1,86,18.9,0.05,11000.0,,,,balekambang,Pantai Balekambang,5,False,True,False
2026-10-04 19:00:00+07:00,25.3,28.3,90,0.1,88,18.3,0.0,8500.0,,,,balekambang,Pantai Balekambang,5,False,True,False
2026-10-04 20:00:00+07:00,24.9,28.0,92,0.1,91,17.7,0.0,8900.0,,,,balekambang,Pantai Balekambang,5,False,True,False
2026-10-04 21:00:00+07:00,24.5,27.7,93,0.1,94,17.2,0.0,9300.0,,,,balekambang,Pantai Balekambang,5,False,True,False
2026-10-04 22:00:00+07:00,24.2,27.4,94,0.1,97,16.6,0.0,9720.0,,,,balekambang,Pantai Balekambang,5,False,True,False
2026-10-04 23:00:00+07:00,24.0,27.1,94,0.1,99,16.2,0.0,10120.0,,,,balekambang,Pantai Balekambang,5,False,True,False
2026-09-26 00:00:00+07:00,19.9,21.7,82,0.0,9,3.9,0.0,25320.0,45.3,47.5,127.0,bns,Batu Night Spectacular,870,False,True,False
2026-09-26 01:00:00+07:00,19.7,21.2,81,0.0,2,4.7,0.0,25340.0,45.8,47.8,123.0,bns,Batu Night Spectacular,870,False,True,False
2026-09-26 02:00:00+07:00,19.3,21.0,82,0.0,1,2.9,0.0,25340.0,50.2,52.2,121.0,bns,Batu Night Spectacular,870,False,True,False
2026-09-26 03:00:00+07:00,19.0,20.7,81,0.0,0,1.9,0.0,28680.0,48.2,50.6,119.0,bns,Batu Night Spectacular,870,False,True,False
2026-09-26 04:00:00+07:00,18.7,20.4,82,0.0,0,1.2,0.0,28660.0,47.1,49.7,116.0,bns,Batu Night Spectacular,870,False,True,False
2026-09-26 05:00:00+07:00,18.3,19.8,83,0.0,0,1.9,0.0,25320.0,49.6,52.2,115.0,bns,Batu Night Spectacular,870,False,True,False
2026-09-26 06:00:00+07:00,19.1,20.3,77,0.0,0,3.7,0.15,28620.0,44.5,47.1,114.0,bns,Batu Night Spectacular,870,False,True,False
2026-09-26 07:00:00+07:00,24.1,23.5,41,0.0,5,3.7,1.45,42100.0,35.2,37.5,112.0,bns,Batu Night Spectacular,870,False,True,False
2026-09-26 08:00:00+07:00,26.5,25.2,31,0.0,17,5.5,3.65,42080.0,29.9,30.6,112.0,bns,Batu Night Spectacular,870,False,True,False
2026-09-26 09:00:00+07:00,28.4,28.0,28,0.0,27,6.8,5.95,42080.0,27.6,28.5,111.0,bns,Batu Night Spectacular,870,False,True,False
2026-09-26 10:00:00+07:00,29.4,29.7,28,0.0,41,10.1,7.9,42100.0,27.9,28.9,111.0,bns,Batu Night Spectacular,870,False,True,False
2026-09-26 11:00:00+07:00,29.8,30.7,29,0.0,5,10.7,9.15,42140.0,27.4,28.4,111.0,bns,Batu Night Spectacular,870,False,True,False
2026-09-26 12:00:00+07:00,30.1,31.3,30,0.0,13,11.2,8.5,42180.0,27.1,28.1,111.0,bns,Batu Night Spectacular,870,False,True,False
2026-09-26 13:00:00+07:00,30.2,31.7,32,0.0,17,10.4,3.9,42220.0,27.0,28.0,111.0,bns,Batu Night Spectacular,870,False,True,False
2026-09-26 14:00:00+07:00,28.6,29.3,39,0.0,10,11.7,2.45,39020.0,26.9,28.2,111.0,bns,Batu Night Spectacular,870,False,True,False
2026-09-26 15:00:00+07:00,27.2,27.5,48,0.0,77,12.3,1.95,34500.0,25.9,27.1,112.0,bns,Batu Night Spectacular,870,False,True,False
2026-09-26 16:00:00+07:00,24.9,25.6,58,0.0,30,10.3,0.8,34580.0,25.8,27.0,135.0,bns,Batu Night Spectacular,870,False,True,False
2026-09-26 17:00:00+07:00,23.5,24.9,64,0.0,7,5.8,0.5,29620.0,34.5,35.5,149.0,bns,Batu Night Spectacular,870,False,True,False
2026-09-26 18:00:00+07:00,22.4,24.3,69,0.0,20,2.5,0.05,31700.0,58.2,59.6,147.0,bns,Batu Night Spectacular,870,False,True,False
2026-09-26 19:00:00+07:00,22.3,23.5,65,0.0,33,4.6,0.0,31660.0,82.4,84.8,130.0,bns,Batu Night Spectacular,870,False,True,False
2026-09-26 20:00:00+07:00,21.6,23.0,70,0.0,31,4.0,0.0,31660.0,95.9,98.0,114.0,bns,Batu Night Spectacular,870,False,True,False
2026-09-26 21:00:00+07:00,21.0,22.6,74,0.0,52,4.2,0.0,28640.0,100.8,102.9,119.0,bns,Batu Night Spectacular,870,False,True,False
2026-09-26 22:00:00+07:00,20.8,22.5,76,0.0,58,4.0,0.0,28660.0,107.3,109.2,124.0,bns,Batu Night Spectacular,870,False,True,False
2026-09-26 23:00:00+07:00,20.5,21.9,77,0.0,61,5.4,0.0,28660.0,111.1,112.9,130.0,bns,Batu Night Spectacular,870,False,True,False
2026-09-27 00:00:00+07:00,20.3,21.5,76,0.0,6,6.1,0.0,28680.0,107.1,108.7,136.0,bns,Batu Night Spectacular,870,False,True,False
2026-09-27 01:00:00+07:00,19.6,19.2,63,0.0,0,7.8,0.0,31740.0,94.3,96.4,143.0,bns,Batu Night Spectacular,870,False,True,False
2026-09-27 02:00:00+07:00,19.2,18.9,60,0.0,20,5.1,0.0,34580.0,87.5,89.9,148.0,bns,Batu Night Spectacular,870,False,True,False
2026-09-27 03:00:00+07:00,18.8,18.5,59,0.0,30,4.1,0.0,34580.0,79.9,82.2,151.0,bns,Batu Night Spectacular,870,False,True,False
2026-09-27 04:00:00+07:00,18.4,18.2,60,0.0,16,2.8,0.0,34560.0,72.9,75.2,151.0,bns,Batu Night Spectacular,870,False,True,False
2026-09-27 05:00:00+07:00,18.1,18.1,65,0.0,9,2.8,0.0,31700.0,66.6,68.9,152.0,bns,Batu Night Spectacular,870,False,True,False
2026-09-27 06:00:00+07:00,19.1,19.4,66,0.0,8,3.5,0.15,31660.0,66.4,68.5,153.0,bns,Batu Night Spectacular,870,False,True,False
2026-09-27 07:00:00+07:00,23.3,22.7,39,0.0,2,2.0,1.45,42140.0,31.9,34.6,153.0,bns,Batu Night Spectacular,870,False,True,False
2026-09-27 08:00:00+07:00,25.5,24.7,36,0.0,0,4.8,3.65,42120.0,24.3,25.1,153.0,bns,Batu Night Spectacular,870,False,True,False
2026-09-27 09:00:00+07:00,27.5,27.4,33,0.0,0,8.0,5.85,42120.0,21.0,21.5,153.0,bns,Batu Night Spectacular,870,False,True,False
2026-09-27 10:00:00+07:00,28.6,28.8,31,0.0,2,10.4,7.5,42140.0,20.7,21.3,153.0,bns,Batu Night Spectacular,870,False,True,False
2026-09-27 11:00:00+07:00,29.3,29.5,29,0.0,15,12.7,8.6,42160.0,21.2,22.0,153.0,bns,Batu Night Spectacular,870,False,True,False
2026-09-27 12:00:00+07:00,29.9,30.4,28,0.0,24,13.8,2.75,42180.0,22.2,23.0,153.0,bns,Batu Night Spectacular,870,False,True,False
2026-09-27 13:00:00+07:00,30.1,30.9,28,0.0,20,10.4,1.2,42220.0,22.8,23.6,152.0,bns,Batu Night Spectacular,870,False,True,False
2026-09-27 14:00:00+07:00,28.4,28.6,36,0.0,31,11.6,0.65,14020.0,23.3,24.2,152.0,bns,Batu Night Spectacular,870,False,True,False
2026-09-27 15:00:00+07:00,25.5,25.7,55,0.1,36,12.0,0.95,10980.0,23.5,24.4,152.0,bns,Batu Night Spectacular,870,False,True,False
2026-09-27 16:00:00+07:00,24.4,25.7,65,0.1,40,9.2,1.0,18020.0,24.0,25.2,152.0,bns,Batu Night Spectacular,870,False,True,False
2026-09-27 17:00:00+07:00,22.7,24.7,72,0.0,53,4.8,0.55,8160.0,27.5,29.0,152.0,bns,Batu Night Spectacular,870,False,True,False
2026-09-27 18:00:00+07:00,21.4,24.0,80,0.2,27,2.3,0.05,14580.0,38.2,39.6,152.0,bns,Batu Night Spectacular,870,False,True,False
2026-09-27 19:00:00+07:00,21.1,24.1,88,0.0,23,2.6,0.0,7420.0,61.5,62.9,151.0,bns,Batu Night Spectacular,870,False,True,False
2026-09-27 20:00:00+07:00,21.1,24.1,87,0.0,6,2.4,0.0,7480.0,69.2,70.8,151.0,bns,Batu Night Spectacular,870,False,True,False
2026-09-27 21:00:00+07:00,20.5,23.8,91,0.0,13,0.6,0.0,7940.0,83.1,84.8,149.0,bns,Batu Night Spectacular,870,False,True,False
2026-09-27 22:00:00+07:00,20.2,23.1,89,0.0,8,1.7,0.0,3460.0,78.5,80.3,147.0,bns,Batu Night Spectacular,870,False,True,False
2026-09-27 23:00:00+07:00,19.9,22.5,89,0.0,13,2.3,0.0,1980.0,79.6,80.8,144.0,bns,Batu Night Spectacular,870,False,True,False
2026-09-28 00:00:00+07:00,19.7,22.1,87,0.0,8,1.5,0.0,2560.0,81.3,82.2,141.0,bns,Batu Night Spectacular,870,False,False,False
2026-09-28 01:00:00+07:00,19.2,21.4,87,0.0,9,2.1,0.0,2480.0,81.0,82.2,138.0,bns,Batu Night Spectacular,870,False,False,False
2026-09-28 02:00:00+07:00,18.9,20.8,85,0.0,5,2.4,0.0,2120.0,78.7,79.4,137.0,bns,Batu Night Spectacular,870,False,False,False
2026-09-28 03:00:00+07:00,18.9,20.5,81,0.0,5,2.2,0.0,2420.0,76.1,77.1,136.0,bns,Batu Night Spectacular,870,False,False,False
2026-09-28 04:00:00+07:00,18.6,19.9,79,0.0,3,2.7,0.0,3260.0,72.6,73.1,136.0,bns,Batu Night Spectacular,870,False,False,False
2026-09-28 05:00:00+07:00,18.5,19.6,76,0.0,2,1.9,0.0,4660.0,70.3,71.0,136.0,bns,Batu Night Spectacular,870,False,False,False
2026-09-28 06:00:00+07:00,19.8,20.7,69,0.0,1,2.6,0.15,17460.0,71.9,72.6,136.0,bns,Batu Night Spectacular,870,False,False,False
2026-09-28 07:00:00+07:00,21.9,23.1,62,0.0,0,1.9,1.5,31560.0,44.9,46.2,137.0,bns,Batu Night Spectacular,870,False,False,False
2026-09-28 08:00:00+07:00,24.0,24.8,56,0.0,0,5.2,3.7,34400.0,28.7,30.5,138.0,bns,Batu Night Spectacular,870,False,False,False
2026-09-28 09:00:00+07:00,25.7,27.5,55,0.0,0,9.4,6.05,14020.0,27.2,29.0,139.0,bns,Batu Night Spectacular,870,False,False,False
2026-09-28 10:00:00+07:00,27.0,29.3,51,0.0,14,11.2,7.35,14380.0,26.1,28.0,139.0,bns,Batu Night Spectacular,870,False,False,False
2026-09-28 11:00:00+07:00,27.8,29.8,45,0.0,30,12.6,5.2,13420.0,25.3,27.2,140.0,bns,Batu Night Spectacular,870,False,False,False
2026-09-28 12:00:00+07:00,28.4,30.3,41,0.0,70,11.8,1.3,38960.0,24.9,26.8,140.0,bns,Batu Night Spectacular,870,False,False,False
2026-09-28 13:00:00+07:00,29.2,31.0,38,0.0,50,9.0,0.85,39000.0,23.9,26.0,140.0,bns,Batu Night Spectacular,870,False,False,False
2026-09-28 14:00:00+07:00,28.4,29.3,43,0.0,20,9.9,0.9,39000.0,22.5,25.0,141.0,bns,Batu Night Spectacular,870,False,False,False
2026-09-28 15:00:00+07:00,27.6,28.3,48,0.0,99,9.3,0.55,39020.0,22.1,25.0,140.0,bns,Batu Night Spectacular,870,False,False,False
2026-09-28 16:00:00+07:00,26.3,27.4,55,0.0,100,8.8,0.3,34520.0,23.7,26.3,140.0,bns,Batu Night Spectacular,870,False,False,False
2026-09-28 17:00:00+07:00,24.4,26.1,65,0.0,70,7.1,0.25,31660.0,29.3,31.7,140.0,bns,Batu Night Spectacular,870,False,False,False
2026-09-28 18:00:00+07:00,22.8,25.3,76,0.0,51,3.9,0.05,28640.0,46.4,48.8,140.0,bns,Batu Night Spectacular,870,False,False,False
2026-09-28 19:00:00+07:00,22.0,25.1,82,0.0,81,1.5,0.0,25280.0,59.6,61.7,141.0,bns,Batu Night Spectacular,870,False,False,False
2026-09-28 20:00:00+07:00,21.3,24.4,85,0.0,84,1.3,0.0,2120.0,72.2,74.0,141.0,bns,Batu Night Spectacular,870,False,False,False
2026-09-28 21:00:00+07:00,20.7,23.5,87,0.0,75,2.1,0.0,740.0,85.0,86.6,141.0,bns,Batu Night Spectacular,870,False,False,False
2026-09-28 22:00:00+07:00,20.3,22.9,86,0.0,77,2.1,0.0,700.0,92.7,94.1,142.0,bns,Batu Night Spectacular,870,False,False,False
2026-09-28 23:00:00+07:00,19.7,22.1,87,0.0,80,1.9,0.0,880.0,91.3,92.7,143.0,bns,Batu Night Spectacular,870,False,False,False
2026-09-29 00:00:00+07:00,19.1,21.2,88,0.0,80,2.8,0.0,1000.0,92.4,93.4,144.0,bns,Batu Night Spectacular,870,False,False,False
2026-09-29 01:00:00+07:00,18.8,20.7,88,0.0,88,3.3,0.0,1280.0,94.1,95.0,146.0,bns,Batu Night Spectacular,870,False,False,False
2026-09-29 02:00:00+07:00,18.6,20.3,87,0.0,83,3.3,0.0,880.0,94.3,95.2,147.0,bns,Batu Night Spectacular,870,False,False,False
2026-09-29 03:00:00+07:00,18.6,20.4,85,0.0,55,2.4,0.0,880.0,91.5,92.4,148.0,bns,Batu Night Spectacular,870,False,False,False
2026-09-29 04:00:00+07:00,18.6,20.2,83,0.0,19,2.2,0.0,960.0,85.2,86.4,150.0,bns,Batu Night Spectacular,870,False,False,False
2026-09-29 05:00:00+07:00,18.7,20.2,81,0.0,15,1.9,0.0,1160.0,85.4,86.6,150.0,bns,Batu Night Spectacular,870,False,False,False
2026-09-29 06:00:00+07:00,20.1,21.5,74,0.0,11,2.4,0.15,3200.0,86.6,88.0,151.0,bns,Batu Night Spectacular,870,False,False,False
2026-09-29 07:00:00+07:00,23.1,24.7,61,0.0,12,1.8,1.5,31560.0,64.7,67.3,151.0,bns,Batu Night Spectacular,870,False,False,False
2026-09-29 08:00:00+07:00,25.6,26.4,51,0.0,11,5.0,3.7,34400.0,43.0,44.6,152.0,bns,Batu Night Spectacular,870,False,False,False
2026-09-29 09:00:00+07:00,27.7,29.0,43,0.0,11,7.5,6.05,38860.0,34.8,36.7,152.0,bns,Batu Night Spectacular,870,False,False,False
2026-09-29 10:00:00+07:00,28.7,30.6,42,0.0,0,10.9,8.0,38900.0,33.3,34.9,153.0,bns,Batu Night Spectacular,870,False,False,False
2026-09-29 11:00:00+07:00,29.4,31.6,40,0.0,5,12.0,9.25,38940.0,33.6,35.3,153.0,bns,Batu Night Spectacular,870,False,False,False
2026-09-29 12:00:00+07:00,29.6,31.8,40,0.0,13,12.2,4.4,29640.0,33.9,35.4,153.0,bns,Batu Night Spectacular,870,False,False,False
2026-09-29 13:00:00+07:00,28.8,30.3,43,0.0,21,10.1,1.05,21340.0,34.6,36.0,153.0,bns,Batu Night Spectacular,870,False,False,False
2026-09-29 14:00:00+07:00,28.0,29.9,47,0.0,41,6.7,0.55,22400.0,31.5,32.9,154.0,bns,Batu Night Spectacular,870,False,False,False
2026-09-29 15:00:00+07:00,27.4,28.4,48,0.0,52,7.8,0.65,39020.0,33.5,35.0,154.0,bns,Batu Night Spectacular,870,False,False,False
2026-09-29 16:00:00+07:00,25.8,26.4,53,0.0,44,8.3,1.05,34540.0,36.3,37.8,154.0,bns,Batu Night Spectacular,870,False,False,False
2026-09-29 17:00:00+07:00,23.7,24.9,64,0.0,36,7.7,0.95,23740.0,35.5,36.7,155.0,bns,Batu Night Spectacular,870,False,False,False
2026-09-29 18:00:00+07:00,22.2,24.2,75,0.0,10,5.7,0.05,24020.0,31.4,32.0,155.0,bns,Batu Night Spectacular,870,False,False,False
2026-09-29 19:00:00+07:00,21.2,23.7,84,0.0,13,4.4,0.0,23780.0,40.2,40.7,154.0,bns,Batu Night Spectacular,870,False,False,False
2026-09-29 20:00:00+07:00,20.7,23.7,89,0.0,14,2.2,0.0,21940.0,43.5,44.2,154.0,bns,Batu Night Spectacular,870,False,False,False
2026-09-29 21:00:00+07:00,20.5,23.8,91,0.0,22,0.8,0.0,5040.0,40.4,41.2,153.0,bns,Batu Night Spectacular,870,False,False,False
2026-09-29 22:00:00+07:00,20.2,23.3,92,0.0,28,1.8,0.0,800.0,40.7,41.7,152.0,bns,Batu Night Spectacular,870,False,False,False
2026-09-29 23:00:00+07:00,19.5,22.4,95,0.0,32,2.2,0.0,340.0,37.0,38.1,150.0,bns,Batu Night Spectacular,870,False,False,False
2026-09-30 00:00:00+07:00,19.0,21.7,95,0.0,38,2.5,0.0,320.0,31.3,32.2,144.0,bns,Batu Night Spectacular,870,False,False,False
2026-09-30 01:00:00+07:00,18.4,20.8,94,0.0,38,2.2,0.0,340.0,31.4,32.5,138.0,bns,Batu Night Spectacular,870,False,False,False
2026-09-30 02:00:00+07:00,18.1,20.2,92,0.0,35,2.3,0.0,460.0,34.9,36.1,131.0,bns,Batu Night Spectacular,870,False,False,False
2026-09-30 03:00:00+07:00,18.0,19.8,90,0.0,38,2.2,0.0,620.0,38.9,39.8,125.0,bns,Batu Night Spectacular,870,False,False,False
2026-09-30 04:00:00+07:00,18.0,19.6,88,0.0,31,2.7,0.0,860.0,41.4,42.4,120.0,bns,Batu Night Spectacular,870,False,False,False
2026-09-30 05:00:00+07:00,18.2,19.7,84,0.0,35,3.2,0.0,960.0,44.8,45.6,115.0,bns,Batu Night Spectacular,870,False,False,False
2026-09-30 06:00:00+07:00,20.0,21.4,76,0.0,49,3.7,0.2,6160.0,51.3,52.0,111.0,bns,Batu Night Spectacular,870,False,False,False
2026-09-30 07:00:00+07:00,22.5,24.1,65,0.0,22,2.2,1.5,31600.0,38.4,39.2,107.0,bns,Batu Night Spectacular,870,False,False,False
2026-09-30 08:00:00+07:00,25.3,25.7,49,0.0,4,5.5,3.75,38880.0,29.2,30.7,105.0,bns,Batu Night Spectacular,870,False,False,False
2026-09-30 09:00:00+07:00,27.4,28.3,41,0.0,1,7.9,6.05,38880.0,25.5,27.0,103.0,bns,Batu Night Spectacular,870,False,False,False
2026-09-30 10:00:00+07:00,28.5,29.7,39,0.0,9,11.5,5.25,38900.0,23.9,25.1,102.0,bns,Batu Night Spectacular,870,False,False,False
2026-09-30 11:00:00+07:00,29.0,30.6,39,0.0,20,12.7,1.5,38940.0,23.7,25.0,101.0,bns,Batu Night Spectacular,870,False,False,False
2026-09-30 12:00:00+07:00,29.0,30.3,41,0.0,43,12.7,0.9,38980.0,24.2,25.4,100.0,bns,Batu Night Spectacular,870,False,False,False
2026-09-30 13:00:00+07:00,29.4,30.8,41,0.0,64,11.4,0.7,38940.0,25.2,26.3,99.0,bns,Batu Night Spectacular,870,False,False,False
2026-09-30 14:00:00+07:00,28.3,29.0,45,0.0,46,11.7,0.7,39020.0,25.3,26.4,99.0,bns,Batu Night Spectacular,870,False,False,False
2026-09-30 15:00:00+07:00,26.4,27.0,54,0.0,59,11.1,0.45,33740.0,25.6,27.0,98.0,bns,Batu Night Spectacular,870,False,False,False
2026-09-30 16:00:00+07:00,23.9,25.3,70,0.0,72,11.2,0.25,11800.0,33.5,34.7,97.0,bns,Batu Night Spectacular,870,False,False,False
2026-09-30 17:00:00+07:00,22.1,24.4,84,0.1,80,8.8,0.3,13040.0,32.7,33.6,97.0,bns,Batu Night Spectacular,870,False,False,False
2026-09-30 18:00:00+07:00,21.2,24.5,93,0.0,100,4.0,0.0,10460.0,22.7,23.6,97.0,bns,Batu Night Spectacular,870,False,False,False
2026-09-30 19:00:00+07:00,21.3,24.8,93,0.0,88,2.5,0.0,14500.0,22.2,22.6,96.0,bns,Batu Night Spectacular,870,False,False,False
2026-09-30 20:00:00+07:00,21.1,24.8,95,0.0,36,2.5,0.0,12880.0,22.6,23.0,95.0,bns,Batu Night Spectacular,870,False,False,False
2026-09-30 21:00:00+07:00,20.9,24.7,96,0.0,16,1.9,0.0,13900.0,27.8,28.2,93.0,bns,Batu Night Spectacular,870,False,False,False
2026-09-30 22:00:00+07:00,20.8,24.5,96,0.0,17,2.2,0.0,2560.0,33.5,34.1,92.0,bns,Batu Night Spectacular,870,False,False,False
2026-09-30 23:00:00+07:00,20.6,24.3,97,0.0,16,2.1,0.0,5220.0,40.2,40.6,92.0,bns,Batu Night Spectacular,870,False,False,False
2026-10-01 00:00:00+07:00,20.2,23.7,97,0.0,15,2.1,0.0,2740.0,44.9,45.5,92.0,bns,Batu Night Spectacular,870,False,False,False
2026-10-01 01:00:00+07:00,19.7,22.9,97,0.0,24,1.9,0.0,840.0,46.9,47.5,93.0,bns,Batu Night Spectacular,870,False,False,False
2026-10-01 02:00:00+07:00,19.2,22.2,95,0.0,35,1.4,0.0,460.0,47.1,47.8,94.0,bns,Batu Night Spectacular,870,False,False,False
2026-10-01 03:00:00+07:00,18.9,21.6,94,0.0,42,1.7,0.0,420.0,47.0,47.8,95.0,bns,Batu Night Spectacular,870,False,False,False
2026-10-01 04:00:00+07:00,18.7,21.1,93,0.0,61,2.3,0.0,460.0,45.1,45.9,96.0,bns,Batu Night Spectacular,870,False,False,False
2026-10-01 05:00:00+07:00,18.7,21.1,91,0.0,66,2.1,0.0,480.0,45.8,46.6,96.0,bns,Batu Night Spectacular,870,False,False,False
2026-10-01 06:00:00+07:00,19.9,22.2,85,0.0,14,2.6,0.2,1320.0,50.6,51.6,96.0,bns,Batu Night Spectacular,870,False,False,False
2026-10-01 07:00:00+07:00,22.2,25.0,78,0.0,7,1.7,1.55,28600.0,36.4,37.8,96.0,bns,Batu Night Spectacular,870,False,False,False
2026-10-01 08:00:00+07:00,24.2,26.2,67,0.0,33,5.8,3.75,31580.0,27.1,29.5,96.0,bns,Batu Night Spectacular,870,False,False,False
2026-10-01 09:00:00+07:00,25.9,28.1,59,0.0,55,9.6,6.1,31580.0,23.5,26.0,96.0,bns,Batu Night Spectacular,870,False,False,False
2026-10-01 10:00:00+07:00,27.2,30.0,54,0.0,48,10.7,7.95,34480.0,21.7,24.1,96.0,bns,Batu Night Spectacular,870,False,False,False
2026-10-01 11:00:00+07:00,28.2,30.8,49,0.0,64,11.7,7.9,34540.0,26.3,28.9,96.0,bns,Batu Night Spectacular,870,False,False,False
2026-10-01 12:00:00+07:00,28.0,31.5,54,0.3,93,11.4,5.05,4500.0,22.1,24.4,96.0,bns,Batu Night Spectacular,870,False,False,False
2026-10-01 13:00:00+07:00,28.0,31.4,56,0.9,84,10.3,1.9,4940.0,22.6,24.7,96.0,bns,Batu Night Spectacular,870,False,False,False
2026-10-01 14:00:00+07:00,27.9,30.5,53,0.6,84,9.7,0.75,6220.0,28.5,30.7,95.0,bns,Batu Night Spectacular,870,False,False,False
2026-10-01 15:00:00+07:00,26.8,28.2,57,0.4,94,10.1,0.35,7800.0,31.0,33.1,96.0,bns,Batu Night Spectacular,870,False,False,False
2026-10-01 16:00:00+07:00,25.8,27.6,62,0.2,94,7.7,0.2,25360.0,28.6,30.6,96.0,bns,Batu Night Spectacular,870,False,False,False
2026-10-01 17:00:00+07:00,24.7,26.8,68,0.0,47,6.9,0.1,31720.0,29.1,30.7,96.0,bns,Batu Night Spectacular,870,False,False,False
2026-10-01 18:00:00+07:00,23.1,26.0,78,0.0,38,4.3,0.0,28680.0,33.8,35.3,95.0,bns,Batu Night Spectacular,870,False,False,False
2026-10-01 19:00:00+07:00,22.1,25.4,86,0.0,40,2.5,0.0,22560.0,37.1,38.5,96.0,bns,Batu Night Spectacular,870,False,False,False
2026-10-01 20:00:00+07:00,21.0,24.5,93,0.0,30,2.8,0.0,19340.0,40.9,42.3,97.0,bns,Batu Night Spectacular,870,False,False,False
2026-10-01 21:00:00+07:00,20.6,24.1,96,0.0,31,2.1,0.0,1520.0,44.9,46.3,99.0,bns,Batu Night Spectacular,870,False,False,False
2026-10-01 22:00:00+07:00,20.4,23.9,96,0.0,39,1.4,0.0,840.0,50.4,51.7,100.0,bns,Batu Night Spectacular,870,False,False,False
2026-10-01 23:00:00+07:00,20.0,23.4,96,0.0,69,1.2,0.0,600.0,51.9,53.2,102.0,bns,Batu Night Spectacular,870,False,False,False
2026-10-02 00:00:00+07:00,19.7,23.0,96,0.0,100,0.9,0.0,680.0,48.3,49.6,103.0,bns,Batu Night Spectacular,870,False,False,False
2026-10-02 01:00:00+07:00,19.6,22.9,96,0.0,100,0.8,0.0,1280.0,41.4,42.4,104.0,bns,Batu Night Spectacular,870,False,False,False
2026-10-02 02:00:00+07:00,19.3,22.6,98,0.0,100,0.3,0.0,2400.0,36.8,37.6,103.0,bns,Batu Night Spectacular,870,False,False,False
2026-10-02 03:00:00+07:00,19.0,22.3,99,0.1,100,0.3,0.0,1600.0,33.6,34.6,102.0,bns,Batu Night Spectacular,870,False,False,False
2026-10-02 04:00:00+07:00,18.9,22.2,100,0.1,100,0.7,0.0,320.0,32.6,33.5,101.0,bns,Batu Night Spectacular,870,False,False,False
2026-10-02 05:00:00+07:00,18.7,21.8,100,0.0,100,1.1,0.0,300.0,32.5,33.3,99.0,bns,Batu Night Spectacular,870,False,False,False
2026-10-02 06:00:00+07:00,19.5,22.6,97,0.0,100,2.2,0.2,1440.0,39.3,40.4,98.0,bns,Batu Night Spectacular,870,False,False,False
2026-10-02 07:00:00+07:00,21.7,25.1,87,0.0,100,1.9,1.55,18320.0,29.7,32.0,98.0,bns,Batu Night Spectacular,870,False,False,False
2026-10-02 08:00:00+07:00,23.2,26.1,79,0.3,86,4.4,3.75,13540.0,24.0,27.0,97.0,bns,Batu Night Spectacular,870,False,False,False
2026-10-02 09:00:00+07:00,24.8,27.9,70,0.3,67,7.3,6.15,8740.0,20.3,22.8,97.0,bns,Batu Night Spectacular,870,False,False,False
2026-10-02 10:00:00+07:00,26.1,29.7,64,0.3,57,9.2,8.05,3960.0,20.0,22.4,96.0,bns,Batu Night Spectacular,870,False,False,False
2026-10-02 11:00:00+07:00,27.1,31.2,59,0.7,64,9.3,9.2,3940.0,19.3,21.5,96.0,bns,Batu Night Spectacular,870,False,False,False
2026-10-02 12:00:00+07:00,27.8,31.8,55,0.7,80,8.5,7.95,3920.0,19.6,21.8,96.0,bns,Batu Night Spectacular,870,False,False,False
2026-10-02 13:00:00+07:00,28.0,31.4,54,0.7,92,7.9,3.4,3900.0,20.3,22.4,96.0,bns,Batu Night Spectacular,870,False,False,False
2026-10-02 14:00:00+07:00,27.4,29.6,56,1.1,97,7.9,1.0,5560.0,24.2,26.3,95.0,bns,Batu Night Spectacular,870,False,False,False
2026-10-02 15:00:00+07:00,26.3,28.2,61,1.1,98,8.0,0.65,7200.0,28.1,30.3,95.0,bns,Batu Night Spectacular,870,False,False,False
2026-10-02 16:00:00+07:00,25.1,27.2,67,1.1,99,7.6,1.25,8860.0,29.6,31.4,95.0,bns,Batu Night Spectacular,870,False,False,False
2026-10-02 17:00:00+07:00,23.8,26.3,74,0.0,100,6.3,0.8,11680.0,21.4,22.8,95.0,bns,Batu Night Spectacular,870,False,False,False
2026-10-02 18:00:00+07:00,22.4,25.3,83,0.0,100,5.2,0.0,14500.0,28.1,29.3,94.0,bns,Batu Night Spectacular,870,False,False,False
2026-10-02 19:00:00+07:00,21.3,24.4,91,0.0,100,4.8,0.0,17320.0,31.9,33.3,94.0,bns,Batu Night Spectacular,870,False,False,False
2026-10-02 20:00:00+07:00,20.7,24.0,95,0.0,88,3.2,0.0,11700.0,34.2,35.9,93.0,bns,Batu Night Spectacular,870,False,False,False
2026-10-02 21:00:00+07:00,20.3,23.9,97,0.0,72,1.2,0.0,6100.0,34.9,36.7,93.0,bns,Batu Night Spectacular,870,False,False,False
2026-10-02 22:00:00+07:00,20.0,23.5,98,0.0,64,0.9,0.0,480.0,36.0,37.7,92.0,bns,Batu Night Spectacular,870,False,False,False
2026-10-02 23:00:00+07:00,19.7,23.1,98,0.0,72,1.2,0.0,460.0,36.1,37.8,91.0,bns,Batu Night Spectacular,870,False,False,False
2026-10-03 00:00:00+07:00,19.4,22.7,97,0.0,88,1.2,0.0,440.0,38.4,39.9,90.0,bns,Batu Night Spectacular,870,False,True,False
2026-10-03 01:00:00+07:00,19.3,22.4,96,0.0,99,0.9,0.0,420.0,40.5,41.9,89.0,bns,Batu Night Spectacular,870,False,True,False
2026-10-03 02:00:00+07:00,19.1,22.1,95,0.0,100,1.0,0.0,620.0,42.1,43.5,89.0,bns,Batu Night Spectacular,870,False,True,False
2026-10-03 03:00:00+07:00,19.0,21.9,95,0.0,100,1.2,0.0,800.0,44.0,45.4,89.0,bns,Batu Night Spectacular,870,False,True,False
2026-10-03 04:00:00+07:00,19.2,22.0,93,0.0,92,1.0,0.0,1000.0,45.5,47.0,90.0,bns,Batu Night Spectacular,870,False,True,False
2026-10-03 05:00:00+07:00,19.7,22.6,91,0.0,69,0.5,0.0,8580.0,48.5,50.2,91.0,bns,Batu Night Spectacular,870,False,True,False
2026-10-03 06:00:00+07:00,20.4,23.5,89,0.0,39,0.4,0.2,16180.0,55.5,57.5,92.0,bns,Batu Night Spectacular,870,False,True,False
2026-10-03 07:00:00+07:00,21.5,24.4,83,0.0,18,1.7,1.55,23760.0,42.0,44.4,94.0,bns,Batu Night Spectacular,870,False,True,False
2026-10-03 08:00:00+07:00,23.2,25.8,74,0.0,15,3.8,3.8,18600.0,,,95.0,bns,Batu Night Spectacular,870,False,True,False
2026-10-03 09:00:00+07:00,25.4,28.0,64,0.0,22,6.4,6.15,13440.0,,,,bns,Batu Night Spectacular,870,False,True,False
2026-10-03 10:00:00+07:00,27.0,30.1,57,0.0,30,8.4,7.5,8280.0,,,,bns,Batu Night Spectacular,870,False,True,False
2026-10-03 11:00:00+07:00,27.7,30.9,54,0.5,39,10.0,6.75,8320.0,,,,bns,Batu Night Spectacular,870,False,True,False
2026-10-03 12:00:00+07:00,27.9,30.9,53,0.5,50,11.1,2.75,8360.0,,,,bns,Batu Night Spectacular,870,False,True,False
2026-10-03 13:00:00+07:00,27.8,30.2,53,0.5,56,11.9,0.9,8400.0,,,,bns,Batu Night Spectacular,870,False,True,False
2026-10-03 14:00:00+07:00,27.5,28.9,52,0.0,53,12.1,1.25,17120.0,,,,bns,Batu Night Spectacular,870,False,True,False
2026-10-03 15:00:00+07:00,27.0,27.4,51,0.0,46,12.0,0.7,25820.0,,,,bns,Batu Night Spectacular,870,False,True,False
2026-10-03 16:00:00+07:00,26.2,26.7,54,0.0,37,10.6,0.4,34540.0,,,,bns,Batu Night Spectacular,870,False,True,False
2026-10-03 17:00:00+07:00,24.6,26.1,63,0.0,26,7.0,0.15,26860.0,,,,bns,Batu Night Spectacular,870,False,True,False
2026-10-03 18:00:00+07:00,22.6,25.4,78,0.0,13,2.9,0.0,19160.0,,,,bns,Batu Night Spectacular,870,False,True,False
2026-10-03 19:00:00+07:00,21.2,24.5,92,0.0,9,3.1,0.0,11480.0,,,,bns,Batu Night Spectacular,870,False,True,False
2026-10-03 20:00:00+07:00,20.8,24.3,97,0.0,18,3.5,0.0,7880.0,,,,bns,Batu Night Spectacular,870,False,True,False
2026-10-03 21:00:00+07:00,20.9,24.5,96,0.0,34,3.2,0.0,4280.0,,,,bns,Batu Night Spectacular,870,False,True,False
2026-10-03 22:00:00+07:00,20.9,24.5,96,0.0,51,2.8,0.0,680.0,,,,bns,Batu Night Spectacular,870,False,True,False
2026-10-03 23:00:00+07:00,20.5,23.9,97,0.0,70,3.0,0.0,520.0,,,,bns,Batu Night Spectacular,870,False,True,False
2026-10-04 00:00:00+07:00,19.9,23.1,99,0.0,91,3.4,0.0,380.0,,,,bns,Batu Night Spectacular,870,False,True,False
2026-10-04 01:00:00+07:00,19.4,22.4,100,0.0,100,3.9,0.0,220.0,,,,bns,Batu Night Spectacular,870,False,True,False
2026-10-04 02:00:00+07:00,19.0,21.9,100,0.0,91,3.7,0.0,320.0,,,,bns,Batu Night Spectacular,870,False,True,False
2026-10-04 03:00:00+07:00,18.8,21.6,100,0.0,71,2.9,0.0,400.0,,,,bns,Batu Night Spectacular,870,False,True,False
2026-10-04 04:00:00+07:00,19.0,21.8,97,0.0,52,2.1,0.0,500.0,,,,bns,Batu Night Spectacular,870,False,True,False
2026-10-04 05:00:00+07:00,19.8,22.7,90,0.0,36,1.0,0.0,9860.0,,,,bns,Batu Night Spectacular,870,False,True,False
2026-10-04 06:00:00+07:00,21.1,24.0,82,0.0,22,0.4,0.25,19220.0,,,,bns,Batu Night Spectacular,870,False,True,False
2026-10-04 07:00:00+07:00,22.5,25.1,75,0.0,13,2.2,1.8,28580.0,,,,bns,Batu Night Spectacular,870,False,True,False
2026-10-04 08:00:00+07:00,24.3,26.3,66,0.0,13,5.0,4.2,30540.0,,,,bns,Batu Night Spectacular,870,False,True,False
2026-10-04 09:00:00+07:00,26.2,28.6,58,0.0,19,8.2,6.05,32500.0,,,,bns,Batu Night Spectacular,870,False,True,False
2026-10-04 10:00:00+07:00,27.7,30.5,52,0.0,27,10.7,7.3,34460.0,,,,bns,Batu Night Spectacular,870,False,True,False
2026-10-04 11:00:00+07:00,28.7,31.5,49,0.0,39,11.7,8.95,36000.0,,,,bns,Batu Night Spectacular,870,False,True,False
2026-10-04 12:00:00+07:00,29.3,32.0,46,0.0,54,12.2,7.9,37560.0,,,,bns,Batu Night Spectacular,870,False,True,False
2026-10-04 13:00:00+07:00,29.6,32.0,45,0.0,64,12.4,5.7,39100.0,,,,bns,Batu Night Spectacular,870,False,True,False
2026-10-04 14:00:00+07:00,28.7,30.5,48,0.3,41,10.3,2.75,16060.0,,,,bns,Batu Night Spectacular,870,False,True,False
2026-10-04 15:00:00+07:00,27.6,29.1,53,0.3,39,8.1,1.4,16120.0,,,,bns,Batu Night Spectacular,870,False,True,False
2026-10-04 16:00:00+07:00,26.1,28.3,61,0.3,38,5.5,0.65,16180.0,,,,bns,Batu Night Spectacular,870,False,True,False
2026-10-04 17:00:00+07:00,24.5,27.5,71,0.3,39,3.1,0.2,16220.0,,,,bns,Batu Night Spectacular,870,False,True,False
2026-10-04 18:00:00+07:00,23.1,26.4,82,0.3,41,3.2,0.0,16280.0,,,,bns,Batu Night Spectacular,870,False,True,False
2026-10-04 19:00:00+07:00,22.0,25.5,90,0.3,45,4.1,0.0,16340.0,,,,bns,Batu Night Spectacular,870,False,True,False
2026-10-04 20:00:00+07:00,21.4,24.9,95,0.0,52,4.6,0.0,13640.0,,,,bns,Batu Night Spectacular,870,False,True,False
2026-10-04 21:00:00+07:00,20.9,24.5,98,0.0,64,4.3,0.0,10960.0,,,,bns,Batu Night Spectacular,870,False,True,False
2026-10-04 22:00:00+07:00,20.6,24.2,100,0.0,77,3.8,0.0,8260.0,,,,bns,Batu Night Spectacular,870,False,True,False
2026-10-04 23:00:00+07:00,20.4,24.0,100,0.0,89,3.1,0.0,5560.0,,,,bns,Batu Night Spectacular,870,False,True,False
2026-09-26 00:00:00+07:00,10.1,10.0,100,0.0,93,1.5,0.0,340.0,33.4,37.0,87.0,bromo,Gunung Bromo (kawah),2177,False,True,False
2026-09-26 01:00:00+07:00,11.8,11.7,89,0.0,23,0.5,0.0,1000.0,39.2,43.2,86.0,bromo,Gunung Bromo (kawah),2177,False,True,False
2026-09-26 02:00:00+07:00,12.9,12.5,76,0.0,13,1.3,0.0,1620.0,44.1,48.5,87.0,bromo,Gunung Bromo (kawah),2177,False,True,False
2026-09-26 03:00:00+07:00,12.5,11.8,73,0.0,7,0.7,0.0,2280.0,44.7,48.9,88.0,bromo,Gunung Bromo (kawah),2177,False,True,False
2026-09-26 04:00:00+07:00,11.5,10.5,75,0.0,3,1.9,0.0,3000.0,50.4,52.4,89.0,bromo,Gunung Bromo (kawah),2177,False,True,False
2026-09-26 05:00:00+07:00,10.9,9.7,78,0.0,3,3.3,0.0,4780.0,56.1,57.4,90.0,bromo,Gunung Bromo (kawah),2177,False,True,False
2026-09-26 06:00:00+07:00,12.1,11.4,84,0.0,16,4.1,0.2,7920.0,59.6,60.8,91.0,bromo,Gunung Bromo (kawah),2177,False,True,False
2026-09-26 07:00:00+07:00,14.8,13.2,64,0.0,12,7.2,1.5,45880.0,33.4,37.6,92.0,bromo,Gunung Bromo (kawah),2177,False,True,False
2026-09-26 08:00:00+07:00,17.1,15.5,49,0.0,24,4.7,3.75,53600.0,26.7,28.4,92.0,bromo,Gunung Bromo (kawah),2177,False,True,False
2026-09-26 09:00:00+07:00,18.9,18.2,41,0.0,18,6.2,6.1,53560.0,22.8,23.9,91.0,bromo,Gunung Bromo (kawah),2177,False,True,False
2026-09-26 10:00:00+07:00,19.8,20.7,42,0.0,20,5.3,8.05,53620.0,21.7,22.8,91.0,bromo,Gunung Bromo (kawah),2177,False,True,False
2026-09-26 11:00:00+07:00,19.6,20.8,46,0.0,36,6.0,9.25,14060.0,21.1,22.1,91.0,bromo,Gunung Bromo (kawah),2177,False,True,False
2026-09-26 12:00:00+07:00,18.6,19.9,56,0.1,43,4.9,9.25,12360.0,20.0,21.0,91.0,bromo,Gunung Bromo (kawah),2177,False,True,False
2026-09-26 13:00:00+07:00,18.8,20.3,62,0.1,38,4.7,8.35,9140.0,18.8,19.7,91.0,bromo,Gunung Bromo (kawah),2177,False,True,False
2026-09-26 14:00:00+07:00,17.0,18.7,73,0.2,66,2.7,6.75,11640.0,16.5,17.5,91.0,bromo,Gunung Bromo (kawah),2177,False,True,False
2026-09-26 15:00:00+07:00,15.6,16.3,83,0.2,97,1.3,5.1,5280.0,13.7,14.8,92.0,bromo,Gunung Bromo (kawah),2177,False,True,False
2026-09-26 16:00:00+07:00,15.1,15.8,87,0.4,69,1.8,1.55,8880.0,11.4,12.4,103.0,bromo,Gunung Bromo (kawah),2177,False,True,False
2026-09-26 17:00:00+07:00,13.9,15.0,96,0.1,100,0.3,0.25,6180.0,10.4,11.4,107.0,bromo,Gunung Bromo (kawah),2177,False,True,False
2026-09-26 18:00:00+07:00,13.5,14.3,99,0.0,78,1.8,0.0,940.0,14.6,16.1,101.0,bromo,Gunung Bromo (kawah),2177,False,True,False
2026-09-26 19:00:00+07:00,13.8,14.5,99,0.0,100,2.8,0.0,540.0,13.2,15.1,89.0,bromo,Gunung Bromo (kawah),2177,False,True,False
2026-09-26 20:00:00+07:00,12.9,13.8,99,0.0,99,0.2,0.0,220.0,17.3,19.1,88.0,bromo,Gunung Bromo (kawah),2177,False,True,False
2026-09-26 21:00:00+07:00,11.7,12.1,99,0.0,98,1.1,0.0,100.0,16.8,18.6,87.0,bromo,Gunung Bromo (kawah),2177,False,True,False
2026-09-26 22:00:00+07:00,10.5,10.4,100,0.0,98,1.6,0.0,140.0,17.2,19.0,86.0,bromo,Gunung Bromo (kawah),2177,False,True,False
2026-09-26 23:00:00+07:00,10.2,9.8,100,0.0,98,3.1,0.0,160.0,18.7,20.6,85.0,bromo,Gunung Bromo (kawah),2177,False,True,False
2026-09-27 00:00:00+07:00,10.0,9.6,100,0.0,95,3.4,0.0,220.0,19.4,21.5,83.0,bromo,Gunung Bromo (kawah),2177,False,True,False
2026-09-27 01:00:00+07:00,11.3,9.8,73,0.0,18,4.6,0.0,46180.0,22.9,25.0,82.0,bromo,Gunung Bromo (kawah),2177,False,True,False
2026-09-27 02:00:00+07:00,12.0,10.7,65,0.0,30,1.9,0.0,49380.0,29.6,31.8,81.0,bromo,Gunung Bromo (kawah),2177,False,True,False
2026-09-27 03:00:00+07:00,12.5,11.3,62,0.0,28,0.6,0.0,49400.0,41.1,43.3,80.0,bromo,Gunung Bromo (kawah),2177,False,True,False
2026-09-27 04:00:00+07:00,11.9,10.3,62,0.0,27,2.1,0.0,49360.0,36.0,38.4,80.0,bromo,Gunung Bromo (kawah),2177,False,True,False
2026-09-27 05:00:00+07:00,11.0,9.2,64,0.0,20,3.2,0.0,49280.0,43.3,45.5,79.0,bromo,Gunung Bromo (kawah),2177,False,True,False
2026-09-27 06:00:00+07:00,12.2,10.9,68,0.0,14,3.0,0.2,49160.0,33.5,36.1,78.0,bromo,Gunung Bromo (kawah),2177,False,True,False
2026-09-27 07:00:00+07:00,15.0,14.2,69,0.0,1,4.1,1.55,42420.0,24.3,26.7,75.0,bromo,Gunung Bromo (kawah),2177,False,True,False
2026-09-27 08:00:00+07:00,17.3,16.5,56,0.0,11,2.4,3.8,48880.0,20.0,20.5,75.0,bromo,Gunung Bromo (kawah),2177,False,True,False
2026-09-27 09:00:00+07:00,18.7,18.9,52,0.0,32,5.0,6.15,48840.0,18.5,19.0,74.0,bromo,Gunung Bromo (kawah),2177,False,True,False
2026-09-27 10:00:00+07:00,19.2,20.4,54,0.0,34,5.7,8.1,26240.0,18.6,19.2,74.0,bromo,Gunung Bromo (kawah),2177,False,True,False
2026-09-27 11:00:00+07:00,18.9,21.1,58,0.0,100,3.9,8.05,20480.0,19.3,19.9,74.0,bromo,Gunung Bromo (kawah),2177,False,True,False
2026-09-27 12:00:00+07:00,16.9,17.4,73,0.4,100,3.8,4.75,5200.0,20.0,20.7,74.0,bromo,Gunung Bromo (kawah),2177,False,True,False
2026-09-27 13:00:00+07:00,17.7,19.0,69,0.7,98,2.8,3.95,18320.0,20.0,20.8,74.0,bromo,Gunung Bromo (kawah),2177,False,True,False
2026-09-27 14:00:00+07:00,17.0,18.0,69,0.1,82,0.4,3.2,41520.0,19.0,19.9,81.0,bromo,Gunung Bromo (kawah),2177,False,True,False
2026-09-27 15:00:00+07:00,16.5,16.6,68,0.0,52,0.5,1.55,26060.0,17.5,18.6,101.0,bromo,Gunung Bromo (kawah),2177,False,True,False
2026-09-27 16:00:00+07:00,14.8,14.9,79,0.1,53,1.8,0.55,7360.0,15.7,17.1,114.0,bromo,Gunung Bromo (kawah),2177,False,True,False
2026-09-27 17:00:00+07:00,13.5,13.8,92,0.2,45,2.8,0.25,3160.0,16.5,18.7,120.0,bromo,Gunung Bromo (kawah),2177,False,True,False
2026-09-27 18:00:00+07:00,13.4,13.8,97,0.0,51,4.1,0.0,720.0,27.4,29.9,117.0,bromo,Gunung Bromo (kawah),2177,False,True,False
2026-09-27 19:00:00+07:00,13.7,14.3,97,0.0,99,3.4,0.0,3300.0,26.7,30.6,105.0,bromo,Gunung Bromo (kawah),2177,False,True,False
2026-09-27 20:00:00+07:00,13.2,13.9,100,0.0,100,2.5,0.0,560.0,35.2,38.8,93.0,bromo,Gunung Bromo (kawah),2177,False,True,False
2026-09-27 21:00:00+07:00,13.3,13.9,99,0.0,100,3.2,0.0,220.0,54.7,57.7,78.0,bromo,Gunung Bromo (kawah),2177,False,True,False
2026-09-27 22:00:00+07:00,12.2,12.2,99,0.0,100,4.2,0.0,140.0,49.4,52.5,81.0,bromo,Gunung Bromo (kawah),2177,False,True,False
2026-09-27 23:00:00+07:00,10.8,10.5,100,0.0,95,4.1,0.0,180.0,52.3,55.5,84.0,bromo,Gunung Bromo (kawah),2177,False,True,False
2026-09-28 00:00:00+07:00,10.2,9.7,94,0.0,23,2.4,0.0,720.0,55.3,58.3,87.0,bromo,Gunung Bromo (kawah),2177,False,False,False
2026-09-28 01:00:00+07:00,12.7,11.9,70,0.0,0,1.5,0.0,45600.0,49.4,52.2,89.0,bromo,Gunung Bromo (kawah),2177,False,False,False
2026-09-28 02:00:00+07:00,12.4,11.5,71,0.0,0,1.7,0.0,45620.0,54.0,55.9,91.0,bromo,Gunung Bromo (kawah),2177,False,False,False
2026-09-28 03:00:00+07:00,11.7,10.7,74,0.0,0,2.4,0.0,45700.0,50.9,52.4,93.0,bromo,Gunung Bromo (kawah),2177,False,False,False
2026-09-28 04:00:00+07:00,11.3,10.3,77,0.0,0,2.4,0.0,45700.0,50.8,51.7,94.0,bromo,Gunung Bromo (kawah),2177,False,False,False
2026-09-28 05:00:00+07:00,11.1,10.2,81,0.0,0,3.1,0.0,42100.0,49.5,50.1,95.0,bromo,Gunung Bromo (kawah),2177,False,False,False
2026-09-28 06:00:00+07:00,12.6,12.2,88,0.0,5,4.1,0.2,37920.0,53.9,54.4,96.0,bromo,Gunung Bromo (kawah),2177,False,False,False
2026-09-28 07:00:00+07:00,14.9,15.8,93,0.0,19,2.3,1.55,30100.0,27.2,28.4,97.0,bromo,Gunung Bromo (kawah),2177,False,False,False
2026-09-28 08:00:00+07:00,16.4,17.1,79,0.0,31,1.3,3.85,24420.0,24.6,26.0,98.0,bromo,Gunung Bromo (kawah),2177,False,False,False
2026-09-28 09:00:00+07:00,18.2,19.3,64,0.1,88,3.6,6.2,8400.0,25.1,26.6,98.0,bromo,Gunung Bromo (kawah),2177,False,False,False
2026-09-28 10:00:00+07:00,18.4,19.7,65,0.1,71,4.6,8.1,9540.0,25.1,26.8,99.0,bromo,Gunung Bromo (kawah),2177,False,False,False
2026-09-28 11:00:00+07:00,15.6,16.3,84,0.7,100,2.6,2.65,3320.0,24.6,26.3,99.0,bromo,Gunung Bromo (kawah),2177,False,False,False
2026-09-28 12:00:00+07:00,14.9,17.9,97,2.4,100,1.6,0.8,2680.0,25.3,27.0,99.0,bromo,Gunung Bromo (kawah),2177,False,False,False
2026-09-28 13:00:00+07:00,15.6,17.3,100,2.0,100,1.9,0.55,260.0,32.1,34.0,100.0,bromo,Gunung Bromo (kawah),2177,False,False,False
2026-09-28 14:00:00+07:00,14.4,15.3,100,1.3,100,3.6,1.35,620.0,25.5,27.0,101.0,bromo,Gunung Bromo (kawah),2177,False,False,False
2026-09-28 15:00:00+07:00,14.5,15.5,98,0.6,100,3.1,1.25,1560.0,24.5,26.1,102.0,bromo,Gunung Bromo (kawah),2177,False,False,False
2026-09-28 16:00:00+07:00,14.3,15.2,96,0.5,98,2.2,2.2,860.0,25.2,26.8,102.0,bromo,Gunung Bromo (kawah),2177,False,False,False
2026-09-28 17:00:00+07:00,13.9,14.7,99,0.2,94,2.4,0.3,1660.0,23.4,24.9,110.0,bromo,Gunung Bromo (kawah),2177,False,False,False
2026-09-28 18:00:00+07:00,12.4,12.7,100,0.0,92,2.7,0.0,1940.0,24.1,25.5,112.0,bromo,Gunung Bromo (kawah),2177,False,False,False
2026-09-28 19:00:00+07:00,12.2,12.4,96,0.0,84,2.2,0.0,4320.0,28.5,29.7,107.0,bromo,Gunung Bromo (kawah),2177,False,False,False
2026-09-28 20:00:00+07:00,12.2,12.4,95,0.0,80,2.3,0.0,5520.0,36.0,37.3,104.0,bromo,Gunung Bromo (kawah),2177,False,False,False
2026-09-28 21:00:00+07:00,12.1,12.2,94,0.0,85,2.0,0.0,8180.0,54.5,56.5,104.0,bromo,Gunung Bromo (kawah),2177,False,False,False
2026-09-28 22:00:00+07:00,12.0,12.1,90,0.0,84,0.9,0.0,34180.0,82.0,83.8,104.0,bromo,Gunung Bromo (kawah),2177,False,False,False
2026-09-28 23:00:00+07:00,12.2,12.0,84,0.0,91,0.6,0.0,41600.0,94.5,96.2,107.0,bromo,Gunung Bromo (kawah),2177,False,False,False
2026-09-29 00:00:00+07:00,12.1,11.7,79,0.0,92,0.4,0.0,41740.0,97.6,99.2,112.0,bromo,Gunung Bromo (kawah),2177,False,False,False
2026-09-29 01:00:00+07:00,12.2,11.5,73,0.0,80,0.4,0.0,45300.0,98.7,100.1,116.0,bromo,Gunung Bromo (kawah),2177,False,False,False
2026-09-29 02:00:00+07:00,12.2,11.3,69,0.0,56,0.4,0.0,45400.0,95.5,96.4,121.0,bromo,Gunung Bromo (kawah),2177,False,False,False
2026-09-29 03:00:00+07:00,12.0,11.1,70,0.0,48,0.4,0.0,45440.0,88.5,89.6,126.0,bromo,Gunung Bromo (kawah),2177,False,False,False
2026-09-29 04:00:00+07:00,11.7,10.9,73,0.0,21,0.4,0.0,45420.0,74.7,76.1,130.0,bromo,Gunung Bromo (kawah),2177,False,False,False
2026-09-29 05:00:00+07:00,11.6,10.7,72,0.0,38,0.6,0.0,45320.0,64.7,66.6,132.0,bromo,Gunung Bromo (kawah),2177,False,False,False
2026-09-29 06:00:00+07:00,12.9,12.2,70,0.0,31,1.0,0.2,45220.0,61.9,64.0,134.0,bromo,Gunung Bromo (kawah),2177,False,False,False
2026-09-29 07:00:00+07:00,14.7,15.4,90,0.0,23,2.4,1.6,37560.0,39.0,40.6,135.0,bromo,Gunung Bromo (kawah),2177,False,False,False
2026-09-29 08:00:00+07:00,17.7,17.6,62,0.0,9,1.9,3.85,45020.0,28.1,29.6,136.0,bromo,Gunung Bromo (kawah),2177,False,False,False
2026-09-29 09:00:00+07:00,19.5,20.2,53,0.0,13,4.4,6.2,48160.0,26.4,27.9,136.0,bromo,Gunung Bromo (kawah),2177,False,False,False
2026-09-29 10:00:00+07:00,19.8,21.7,58,0.0,13,6.4,8.15,38520.0,25.8,27.4,136.0,bromo,Gunung Bromo (kawah),2177,False,False,False
2026-09-29 11:00:00+07:00,18.3,20.5,70,0.1,59,6.1,9.35,4260.0,26.5,28.1,136.0,bromo,Gunung Bromo (kawah),2177,False,False,False
2026-09-29 12:00:00+07:00,18.4,21.2,76,0.6,100,5.8,9.2,4760.0,27.4,28.9,137.0,bromo,Gunung Bromo (kawah),2177,False,False,False
2026-09-29 13:00:00+07:00,16.3,18.7,94,1.6,100,3.8,7.35,2680.0,28.2,29.8,137.0,bromo,Gunung Bromo (kawah),2177,False,False,False
2026-09-29 14:00:00+07:00,15.1,16.6,100,3.4,100,2.1,2.2,440.0,25.8,27.3,136.0,bromo,Gunung Bromo (kawah),2177,False,False,False
2026-09-29 15:00:00+07:00,14.7,16.1,100,2.8,100,0.9,1.85,460.0,24.5,26.0,136.0,bromo,Gunung Bromo (kawah),2177,False,False,False
2026-09-29 16:00:00+07:00,14.1,15.0,96,2.2,100,1.4,0.55,1360.0,23.2,24.6,143.0,bromo,Gunung Bromo (kawah),2177,False,False,False
2026-09-29 17:00:00+07:00,13.7,14.6,98,0.4,100,1.7,0.1,1280.0,24.1,25.5,146.0,bromo,Gunung Bromo (kawah),2177,False,False,False
2026-09-29 18:00:00+07:00,13.6,14.4,99,0.1,100,2.3,0.0,680.0,26.1,27.5,141.0,bromo,Gunung Bromo (kawah),2177,False,False,False
2026-09-29 19:00:00+07:00,13.6,14.3,100,0.0,100,3.4,0.0,300.0,30.9,32.1,136.0,bromo,Gunung Bromo (kawah),2177,False,False,False
2026-09-29 20:00:00+07:00,13.5,14.0,100,0.0,100,4.4,0.0,160.0,42.0,43.2,137.0,bromo,Gunung Bromo (kawah),2177,False,False,False
2026-09-29 21:00:00+07:00,13.6,14.2,100,0.1,100,3.9,0.0,160.0,36.4,37.6,137.0,bromo,Gunung Bromo (kawah),2177,False,False,False
2026-09-29 22:00:00+07:00,13.8,14.5,100,0.1,100,3.2,0.0,160.0,38.4,39.3,135.0,bromo,Gunung Bromo (kawah),2177,False,False,False
2026-09-29 23:00:00+07:00,13.9,14.9,99,0.0,100,1.4,0.0,320.0,38.1,39.2,131.0,bromo,Gunung Bromo (kawah),2177,False,False,False
2026-09-30 00:00:00+07:00,14.0,15.1,99,0.0,100,1.5,0.0,560.0,38.2,39.1,125.0,bromo,Gunung Bromo (kawah),2177,False,False,False
2026-09-30 01:00:00+07:00,13.9,14.5,99,0.0,100,4.1,0.0,780.0,40.3,41.3,119.0,bromo,Gunung Bromo (kawah),2177,False,False,False
2026-09-30 02:00:00+07:00,13.8,14.3,100,0.0,100,5.6,0.0,600.0,40.4,41.4,113.0,bromo,Gunung Bromo (kawah),2177,False,False,False
2026-09-30 03:00:00+07:00,13.6,13.9,100,0.0,100,6.1,0.0,300.0,40.0,41.1,107.0,bromo,Gunung Bromo (kawah),2177,False,False,False
2026-09-30 04:00:00+07:00,13.7,14.0,100,0.0,100,6.0,0.0,300.0,38.2,39.1,102.0,bromo,Gunung Bromo (kawah),2177,False,False,False
2026-09-30 05:00:00+07:00,13.7,14.1,100,0.0,100,5.8,0.0,380.0,38.2,39.0,99.0,bromo,Gunung Bromo (kawah),2177,False,False,False
2026-09-30 06:00:00+07:00,13.3,13.5,100,0.0,100,6.2,0.2,220.0,40.9,41.6,97.0,bromo,Gunung Bromo (kawah),2177,False,False,False
2026-09-30 07:00:00+07:00,14.5,15.4,99,0.0,66,3.7,1.6,560.0,27.5,28.4,95.0,bromo,Gunung Bromo (kawah),2177,False,False,False
2026-09-30 08:00:00+07:00,15.9,16.2,84,0.0,34,4.8,3.85,41460.0,24.0,25.3,94.0,bromo,Gunung Bromo (kawah),2177,False,False,False
2026-09-30 09:00:00+07:00,17.4,16.9,68,0.0,27,6.7,4.1,44880.0,23.1,24.4,94.0,bromo,Gunung Bromo (kawah),2177,False,False,False
2026-09-30 10:00:00+07:00,17.8,17.5,63,0.0,52,7.5,2.15,44900.0,22.9,24.3,93.0,bromo,Gunung Bromo (kawah),2177,False,False,False
2026-09-30 11:00:00+07:00,17.1,17.3,71,0.4,86,7.1,1.3,4860.0,23.9,25.3,93.0,bromo,Gunung Bromo (kawah),2177,False,False,False
2026-09-30 12:00:00+07:00,15.8,16.3,87,1.1,100,4.4,1.1,4640.0,25.6,27.0,93.0,bromo,Gunung Bromo (kawah),2177,False,False,False
2026-09-30 13:00:00+07:00,15.1,15.8,91,1.3,100,2.9,1.45,3220.0,27.0,28.2,93.0,bromo,Gunung Bromo (kawah),2177,False,False,False
2026-09-30 14:00:00+07:00,14.6,15.8,96,1.5,100,1.1,1.4,4020.0,26.6,27.9,93.0,bromo,Gunung Bromo (kawah),2177,False,False,False
2026-09-30 15:00:00+07:00,14.6,16.1,100,1.1,100,0.4,0.5,500.0,26.5,27.9,104.0,bromo,Gunung Bromo (kawah),2177,False,False,False
2026-09-30 16:00:00+07:00,14.1,15.2,100,1.1,100,2.2,0.15,460.0,27.1,28.6,121.0,bromo,Gunung Bromo (kawah),2177,False,False,False
2026-09-30 17:00:00+07:00,13.8,14.5,100,0.9,100,3.8,0.05,360.0,29.5,31.2,132.0,bromo,Gunung Bromo (kawah),2177,False,False,False
2026-09-30 18:00:00+07:00,13.6,13.8,100,1.4,100,6.4,0.0,280.0,34.6,36.2,135.0,bromo,Gunung Bromo (kawah),2177,False,False,False
2026-09-30 19:00:00+07:00,13.6,13.8,100,0.4,100,6.6,0.0,160.0,38.4,39.7,130.0,bromo,Gunung Bromo (kawah),2177,False,False,False
2026-09-30 20:00:00+07:00,13.6,14.0,100,0.1,100,5.3,0.0,140.0,37.5,38.5,120.0,bromo,Gunung Bromo (kawah),2177,False,False,False
2026-09-30 21:00:00+07:00,13.7,14.6,99,0.0,69,2.2,0.0,280.0,45.2,46.2,105.0,bromo,Gunung Bromo (kawah),2177,False,False,False
2026-09-30 22:00:00+07:00,12.9,13.6,99,0.0,55,1.4,0.0,280.0,45.4,46.4,95.0,bromo,Gunung Bromo (kawah),2177,False,False,False
2026-09-30 23:00:00+07:00,11.8,12.1,99,0.0,95,1.4,0.0,140.0,47.4,48.4,96.0,bromo,Gunung Bromo (kawah),2177,False,False,False
2026-10-01 00:00:00+07:00,11.1,11.2,100,0.0,95,1.8,0.0,220.0,49.7,50.8,97.0,bromo,Gunung Bromo (kawah),2177,False,False,False
2026-10-01 01:00:00+07:00,10.5,10.5,100,0.0,100,1.6,0.0,400.0,49.1,50.1,97.0,bromo,Gunung Bromo (kawah),2177,False,False,False
2026-10-01 02:00:00+07:00,11.5,11.5,94,0.0,96,1.4,0.0,660.0,46.8,47.8,98.0,bromo,Gunung Bromo (kawah),2177,False,False,False
2026-10-01 03:00:00+07:00,12.4,12.3,88,0.0,45,1.5,0.0,1060.0,43.9,45.2,99.0,bromo,Gunung Bromo (kawah),2177,False,False,False
2026-10-01 04:00:00+07:00,12.8,12.8,85,0.0,20,1.2,0.0,1580.0,41.2,42.5,99.0,bromo,Gunung Bromo (kawah),2177,False,False,False
2026-10-01 05:00:00+07:00,12.3,12.2,88,0.0,23,1.6,0.0,2520.0,39.6,41.3,99.0,bromo,Gunung Bromo (kawah),2177,False,False,False
2026-10-01 06:00:00+07:00,13.2,13.4,91,0.0,25,2.6,0.1,4600.0,36.2,38.6,99.0,bromo,Gunung Bromo (kawah),2177,False,False,False
2026-10-01 07:00:00+07:00,14.8,16.0,99,0.0,98,1.8,0.85,23220.0,26.3,28.9,99.0,bromo,Gunung Bromo (kawah),2177,False,False,False
2026-10-01 08:00:00+07:00,16.9,17.8,79,0.0,47,1.1,2.85,39220.0,21.4,23.3,99.0,bromo,Gunung Bromo (kawah),2177,False,False,False
2026-10-01 09:00:00+07:00,18.4,19.5,63,0.1,63,3.2,6.1,7020.0,20.0,21.8,99.0,bromo,Gunung Bromo (kawah),2177,False,False,False
2026-10-01 10:00:00+07:00,18.4,19.8,63,0.3,64,4.3,8.1,7960.0,18.8,20.5,98.0,bromo,Gunung Bromo (kawah),2177,False,False,False
2026-10-01 11:00:00+07:00,18.0,19.6,67,0.2,91,2.8,5.05,8000.0,19.2,20.8,98.0,bromo,Gunung Bromo (kawah),2177,False,False,False
2026-10-01 12:00:00+07:00,17.9,19.1,69,0.6,100,3.9,1.7,5540.0,22.4,24.2,98.0,bromo,Gunung Bromo (kawah),2177,False,False,False
2026-10-01 13:00:00+07:00,16.9,17.4,76,0.3,98,2.0,1.1,9920.0,24.1,25.7,97.0,bromo,Gunung Bromo (kawah),2177,False,False,False
2026-10-01 14:00:00+07:00,17.3,18.0,77,0.2,99,2.4,0.7,14360.0,26.5,28.1,97.0,bromo,Gunung Bromo (kawah),2177,False,False,False
2026-10-01 15:00:00+07:00,16.0,17.0,86,0.1,100,1.5,0.55,10940.0,28.0,29.6,97.0,bromo,Gunung Bromo (kawah),2177,False,False,False
2026-10-01 16:00:00+07:00,15.8,16.7,86,0.3,79,1.4,0.6,9360.0,38.9,40.4,108.0,bromo,Gunung Bromo (kawah),2177,False,False,False
2026-10-01 17:00:00+07:00,14.6,15.6,96,0.1,59,2.1,0.4,16060.0,41.8,43.1,117.0,bromo,Gunung Bromo (kawah),2177,False,False,False
2026-10-01 18:00:00+07:00,14.3,15.3,99,0.0,95,2.7,0.0,400.0,58.6,59.6,116.0,bromo,Gunung Bromo (kawah),2177,False,False,False
2026-10-01 19:00:00+07:00,14.2,15.2,100,0.0,100,3.2,0.0,260.0,70.8,71.7,104.0,bromo,Gunung Bromo (kawah),2177,False,False,False
2026-10-01 20:00:00+07:00,14.4,15.4,100,0.0,100,2.8,0.0,440.0,52.7,53.6,105.0,bromo,Gunung Bromo (kawah),2177,False,False,False
2026-10-01 21:00:00+07:00,14.3,15.5,99,0.0,100,1.5,0.0,260.0,48.9,49.9,106.0,bromo,Gunung Bromo (kawah),2177,False,False,False
2026-10-01 22:00:00+07:00,13.8,14.6,100,0.0,100,3.0,0.0,160.0,47.5,48.5,107.0,bromo,Gunung Bromo (kawah),2177,False,False,False
2026-10-01 23:00:00+07:00,13.1,13.7,99,0.0,100,3.1,0.0,220.0,41.8,43.0,107.0,bromo,Gunung Bromo (kawah),2177,False,False,False
2026-10-02 00:00:00+07:00,12.1,12.4,100,0.0,100,3.1,0.0,200.0,46.1,47.1,106.0,bromo,Gunung Bromo (kawah),2177,False,False,False
2026-10-02 01:00:00+07:00,12.0,12.2,100,0.0,100,2.5,0.0,180.0,50.3,51.3,106.0,bromo,Gunung Bromo (kawah),2177,False,False,False
2026-10-02 02:00:00+07:00,11.7,11.7,100,0.0,100,3.4,0.0,160.0,53.0,54.0,106.0,bromo,Gunung Bromo (kawah),2177,False,False,False
2026-10-02 03:00:00+07:00,11.4,11.3,100,0.0,100,3.9,0.0,240.0,51.5,52.5,107.0,bromo,Gunung Bromo (kawah),2177,False,False,False
2026-10-02 04:00:00+07:00,11.8,11.8,99,0.0,100,3.8,0.0,960.0,47.7,48.8,108.0,bromo,Gunung Bromo (kawah),2177,False,False,False
2026-10-02 05:00:00+07:00,11.9,12.0,97,0.2,100,2.7,0.0,1160.0,47.6,48.8,108.0,bromo,Gunung Bromo (kawah),2177,False,False,False
2026-10-02 06:00:00+07:00,13.6,13.8,95,0.1,100,4.5,0.2,1680.0,46.6,48.0,109.0,bromo,Gunung Bromo (kawah),2177,False,False,False
2026-10-02 07:00:00+07:00,14.4,15.3,96,0.0,80,2.7,1.65,23340.0,33.6,35.4,110.0,bromo,Gunung Bromo (kawah),2177,False,False,False
2026-10-02 08:00:00+07:00,15.6,16.2,87,0.1,72,3.6,3.9,17780.0,22.7,24.6,111.0,bromo,Gunung Bromo (kawah),2177,False,False,False
2026-10-02 09:00:00+07:00,16.9,18.0,76,0.1,65,4.7,6.3,12200.0,22.7,24.6,111.0,bromo,Gunung Bromo (kawah),2177,False,False,False
2026-10-02 10:00:00+07:00,17.6,18.9,71,0.1,63,5.1,8.2,6640.0,23.1,25.0,111.0,bromo,Gunung Bromo (kawah),2177,False,False,False
2026-10-02 11:00:00+07:00,17.1,17.8,74,0.7,73,4.1,9.4,6260.0,24.2,26.0,112.0,bromo,Gunung Bromo (kawah),2177,False,False,False
2026-10-02 12:00:00+07:00,16.1,16.7,81,0.7,88,2.6,9.55,5880.0,25.5,27.2,112.0,bromo,Gunung Bromo (kawah),2177,False,False,False
2026-10-02 13:00:00+07:00,15.2,16.0,88,0.7,100,1.2,7.3,5500.0,28.7,30.4,113.0,bromo,Gunung Bromo (kawah),2177,False,False,False
2026-10-02 14:00:00+07:00,14.7,15.8,93,1.1,100,0.8,2.55,3820.0,30.7,32.5,113.0,bromo,Gunung Bromo (kawah),2177,False,False,False
2026-10-02 15:00:00+07:00,14.4,15.6,97,1.1,100,0.6,2.65,2140.0,31.3,32.9,114.0,bromo,Gunung Bromo (kawah),2177,False,False,False
2026-10-02 16:00:00+07:00,14.2,15.5,100,1.1,100,0.7,1.6,460.0,32.7,34.5,114.0,bromo,Gunung Bromo (kawah),2177,False,False,False
2026-10-02 17:00:00+07:00,14.1,15.1,100,0.4,100,2.0,0.2,360.0,44.2,46.1,130.0,bromo,Gunung Bromo (kawah),2177,False,False,False
2026-10-02 18:00:00+07:00,14.0,14.8,100,0.4,100,3.9,0.0,280.0,61.5,63.3,135.0,bromo,Gunung Bromo (kawah),2177,False,False,False
2026-10-02 19:00:00+07:00,14.0,14.6,100,0.4,100,5.0,0.0,180.0,78.7,80.1,126.0,bromo,Gunung Bromo (kawah),2177,False,False,False
2026-10-02 20:00:00+07:00,14.0,14.7,100,0.2,100,4.8,0.0,160.0,72.2,73.6,115.0,bromo,Gunung Bromo (kawah),2177,False,False,False
2026-10-02 21:00:00+07:00,14.1,14.9,100,0.2,100,3.7,0.0,160.0,71.5,72.6,117.0,bromo,Gunung Bromo (kawah),2177,False,False,False
2026-10-02 22:00:00+07:00,14.0,14.9,100,0.2,100,2.5,0.0,140.0,65.7,67.1,119.0,bromo,Gunung Bromo (kawah),2177,False,False,False
2026-10-02 23:00:00+07:00,13.7,14.7,100,0.0,100,1.8,0.0,160.0,65.9,67.1,121.0,bromo,Gunung Bromo (kawah),2177,False,False,False
2026-10-03 00:00:00+07:00,13.3,14.0,100,0.0,100,2.7,0.0,160.0,62.6,63.8,124.0,bromo,Gunung Bromo (kawah),2177,False,True,False
2026-10-03 01:00:00+07:00,13.0,13.5,100,0.0,100,3.7,0.0,180.0,59.3,60.3,125.0,bromo,Gunung Bromo (kawah),2177,False,True,False
2026-10-03 02:00:00+07:00,12.7,13.0,100,0.0,100,4.0,0.0,220.0,56.8,58.0,126.0,bromo,Gunung Bromo (kawah),2177,False,True,False
2026-10-03 03:00:00+07:00,12.5,12.7,100,0.0,100,3.7,0.0,240.0,54.1,55.4,127.0,bromo,Gunung Bromo (kawah),2177,False,True,False
2026-10-03 04:00:00+07:00,12.5,12.8,100,0.0,100,3.2,0.0,280.0,50.4,52.0,127.0,bromo,Gunung Bromo (kawah),2177,False,True,False
2026-10-03 05:00:00+07:00,12.8,13.4,99,0.0,100,2.1,0.0,260.0,49.4,50.9,127.0,bromo,Gunung Bromo (kawah),2177,False,True,False
2026-10-03 06:00:00+07:00,13.5,14.3,96,0.0,100,0.6,0.2,240.0,46.2,47.5,127.0,bromo,Gunung Bromo (kawah),2177,False,True,False
2026-10-03 07:00:00+07:00,14.2,15.1,92,0.0,99,0.7,1.65,220.0,27.9,29.6,127.0,bromo,Gunung Bromo (kawah),2177,False,True,False
2026-10-03 08:00:00+07:00,15.3,15.9,85,0.1,87,2.0,3.9,2720.0,,,127.0,bromo,Gunung Bromo (kawah),2177,False,True,False
2026-10-03 09:00:00+07:00,16.6,17.6,76,0.1,72,3.5,6.3,5200.0,,,,bromo,Gunung Bromo (kawah),2177,False,True,False
2026-10-03 10:00:00+07:00,17.3,18.8,72,0.1,64,4.4,8.25,7700.0,,,,bromo,Gunung Bromo (kawah),2177,False,True,False
2026-10-03 11:00:00+07:00,17.2,18.5,72,0.5,71,4.1,9.35,6980.0,,,,bromo,Gunung Bromo (kawah),2177,False,True,False
2026-10-03 12:00:00+07:00,16.6,17.6,75,0.5,86,3.4,5.3,6280.0,,,,bromo,Gunung Bromo (kawah),2177,False,True,False
2026-10-03 13:00:00+07:00,16.0,16.5,79,0.5,98,2.7,1.1,5560.0,,,,bromo,Gunung Bromo (kawah),2177,False,True,False
2026-10-03 14:00:00+07:00,15.5,16.1,83,0.5,100,1.9,1.4,8020.0,,,,bromo,Gunung Bromo (kawah),2177,False,True,False
2026-10-03 15:00:00+07:00,15.1,15.9,87,0.5,100,1.1,0.6,10460.0,,,,bromo,Gunung Bromo (kawah),2177,False,True,False
2026-10-03 16:00:00+07:00,14.6,15.7,92,0.5,100,0.3,0.3,12920.0,,,,bromo,Gunung Bromo (kawah),2177,False,True,False
2026-10-03 17:00:00+07:00,14.2,15.2,95,0.0,100,1.4,0.15,8640.0,,,,bromo,Gunung Bromo (kawah),2177,False,True,False
2026-10-03 18:00:00+07:00,13.9,14.6,98,0.0,100,3.2,0.0,4380.0,,,,bromo,Gunung Bromo (kawah),2177,False,True,False
2026-10-03 19:00:00+07:00,13.4,13.9,100,0.0,100,4.1,0.0,100.0,,,,bromo,Gunung Bromo (kawah),2177,False,True,False
2026-10-03 20:00:00+07:00,12.8,13.2,100,0.0,100,3.1,0.0,260.0,,,,bromo,Gunung Bromo (kawah),2177,False,True,False
2026-10-03 21:00:00+07:00,12.1,12.6,100,0.0,100,1.5,0.0,440.0,,,,bromo,Gunung Bromo (kawah),2177,False,True,False
2026-10-03 22:00:00+07:00,11.8,12.1,99,0.0,100,1.4,0.0,600.0,,,,bromo,Gunung Bromo (kawah),2177,False,True,False
2026-10-03 23:00:00+07:00,12.1,12.4,99,0.7,100,1.8,0.0,460.0,,,,bromo,Gunung Bromo (kawah),2177,False,True,False
2026-10-04 00:00:00+07:00,12.7,13.1,99,0.7,100,3.4,0.0,340.0,,,,bromo,Gunung Bromo (kawah),2177,False,True,False
2026-10-04 01:00:00+07:00,13.2,13.5,99,0.7,100,4.5,0.0,200.0,,,,bromo,Gunung Bromo (kawah),2177,False,True,False
2026-10-04 02:00:00+07:00,13.0,13.4,99,0.0,82,3.7,0.0,380.0,,,,bromo,Gunung Bromo (kawah),2177,False,True,False
2026-10-04 03:00:00+07:00,12.7,13.1,98,0.0,57,2.6,0.0,580.0,,,,bromo,Gunung Bromo (kawah),2177,False,True,False
2026-10-04 04:00:00+07:00,12.6,12.9,97,0.0,36,2.2,0.0,760.0,,,,bromo,Gunung Bromo (kawah),2177,False,True,False
2026-10-04 05:00:00+07:00,12.9,13.5,98,0.0,22,2.1,0.0,3100.0,,,,bromo,Gunung Bromo (kawah),2177,False,True,False
2026-10-04 06:00:00+07:00,13.6,14.2,98,0.0,13,2.9,0.3,5460.0,,,,bromo,Gunung Bromo (kawah),2177,False,True,False
2026-10-04 07:00:00+07:00,14.5,15.1,94,0.0,14,4.1,1.95,7800.0,,,,bromo,Gunung Bromo (kawah),2177,False,True,False
2026-10-04 08:00:00+07:00,16.1,16.5,81,0.0,31,4.9,4.2,19900.0,,,,bromo,Gunung Bromo (kawah),2177,False,True,False
2026-10-04 09:00:00+07:00,17.9,19.2,67,0.0,57,6.0,6.0,32000.0,,,,bromo,Gunung Bromo (kawah),2177,False,True,False
2026-10-04 10:00:00+07:00,19.3,21.0,59,0.0,77,6.9,7.35,44100.0,,,,bromo,Gunung Bromo (kawah),2177,False,True,False
2026-10-04 11:00:00+07:00,19.7,21.5,57,0.0,83,7.1,8.8,44240.0,,,,bromo,Gunung Bromo (kawah),2177,False,True,False
2026-10-04 12:00:00+07:00,19.5,21.5,60,0.0,81,7.1,8.2,44380.0,,,,bromo,Gunung Bromo (kawah),2177,False,True,False
2026-10-04 13:00:00+07:00,19.4,21.2,62,0.0,80,6.8,6.55,44520.0,,,,bromo,Gunung Bromo (kawah),2177,False,True,False
2026-10-04 14:00:00+07:00,19.2,19.4,61,0.0,49,8.8,4.1,37120.0,,,,bromo,Gunung Bromo (kawah),2177,False,True,False
2026-10-04 15:00:00+07:00,18.2,17.6,66,0.0,59,8.2,2.8,29720.0,,,,bromo,Gunung Bromo (kawah),2177,False,True,False
2026-10-04 16:00:00+07:00,16.9,16.6,74,0.0,71,7.4,1.75,22340.0,,,,bromo,Gunung Bromo (kawah),2177,False,True,False
2026-10-04 17:00:00+07:00,15.5,15.4,83,0.0,82,6.9,0.75,14940.0,,,,bromo,Gunung Bromo (kawah),2177,False,True,False
2026-10-04 18:00:00+07:00,14.3,14.4,92,0.0,91,6.7,0.0,7560.0,,,,bromo,Gunung Bromo (kawah),2177,False,True,False
2026-10-04 19:00:00+07:00,13.5,13.6,99,0.0,98,6.4,0.0,160.0,,,,bromo,Gunung Bromo (kawah),2177,False,True,False
2026-10-04 20:00:00+07:00,13.1,13.2,100,0.0,100,5.8,0.0,180.0,,,,bromo,Gunung Bromo (kawah),2177,False,True,False
2026-10-04 21:00:00+07:00,12.9,13.1,100,0.0,100,5.0,0.0,180.0,,,,bromo,Gunung Bromo (kawah),2177,False,True,False
2026-10-04 22:00:00+07:00,12.8,13.1,100,0.0,100,4.2,0.0,200.0,,,,bromo,Gunung Bromo (kawah),2177,False,True,False
2026-10-04 23:00:00+07:00,12.9,13.4,100,0.0,100,3.4,0.0,220.0,,,,bromo,Gunung Bromo (kawah),2177,False,True,False
2026-09-26 00:00:00+07:00,18.8,20.2,82,0.0,9,3.9,0.0,25320.0,45.3,47.5,127.0,coban_talun,"Coban Talun, Batu",1200,False,True,False
2026-09-26 01:00:00+07:00,18.6,19.8,81,0.0,2,4.7,0.0,25340.0,45.8,47.8,123.0,coban_talun,"Coban Talun, Batu",1200,False,True,False
2026-09-26 02:00:00+07:00,18.3,19.6,82,0.0,1,2.9,0.0,25340.0,50.2,52.2,121.0,coban_talun,"Coban Talun, Batu",1200,False,True,False
2026-09-26 03:00:00+07:00,18.0,19.3,81,0.0,0,1.9,0.0,28680.0,48.2,50.6,119.0,coban_talun,"Coban Talun, Batu",1200,False,True,False
2026-09-26 04:00:00+07:00,17.6,19.0,82,0.0,0,1.2,0.0,28660.0,47.1,49.7,116.0,coban_talun,"Coban Talun, Batu",1200,False,True,False
2026-09-26 05:00:00+07:00,17.2,18.4,83,0.0,0,1.9,0.0,25320.0,49.6,52.2,115.0,coban_talun,"Coban Talun, Batu",1200,False,True,False
2026-09-26 06:00:00+07:00,18.1,18.9,77,0.0,0,3.7,0.15,28620.0,44.5,47.1,114.0,coban_talun,"Coban Talun, Batu",1200,False,True,False
2026-09-26 07:00:00+07:00,23.0,22.2,40,0.0,5,3.7,1.45,42100.0,35.2,37.5,112.0,coban_talun,"Coban Talun, Batu",1200,False,True,False
2026-09-26 08:00:00+07:00,25.5,23.9,30,0.0,17,5.5,3.65,42080.0,29.9,30.6,112.0,coban_talun,"Coban Talun, Batu",1200,False,True,False
2026-09-26 09:00:00+07:00,27.3,26.7,28,0.0,27,6.8,6.0,42080.0,27.6,28.5,111.0,coban_talun,"Coban Talun, Batu",1200,False,True,False
2026-09-26 10:00:00+07:00,28.4,28.4,27,0.0,41,10.1,7.95,42100.0,27.9,28.9,111.0,coban_talun,"Coban Talun, Batu",1200,False,True,False
2026-09-26 11:00:00+07:00,28.8,29.4,29,0.0,5,10.7,9.15,42140.0,27.4,28.4,111.0,coban_talun,"Coban Talun, Batu",1200,False,True,False
2026-09-26 12:00:00+07:00,29.0,29.9,30,0.0,13,11.2,9.5,42180.0,27.1,28.1,111.0,coban_talun,"Coban Talun, Batu",1200,False,True,False
2026-09-26 13:00:00+07:00,29.2,30.3,32,0.0,17,10.4,6.0,42220.0,27.0,28.0,111.0,coban_talun,"Coban Talun, Batu",1200,False,True,False
2026-09-26 14:00:00+07:00,27.5,27.9,39,0.0,10,11.7,2.2,39020.0,26.9,28.2,111.0,coban_talun,"Coban Talun, Batu",1200,False,True,False
2026-09-26 15:00:00+07:00,26.1,26.1,48,0.0,77,12.3,1.3,34500.0,25.9,27.1,112.0,coban_talun,"Coban Talun, Batu",1200,False,True,False
2026-09-26 16:00:00+07:00,23.9,24.1,58,0.0,30,10.3,0.65,34580.0,25.8,27.0,135.0,coban_talun,"Coban Talun, Batu",1200,False,True,False
2026-09-26 17:00:00+07:00,22.5,23.4,64,0.0,7,5.8,0.15,29620.0,34.5,35.5,149.0,coban_talun,"Coban Talun, Batu",1200,False,True,False
2026-09-26 18:00:00+07:00,21.3,22.8,69,0.0,20,2.5,0.0,31700.0,58.2,59.6,147.0,coban_talun,"Coban Talun, Batu",1200,False,True,False
2026-09-26 19:00:00+07:00,21.2,22.0,65,0.0,33,4.6,0.0,31660.0,82.4,84.8,130.0,coban_talun,"Coban Talun, Batu",1200,False,True,False
2026-09-26 20:00:00+07:00,20.5,21.5,69,0.0,31,4.0,0.0,31660.0,95.9,98.0,114.0,coban_talun,"Coban Talun, Batu",1200,False,True,False
2026-09-26 21:00:00+07:00,20.0,21.1,74,0.0,52,4.2,0.0,28640.0,100.8,102.9,119.0,coban_talun,"Coban Talun, Batu",1200,False,True,False
2026-09-26 22:00:00+07:00,19.8,21.0,76,0.0,58,4.0,0.0,28660.0,107.3,109.2,124.0,coban_talun,"Coban Talun, Batu",1200,False,True,False
2026-09-26 23:00:00+07:00,19.5,20.5,76,0.0,61,5.4,0.0,28660.0,111.1,112.9,130.0,coban_talun,"Coban Talun, Batu",1200,False,True,False
2026-09-27 00:00:00+07:00,19.2,20.0,76,0.0,6,6.1,0.0,28680.0,107.1,108.7,136.0,coban_talun,"Coban Talun, Batu",1200,False,True,False
2026-09-27 01:00:00+07:00,18.5,17.8,63,0.0,0,7.8,0.0,31740.0,94.3,96.4,143.0,coban_talun,"Coban Talun, Batu",1200,False,True,False
2026-09-27 02:00:00+07:00,18.2,17.5,60,0.0,20,5.1,0.0,34580.0,87.5,89.9,148.0,coban_talun,"Coban Talun, Batu",1200,False,True,False
2026-09-27 03:00:00+07:00,17.8,17.1,59,0.0,30,4.1,0.0,34580.0,79.9,82.2,151.0,coban_talun,"Coban Talun, Batu",1200,False,True,False
2026-09-27 04:00:00+07:00,17.4,16.9,60,0.0,16,2.8,0.0,34560.0,72.9,75.2,151.0,coban_talun,"Coban Talun, Batu",1200,False,True,False
2026-09-27 05:00:00+07:00,17.0,16.8,65,0.0,9,2.8,0.0,31700.0,66.6,68.9,152.0,coban_talun,"Coban Talun, Batu",1200,False,True,False
2026-09-27 06:00:00+07:00,18.0,18.0,66,0.0,8,3.5,0.15,31660.0,66.4,68.5,153.0,coban_talun,"Coban Talun, Batu",1200,False,True,False
2026-09-27 07:00:00+07:00,22.3,21.4,39,0.0,2,2.0,1.45,42140.0,31.9,34.6,153.0,coban_talun,"Coban Talun, Batu",1200,False,True,False
2026-09-27 08:00:00+07:00,24.5,23.3,35,0.0,0,4.8,3.7,42120.0,24.3,25.1,153.0,coban_talun,"Coban Talun, Batu",1200,False,True,False
2026-09-27 09:00:00+07:00,26.4,26.0,32,0.0,0,8.0,6.05,42120.0,21.0,21.5,153.0,coban_talun,"Coban Talun, Batu",1200,False,True,False
2026-09-27 10:00:00+07:00,27.5,27.5,31,0.0,2,10.4,8.0,42140.0,20.7,21.3,153.0,coban_talun,"Coban Talun, Batu",1200,False,True,False
2026-09-27 11:00:00+07:00,28.2,28.2,29,0.0,15,12.7,9.25,42160.0,21.2,22.0,153.0,coban_talun,"Coban Talun, Batu",1200,False,True,False
2026-09-27 12:00:00+07:00,28.9,29.0,28,0.0,24,13.8,5.4,42180.0,22.2,23.0,153.0,coban_talun,"Coban Talun, Batu",1200,False,True,False
2026-09-27 13:00:00+07:00,29.1,29.5,28,0.0,20,10.4,3.05,42220.0,22.8,23.6,152.0,coban_talun,"Coban Talun, Batu",1200,False,True,False
2026-09-27 14:00:00+07:00,27.4,27.3,36,0.0,31,11.6,0.95,14020.0,23.3,24.2,152.0,coban_talun,"Coban Talun, Batu",1200,False,True,False
2026-09-27 15:00:00+07:00,24.4,24.2,54,0.1,36,12.0,0.8,10980.0,23.5,24.4,152.0,coban_talun,"Coban Talun, Batu",1200,False,True,False
2026-09-27 16:00:00+07:00,23.3,24.2,65,0.1,40,9.2,0.6,18020.0,24.0,25.2,152.0,coban_talun,"Coban Talun, Batu",1200,False,True,False
2026-09-27 17:00:00+07:00,21.6,23.2,72,0.0,53,4.8,0.3,8160.0,27.5,29.0,152.0,coban_talun,"Coban Talun, Batu",1200,False,True,False
2026-09-27 18:00:00+07:00,20.4,22.4,80,0.2,27,2.3,0.0,14580.0,38.2,39.6,152.0,coban_talun,"Coban Talun, Batu",1200,False,True,False
2026-09-27 19:00:00+07:00,20.1,22.6,87,0.0,23,2.6,0.0,7420.0,61.5,62.9,151.0,coban_talun,"Coban Talun, Batu",1200,False,True,False
2026-09-27 20:00:00+07:00,20.0,22.5,87,0.0,6,2.4,0.0,7480.0,69.2,70.8,151.0,coban_talun,"Coban Talun, Batu",1200,False,True,False
2026-09-27 21:00:00+07:00,19.4,22.2,91,0.0,13,0.6,0.0,7940.0,83.1,84.8,149.0,coban_talun,"Coban Talun, Batu",1200,False,True,False
2026-09-27 22:00:00+07:00,19.2,21.6,89,0.0,8,1.7,0.0,3460.0,78.5,80.3,147.0,coban_talun,"Coban Talun, Batu",1200,False,True,False
2026-09-27 23:00:00+07:00,18.9,21.0,89,0.0,13,2.3,0.0,1980.0,79.6,80.8,144.0,coban_talun,"Coban Talun, Batu",1200,False,True,False
2026-09-28 00:00:00+07:00,18.6,20.6,86,0.0,8,1.5,0.0,2560.0,81.3,82.2,141.0,coban_talun,"Coban Talun, Batu",1200,False,False,False
2026-09-28 01:00:00+07:00,18.2,19.9,87,0.0,9,2.1,0.0,2480.0,81.0,82.2,138.0,coban_talun,"Coban Talun, Batu",1200,False,False,False
2026-09-28 02:00:00+07:00,17.9,19.3,85,0.0,5,2.4,0.0,2120.0,78.7,79.4,137.0,coban_talun,"Coban Talun, Batu",1200,False,False,False
2026-09-28 03:00:00+07:00,17.8,19.0,81,0.0,5,2.2,0.0,2420.0,76.1,77.1,136.0,coban_talun,"Coban Talun, Batu",1200,False,False,False
2026-09-28 04:00:00+07:00,17.6,18.4,79,0.0,3,2.7,0.0,3260.0,72.6,73.1,136.0,coban_talun,"Coban Talun, Batu",1200,False,False,False
2026-09-28 05:00:00+07:00,17.4,18.2,76,0.0,2,1.9,0.0,4660.0,70.3,71.0,136.0,coban_talun,"Coban Talun, Batu",1200,False,False,False
2026-09-28 06:00:00+07:00,18.7,19.3,69,0.0,1,2.6,0.15,17460.0,71.9,72.6,136.0,coban_talun,"Coban Talun, Batu",1200,False,False,False
2026-09-28 07:00:00+07:00,20.9,21.7,62,0.0,0,1.9,1.5,31560.0,44.9,46.2,137.0,coban_talun,"Coban Talun, Batu",1200,False,False,False
2026-09-28 08:00:00+07:00,22.9,23.3,55,0.0,0,5.2,3.7,34400.0,28.7,30.5,138.0,coban_talun,"Coban Talun, Batu",1200,False,False,False
2026-09-28 09:00:00+07:00,24.6,26.0,55,0.0,0,9.4,6.05,14020.0,27.2,29.0,139.0,coban_talun,"Coban Talun, Batu",1200,False,False,False
2026-09-28 10:00:00+07:00,25.9,27.9,51,0.0,14,11.2,4.55,14380.0,26.1,28.0,139.0,coban_talun,"Coban Talun, Batu",1200,False,False,False
2026-09-28 11:00:00+07:00,26.8,28.4,45,0.0,30,12.6,2.2,13420.0,25.3,27.2,140.0,coban_talun,"Coban Talun, Batu",1200,False,False,False
2026-09-28 12:00:00+07:00,27.4,28.8,41,0.0,70,11.8,1.55,38960.0,24.9,26.8,140.0,coban_talun,"Coban Talun, Batu",1200,False,False,False
2026-09-28 13:00:00+07:00,28.2,29.6,38,0.0,50,9.0,0.85,39000.0,23.9,26.0,140.0,coban_talun,"Coban Talun, Batu",1200,False,False,False
2026-09-28 14:00:00+07:00,27.3,27.8,43,0.0,20,9.9,0.9,39000.0,22.5,25.0,141.0,coban_talun,"Coban Talun, Batu",1200,False,False,False
2026-09-28 15:00:00+07:00,26.6,26.8,48,0.0,99,9.3,0.55,39020.0,22.1,25.0,140.0,coban_talun,"Coban Talun, Batu",1200,False,False,False
2026-09-28 16:00:00+07:00,25.3,25.9,55,0.0,100,8.8,0.4,34520.0,23.7,26.3,140.0,coban_talun,"Coban Talun, Batu",1200,False,False,False
2026-09-28 17:00:00+07:00,23.4,24.6,65,0.0,70,7.1,0.3,31660.0,29.3,31.7,140.0,coban_talun,"Coban Talun, Batu",1200,False,False,False
2026-09-28 18:00:00+07:00,21.7,23.8,76,0.0,51,3.9,0.05,28640.0,46.4,48.8,140.0,coban_talun,"Coban Talun, Batu",1200,False,False,False
2026-09-28 19:00:00+07:00,21.0,23.6,82,0.0,81,1.5,0.0,25280.0,59.6,61.7,141.0,coban_talun,"Coban Talun, Batu",1200,False,False,False
2026-09-28 20:00:00+07:00,20.3,22.9,85,0.0,84,1.3,0.0,2120.0,72.2,74.0,141.0,coban_talun,"Coban Talun, Batu",1200,False,False,False
2026-09-28 21:00:00+07:00,19.6,22.0,87,0.0,75,2.1,0.0,740.0,85.0,86.6,141.0,coban_talun,"Coban Talun, Batu",1200,False,False,False
2026-09-28 22:00:00+07:00,19.2,21.4,86,0.0,77,2.1,0.0,700.0,92.7,94.1,142.0,coban_talun,"Coban Talun, Batu",1200,False,False,False
2026-09-28 23:00:00+07:00,18.6,20.6,87,0.0,80,1.9,0.0,880.0,91.3,92.7,143.0,coban_talun,"Coban Talun, Batu",1200,False,False,False
2026-09-29 00:00:00+07:00,18.0,19.7,88,0.0,80,2.8,0.0,1000.0,92.4,93.4,144.0,coban_talun,"Coban Talun, Batu",1200,False,False,False
2026-09-29 01:00:00+07:00,17.7,19.2,88,0.0,88,3.3,0.0,1280.0,94.1,95.0,146.0,coban_talun,"Coban Talun, Batu",1200,False,False,False
2026-09-29 02:00:00+07:00,17.5,18.8,87,0.0,83,3.3,0.0,880.0,94.3,95.2,147.0,coban_talun,"Coban Talun, Batu",1200,False,False,False
2026-09-29 03:00:00+07:00,17.6,18.9,84,0.0,55,2.4,0.0,880.0,91.5,92.4,148.0,coban_talun,"Coban Talun, Batu",1200,False,False,False
2026-09-29 04:00:00+07:00,17.5,18.8,83,0.0,19,2.2,0.0,960.0,85.2,86.4,150.0,coban_talun,"Coban Talun, Batu",1200,False,False,False
2026-09-29 05:00:00+07:00,17.6,18.8,80,0.0,15,1.9,0.0,1160.0,85.4,86.6,150.0,coban_talun,"Coban Talun, Batu",1200,False,False,False
2026-09-29 06:00:00+07:00,19.0,20.1,73,0.0,11,2.4,0.15,3200.0,86.6,88.0,151.0,coban_talun,"Coban Talun, Batu",1200,False,False,False
2026-09-29 07:00:00+07:00,22.1,23.2,61,0.0,12,1.8,1.5,31560.0,64.7,67.3,151.0,coban_talun,"Coban Talun, Batu",1200,False,False,False
2026-09-29 08:00:00+07:00,24.5,25.0,51,0.0,11,5.0,3.75,34400.0,43.0,44.6,152.0,coban_talun,"Coban Talun, Batu",1200,False,False,False
2026-09-29 09:00:00+07:00,26.7,27.6,43,0.0,11,7.5,6.1,38860.0,34.8,36.7,152.0,coban_talun,"Coban Talun, Batu",1200,False,False,False
2026-09-29 10:00:00+07:00,27.6,29.2,42,0.0,0,10.9,8.0,38900.0,33.3,34.9,153.0,coban_talun,"Coban Talun, Batu",1200,False,False,False
2026-09-29 11:00:00+07:00,28.3,30.2,40,0.0,5,12.0,9.25,38940.0,33.6,35.3,153.0,coban_talun,"Coban Talun, Batu",1200,False,False,False
2026-09-29 12:00:00+07:00,28.5,30.3,40,0.0,13,12.2,3.85,29640.0,33.9,35.4,153.0,coban_talun,"Coban Talun, Batu",1200,False,False,False
2026-09-29 13:00:00+07:00,27.8,28.9,43,0.0,21,10.1,0.95,21340.0,34.6,36.0,153.0,coban_talun,"Coban Talun, Batu",1200,False,False,False
2026-09-29 14:00:00+07:00,26.9,28.4,46,0.0,41,6.7,0.55,22400.0,31.5,32.9,154.0,coban_talun,"Coban Talun, Batu",1200,False,False,False
2026-09-29 15:00:00+07:00,26.4,27.0,47,0.0,52,7.8,0.6,39020.0,33.5,35.0,154.0,coban_talun,"Coban Talun, Batu",1200,False,False,False
2026-09-29 16:00:00+07:00,24.7,25.0,52,0.0,44,8.3,1.2,34540.0,36.3,37.8,154.0,coban_talun,"Coban Talun, Batu",1200,False,False,False
2026-09-29 17:00:00+07:00,22.7,23.4,64,0.0,36,7.7,0.95,23740.0,35.5,36.7,155.0,coban_talun,"Coban Talun, Batu",1200,False,False,False
2026-09-29 18:00:00+07:00,21.2,22.7,75,0.0,10,5.7,0.05,24020.0,31.4,32.0,155.0,coban_talun,"Coban Talun, Batu",1200,False,False,False
2026-09-29 19:00:00+07:00,20.2,22.2,84,0.0,13,4.4,0.0,23780.0,40.2,40.7,154.0,coban_talun,"Coban Talun, Batu",1200,False,False,False
2026-09-29 20:00:00+07:00,19.7,22.2,89,0.0,14,2.2,0.0,21940.0,43.5,44.2,154.0,coban_talun,"Coban Talun, Batu",1200,False,False,False
2026-09-29 21:00:00+07:00,19.5,22.3,91,0.0,22,0.8,0.0,5040.0,40.4,41.2,153.0,coban_talun,"Coban Talun, Batu",1200,False,False,False
2026-09-29 22:00:00+07:00,19.2,21.8,92,0.0,28,1.8,0.0,800.0,40.7,41.7,152.0,coban_talun,"Coban Talun, Batu",1200,False,False,False
2026-09-29 23:00:00+07:00,18.4,20.9,95,0.0,32,2.2,0.0,340.0,37.0,38.1,150.0,coban_talun,"Coban Talun, Batu",1200,False,False,False
2026-09-30 00:00:00+07:00,18.0,20.1,94,0.0,38,2.5,0.0,320.0,31.3,32.2,144.0,coban_talun,"Coban Talun, Batu",1200,False,False,False
2026-09-30 01:00:00+07:00,17.4,19.3,94,0.0,38,2.2,0.0,340.0,31.4,32.5,138.0,coban_talun,"Coban Talun, Batu",1200,False,False,False
2026-09-30 02:00:00+07:00,17.1,18.7,91,0.0,35,2.3,0.0,460.0,34.9,36.1,131.0,coban_talun,"Coban Talun, Batu",1200,False,False,False
2026-09-30 03:00:00+07:00,16.9,18.4,89,0.0,38,2.2,0.0,620.0,38.9,39.8,125.0,coban_talun,"Coban Talun, Batu",1200,False,False,False
2026-09-30 04:00:00+07:00,16.9,18.2,87,0.0,31,2.7,0.0,860.0,41.4,42.4,120.0,coban_talun,"Coban Talun, Batu",1200,False,False,False
2026-09-30 05:00:00+07:00,17.2,18.2,84,0.0,35,3.2,0.0,960.0,44.8,45.6,115.0,coban_talun,"Coban Talun, Batu",1200,False,False,False
2026-09-30 06:00:00+07:00,18.9,19.9,76,0.0,49,3.7,0.2,6160.0,51.3,52.0,111.0,coban_talun,"Coban Talun, Batu",1200,False,False,False
2026-09-30 07:00:00+07:00,21.5,22.7,65,0.0,22,2.2,1.5,31600.0,38.4,39.2,107.0,coban_talun,"Coban Talun, Batu",1200,False,False,False
2026-09-30 08:00:00+07:00,24.2,24.3,49,0.0,4,5.5,3.75,38880.0,29.2,30.7,105.0,coban_talun,"Coban Talun, Batu",1200,False,False,False
2026-09-30 09:00:00+07:00,26.4,26.9,41,0.0,1,7.9,5.75,38880.0,25.5,27.0,103.0,coban_talun,"Coban Talun, Batu",1200,False,False,False
2026-09-30 10:00:00+07:00,27.5,28.2,39,0.0,9,11.5,5.35,38900.0,23.9,25.1,102.0,coban_talun,"Coban Talun, Batu",1200,False,False,False
2026-09-30 11:00:00+07:00,28.0,29.2,39,0.0,20,12.7,1.9,38940.0,23.7,25.0,101.0,coban_talun,"Coban Talun, Batu",1200,False,False,False
2026-09-30 12:00:00+07:00,28.0,28.9,40,0.0,43,12.7,1.7,38980.0,24.2,25.4,100.0,coban_talun,"Coban Talun, Batu",1200,False,False,False
2026-09-30 13:00:00+07:00,28.3,29.3,41,0.0,64,11.4,1.55,38940.0,25.2,26.3,99.0,coban_talun,"Coban Talun, Batu",1200,False,False,False
2026-09-30 14:00:00+07:00,27.2,27.6,45,0.0,46,11.7,0.95,39020.0,25.3,26.4,99.0,coban_talun,"Coban Talun, Batu",1200,False,False,False
2026-09-30 15:00:00+07:00,25.3,25.5,54,0.0,59,11.1,0.35,33740.0,25.6,27.0,98.0,coban_talun,"Coban Talun, Batu",1200,False,False,False
2026-09-30 16:00:00+07:00,22.9,23.8,70,0.0,72,11.2,0.25,11800.0,33.5,34.7,97.0,coban_talun,"Coban Talun, Batu",1200,False,False,False
2026-09-30 17:00:00+07:00,21.0,22.8,84,0.1,80,8.8,0.4,13040.0,32.7,33.6,97.0,coban_talun,"Coban Talun, Batu",1200,False,False,False
2026-09-30 18:00:00+07:00,20.2,23.0,93,0.0,100,4.0,0.0,10460.0,22.7,23.6,97.0,coban_talun,"Coban Talun, Batu",1200,False,False,False
2026-09-30 19:00:00+07:00,20.2,23.3,93,0.0,88,2.5,0.0,14500.0,22.2,22.6,96.0,coban_talun,"Coban Talun, Batu",1200,False,False,False
2026-09-30 20:00:00+07:00,20.1,23.2,95,0.0,36,2.5,0.0,12880.0,22.6,23.0,95.0,coban_talun,"Coban Talun, Batu",1200,False,False,False
2026-09-30 21:00:00+07:00,19.9,23.1,96,0.0,16,1.9,0.0,13900.0,27.8,28.2,93.0,coban_talun,"Coban Talun, Batu",1200,False,False,False
2026-09-30 22:00:00+07:00,19.8,22.9,96,0.0,17,2.2,0.0,2560.0,33.5,34.1,92.0,coban_talun,"Coban Talun, Batu",1200,False,False,False
2026-09-30 23:00:00+07:00,19.6,22.7,97,0.0,16,2.1,0.0,5220.0,40.2,40.6,92.0,coban_talun,"Coban Talun, Batu",1200,False,False,False
2026-10-01 00:00:00+07:00,19.2,22.1,97,0.0,15,2.1,0.0,2740.0,44.9,45.5,92.0,coban_talun,"Coban Talun, Batu",1200,False,False,False
2026-10-01 01:00:00+07:00,18.6,21.4,97,0.0,24,1.9,0.0,840.0,46.9,47.5,93.0,coban_talun,"Coban Talun, Batu",1200,False,False,False
2026-10-01 02:00:00+07:00,18.2,20.7,95,0.0,35,1.4,0.0,460.0,47.1,47.8,94.0,coban_talun,"Coban Talun, Batu",1200,False,False,False
2026-10-01 03:00:00+07:00,17.9,20.1,94,0.0,42,1.7,0.0,420.0,47.0,47.8,95.0,coban_talun,"Coban Talun, Batu",1200,False,False,False
2026-10-01 04:00:00+07:00,17.6,19.6,93,0.0,61,2.3,0.0,460.0,45.1,45.9,96.0,coban_talun,"Coban Talun, Batu",1200,False,False,False
2026-10-01 05:00:00+07:00,17.7,19.6,91,0.0,66,2.1,0.0,480.0,45.8,46.6,96.0,coban_talun,"Coban Talun, Batu",1200,False,False,False
2026-10-01 06:00:00+07:00,18.9,20.7,85,0.0,14,2.6,0.2,1320.0,50.6,51.6,96.0,coban_talun,"Coban Talun, Batu",1200,False,False,False
2026-10-01 07:00:00+07:00,21.1,23.4,78,0.0,7,1.7,1.55,28600.0,36.4,37.8,96.0,coban_talun,"Coban Talun, Batu",1200,False,False,False
2026-10-01 08:00:00+07:00,23.2,24.7,67,0.0,33,5.8,3.75,31580.0,27.1,29.5,96.0,coban_talun,"Coban Talun, Batu",1200,False,False,False
2026-10-01 09:00:00+07:00,24.9,26.6,58,0.0,55,9.6,6.1,31580.0,23.5,26.0,96.0,coban_talun,"Coban Talun, Batu",1200,False,False,False
2026-10-01 10:00:00+07:00,26.1,28.5,54,0.0,48,10.7,7.4,34480.0,21.7,24.1,96.0,coban_talun,"Coban Talun, Batu",1200,False,False,False
2026-10-01 11:00:00+07:00,27.1,29.3,49,0.0,64,11.7,5.2,34540.0,26.3,28.9,96.0,coban_talun,"Coban Talun, Batu",1200,False,False,False
2026-10-01 12:00:00+07:00,27.0,30.0,53,0.3,93,11.4,3.85,4500.0,22.1,24.4,96.0,coban_talun,"Coban Talun, Batu",1200,False,False,False
2026-10-01 13:00:00+07:00,26.9,29.9,55,0.9,84,10.3,2.0,4940.0,22.6,24.7,96.0,coban_talun,"Coban Talun, Batu",1200,False,False,False
2026-10-01 14:00:00+07:00,26.8,29.0,53,0.6,84,9.7,0.85,6220.0,28.5,30.7,95.0,coban_talun,"Coban Talun, Batu",1200,False,False,False
2026-10-01 15:00:00+07:00,25.8,26.6,57,0.4,94,10.1,0.35,7800.0,31.0,33.1,96.0,coban_talun,"Coban Talun, Batu",1200,False,False,False
2026-10-01 16:00:00+07:00,24.8,26.1,62,0.2,94,7.7,0.15,25360.0,28.6,30.6,96.0,coban_talun,"Coban Talun, Batu",1200,False,False,False
2026-10-01 17:00:00+07:00,23.6,25.3,68,0.0,47,6.9,0.05,31720.0,29.1,30.7,96.0,coban_talun,"Coban Talun, Batu",1200,False,False,False
2026-10-01 18:00:00+07:00,22.1,24.4,78,0.0,38,4.3,0.0,28680.0,33.8,35.3,95.0,coban_talun,"Coban Talun, Batu",1200,False,False,False
2026-10-01 19:00:00+07:00,21.0,23.9,86,0.0,40,2.5,0.0,22560.0,37.1,38.5,96.0,coban_talun,"Coban Talun, Batu",1200,False,False,False
2026-10-01 20:00:00+07:00,20.0,22.9,93,0.0,30,2.8,0.0,19340.0,40.9,42.3,97.0,coban_talun,"Coban Talun, Batu",1200,False,False,False
2026-10-01 21:00:00+07:00,19.5,22.5,96,0.0,31,2.1,0.0,1520.0,44.9,46.3,99.0,coban_talun,"Coban Talun, Batu",1200,False,False,False
2026-10-01 22:00:00+07:00,19.3,22.4,96,0.0,39,1.4,0.0,840.0,50.4,51.7,100.0,coban_talun,"Coban Talun, Batu",1200,False,False,False
2026-10-01 23:00:00+07:00,19.0,21.9,96,0.0,69,1.2,0.0,600.0,51.9,53.2,102.0,coban_talun,"Coban Talun, Batu",1200,False,False,False
2026-10-02 00:00:00+07:00,18.7,21.5,96,0.0,100,0.9,0.0,680.0,48.3,49.6,103.0,coban_talun,"Coban Talun, Batu",1200,False,False,False
2026-10-02 01:00:00+07:00,18.5,21.3,96,0.0,100,0.8,0.0,1280.0,41.4,42.4,104.0,coban_talun,"Coban Talun, Batu",1200,False,False,False
2026-10-02 02:00:00+07:00,18.2,21.1,98,0.0,100,0.3,0.0,2400.0,36.8,37.6,103.0,coban_talun,"Coban Talun, Batu",1200,False,False,False
2026-10-02 03:00:00+07:00,17.9,20.8,99,0.1,100,0.3,0.0,1600.0,33.6,34.6,102.0,coban_talun,"Coban Talun, Batu",1200,False,False,False
2026-10-02 04:00:00+07:00,17.9,20.6,100,0.1,100,0.7,0.0,320.0,32.6,33.5,101.0,coban_talun,"Coban Talun, Batu",1200,False,False,False
2026-10-02 05:00:00+07:00,17.7,20.3,100,0.0,100,1.1,0.0,300.0,32.5,33.3,99.0,coban_talun,"Coban Talun, Batu",1200,False,False,False
2026-10-02 06:00:00+07:00,18.5,21.1,97,0.0,100,2.2,0.2,1440.0,39.3,40.4,98.0,coban_talun,"Coban Talun, Batu",1200,False,False,False
2026-10-02 07:00:00+07:00,20.7,23.5,87,0.0,100,1.9,1.55,18320.0,29.7,32.0,98.0,coban_talun,"Coban Talun, Batu",1200,False,False,False
2026-10-02 08:00:00+07:00,22.1,24.5,79,0.3,86,4.4,3.75,13540.0,24.0,27.0,97.0,coban_talun,"Coban Talun, Batu",1200,False,False,False
2026-10-02 09:00:00+07:00,23.7,26.4,70,0.3,67,7.3,6.15,8740.0,20.3,22.8,97.0,coban_talun,"Coban Talun, Batu",1200,False,False,False
2026-10-02 10:00:00+07:00,25.1,28.2,64,0.3,57,9.2,8.05,3960.0,20.0,22.4,96.0,coban_talun,"Coban Talun, Batu",1200,False,False,False
2026-10-02 11:00:00+07:00,26.1,29.7,59,0.7,64,9.3,8.85,3940.0,19.3,21.5,96.0,coban_talun,"Coban Talun, Batu",1200,False,False,False
2026-10-02 12:00:00+07:00,26.8,30.3,55,0.7,80,8.5,3.7,3920.0,19.6,21.8,96.0,coban_talun,"Coban Talun, Batu",1200,False,False,False
2026-10-02 13:00:00+07:00,26.9,29.9,54,0.7,92,7.9,1.25,3900.0,20.3,22.4,96.0,coban_talun,"Coban Talun, Batu",1200,False,False,False
2026-10-02 14:00:00+07:00,26.4,28.1,56,1.1,97,7.9,0.85,5560.0,24.2,26.3,95.0,coban_talun,"Coban Talun, Batu",1200,False,False,False
2026-10-02 15:00:00+07:00,25.3,26.7,61,1.1,98,8.0,0.55,7200.0,28.1,30.3,95.0,coban_talun,"Coban Talun, Batu",1200,False,False,False
2026-10-02 16:00:00+07:00,24.1,25.7,67,1.1,99,7.6,0.65,8860.0,29.6,31.4,95.0,coban_talun,"Coban Talun, Batu",1200,False,False,False
2026-10-02 17:00:00+07:00,22.8,24.7,74,0.0,100,6.3,0.4,11680.0,21.4,22.8,95.0,coban_talun,"Coban Talun, Batu",1200,False,False,False
2026-10-02 18:00:00+07:00,21.4,23.7,83,0.0,100,5.2,0.0,14500.0,28.1,29.3,94.0,coban_talun,"Coban Talun, Batu",1200,False,False,False
2026-10-02 19:00:00+07:00,20.3,22.8,91,0.0,100,4.8,0.0,17320.0,31.9,33.3,94.0,coban_talun,"Coban Talun, Batu",1200,False,False,False
2026-10-02 20:00:00+07:00,19.6,22.5,95,0.0,88,3.2,0.0,11700.0,34.2,35.9,93.0,coban_talun,"Coban Talun, Batu",1200,False,False,False
2026-10-02 21:00:00+07:00,19.2,22.3,97,0.0,72,1.2,0.0,6100.0,34.9,36.7,93.0,coban_talun,"Coban Talun, Batu",1200,False,False,False
2026-10-02 22:00:00+07:00,18.9,22.0,98,0.0,64,0.9,0.0,480.0,36.0,37.7,92.0,coban_talun,"Coban Talun, Batu",1200,False,False,False
2026-10-02 23:00:00+07:00,18.6,21.5,98,0.0,72,1.2,0.0,460.0,36.1,37.8,91.0,coban_talun,"Coban Talun, Batu",1200,False,False,False
2026-10-03 00:00:00+07:00,18.4,21.1,97,0.0,88,1.2,0.0,440.0,38.4,39.9,90.0,coban_talun,"Coban Talun, Batu",1200,False,True,False
2026-10-03 01:00:00+07:00,18.2,20.9,96,0.0,99,0.9,0.0,420.0,40.5,41.9,89.0,coban_talun,"Coban Talun, Batu",1200,False,True,False
2026-10-03 02:00:00+07:00,18.1,20.6,95,0.0,100,1.0,0.0,620.0,42.1,43.5,89.0,coban_talun,"Coban Talun, Batu",1200,False,True,False
2026-10-03 03:00:00+07:00,18.0,20.3,94,0.0,100,1.2,0.0,800.0,44.0,45.4,89.0,coban_talun,"Coban Talun, Batu",1200,False,True,False
2026-10-03 04:00:00+07:00,18.2,20.5,93,0.0,92,1.0,0.0,1000.0,45.5,47.0,90.0,coban_talun,"Coban Talun, Batu",1200,False,True,False
2026-10-03 05:00:00+07:00,18.6,21.1,91,0.0,69,0.5,0.0,8580.0,48.5,50.2,91.0,coban_talun,"Coban Talun, Batu",1200,False,True,False
2026-10-03 06:00:00+07:00,19.3,21.9,88,0.0,39,0.4,0.2,16180.0,55.5,57.5,92.0,coban_talun,"Coban Talun, Batu",1200,False,True,False
2026-10-03 07:00:00+07:00,20.4,22.9,83,0.0,18,1.7,1.55,23760.0,42.0,44.4,94.0,coban_talun,"Coban Talun, Batu",1200,False,True,False
2026-10-03 08:00:00+07:00,22.2,24.2,74,0.0,15,3.8,3.8,18600.0,,,95.0,coban_talun,"Coban Talun, Batu",1200,False,True,False
2026-10-03 09:00:00+07:00,24.3,26.5,63,0.0,22,6.4,6.15,13440.0,,,,coban_talun,"Coban Talun, Batu",1200,False,True,False
2026-10-03 10:00:00+07:00,25.9,28.6,57,0.0,30,8.4,7.25,8280.0,,,,coban_talun,"Coban Talun, Batu",1200,False,True,False
2026-10-03 11:00:00+07:00,26.6,29.4,54,0.5,39,10.0,6.75,8320.0,,,,coban_talun,"Coban Talun, Batu",1200,False,True,False
2026-10-03 12:00:00+07:00,26.8,29.4,53,0.5,50,11.1,1.5,8360.0,,,,coban_talun,"Coban Talun, Batu",1200,False,True,False
2026-10-03 13:00:00+07:00,26.7,28.8,53,0.5,56,11.9,0.85,8400.0,,,,coban_talun,"Coban Talun, Batu",1200,False,True,False
2026-10-03 14:00:00+07:00,26.5,27.4,52,0.0,53,12.1,1.1,17120.0,,,,coban_talun,"Coban Talun, Batu",1200,False,True,False
2026-10-03 15:00:00+07:00,26.0,25.9,51,0.0,46,12.0,0.7,25820.0,,,,coban_talun,"Coban Talun, Batu",1200,False,True,False
2026-10-03 16:00:00+07:00,25.1,25.3,53,0.0,37,10.6,0.5,34540.0,,,,coban_talun,"Coban Talun, Batu",1200,False,True,False
2026-10-03 17:00:00+07:00,23.5,24.6,63,0.0,26,7.0,0.25,26860.0,,,,coban_talun,"Coban Talun, Batu",1200,False,True,False
2026-10-03 18:00:00+07:00,21.6,23.9,78,0.0,13,2.9,0.0,19160.0,,,,coban_talun,"Coban Talun, Batu",1200,False,True,False
2026-10-03 19:00:00+07:00,20.1,23.0,92,0.0,9,3.1,0.0,11480.0,,,,coban_talun,"Coban Talun, Batu",1200,False,True,False
2026-10-03 20:00:00+07:00,19.7,22.7,97,0.0,18,3.5,0.0,7880.0,,,,coban_talun,"Coban Talun, Batu",1200,False,True,False
2026-10-03 21:00:00+07:00,19.9,22.9,96,0.0,34,3.2,0.0,4280.0,,,,coban_talun,"Coban Talun, Batu",1200,False,True,False
2026-10-03 22:00:00+07:00,19.9,22.9,96,0.0,51,2.8,0.0,680.0,,,,coban_talun,"Coban Talun, Batu",1200,False,True,False
2026-10-03 23:00:00+07:00,19.4,22.4,97,0.0,70,3.0,0.0,520.0,,,,coban_talun,"Coban Talun, Batu",1200,False,True,False
2026-10-04 00:00:00+07:00,18.8,21.6,99,0.0,91,3.4,0.0,380.0,,,,coban_talun,"Coban Talun, Batu",1200,False,True,False
2026-10-04 01:00:00+07:00,18.3,20.8,100,0.0,100,3.9,0.0,220.0,,,,coban_talun,"Coban Talun, Batu",1200,False,True,False
2026-10-04 02:00:00+07:00,18.0,20.4,100,0.0,91,3.7,0.0,320.0,,,,coban_talun,"Coban Talun, Batu",1200,False,True,False
2026-10-04 03:00:00+07:00,17.7,20.1,100,0.0,71,2.9,0.0,400.0,,,,coban_talun,"Coban Talun, Batu",1200,False,True,False
2026-10-04 04:00:00+07:00,17.9,20.3,97,0.0,52,2.1,0.0,500.0,,,,coban_talun,"Coban Talun, Batu",1200,False,True,False
2026-10-04 05:00:00+07:00,18.8,21.2,90,0.0,36,1.0,0.0,9860.0,,,,coban_talun,"Coban Talun, Batu",1200,False,True,False
2026-10-04 06:00:00+07:00,20.0,22.4,82,0.0,22,0.4,0.25,19220.0,,,,coban_talun,"Coban Talun, Batu",1200,False,True,False
2026-10-04 07:00:00+07:00,21.5,23.5,74,0.0,13,2.2,1.85,28580.0,,,,coban_talun,"Coban Talun, Batu",1200,False,True,False
2026-10-04 08:00:00+07:00,23.2,24.8,66,0.0,13,5.0,4.55,30540.0,,,,coban_talun,"Coban Talun, Batu",1200,False,True,False
2026-10-04 09:00:00+07:00,25.1,27.1,58,0.0,19,8.2,6.25,32500.0,,,,coban_talun,"Coban Talun, Batu",1200,False,True,False
2026-10-04 10:00:00+07:00,26.7,29.1,52,0.0,27,10.7,6.95,34460.0,,,,coban_talun,"Coban Talun, Batu",1200,False,True,False
2026-10-04 11:00:00+07:00,27.6,30.0,48,0.0,39,11.7,6.95,36000.0,,,,coban_talun,"Coban Talun, Batu",1200,False,True,False
2026-10-04 12:00:00+07:00,28.2,30.5,46,0.0,54,12.2,5.75,37560.0,,,,coban_talun,"Coban Talun, Batu",1200,False,True,False
2026-10-04 13:00:00+07:00,28.6,30.5,44,0.0,64,12.4,3.95,39100.0,,,,coban_talun,"Coban Talun, Batu",1200,False,True,False
2026-10-04 14:00:00+07:00,27.6,29.0,47,0.3,41,10.3,1.9,16060.0,,,,coban_talun,"Coban Talun, Batu",1200,False,True,False
2026-10-04 15:00:00+07:00,26.5,27.6,53,0.3,39,8.1,0.95,16120.0,,,,coban_talun,"Coban Talun, Batu",1200,False,True,False
2026-10-04 16:00:00+07:00,25.1,26.8,61,0.3,38,5.5,0.45,16180.0,,,,coban_talun,"Coban Talun, Batu",1200,False,True,False
2026-10-04 17:00:00+07:00,23.5,25.9,71,0.3,39,3.1,0.2,16220.0,,,,coban_talun,"Coban Talun, Batu",1200,False,True,False
2026-10-04 18:00:00+07:00,22.0,24.8,82,0.3,41,3.2,0.0,16280.0,,,,coban_talun,"Coban Talun, Batu",1200,False,True,False
2026-10-04 19:00:00+07:00,21.0,23.9,90,0.3,45,4.1,0.0,16340.0,,,,coban_talun,"Coban Talun, Batu",1200,False,True,False
2026-10-04 20:00:00+07:00,20.3,23.3,95,0.0,52,4.6,0.0,13640.0,,,,coban_talun,"Coban Talun, Batu",1200,False,True,False
2026-10-04 21:00:00+07:00,19.9,23.0,98,0.0,64,4.3,0.0,10960.0,,,,coban_talun,"Coban Talun, Batu",1200,False,True,False
2026-10-04 22:00:00+07:00,19.5,22.6,100,0.0,77,3.8,0.0,8260.0,,,,coban_talun,"Coban Talun, Batu",1200,False,True,False
2026-10-04 23:00:00+07:00,19.3,22.4,100,0.0,89,3.1,0.0,5560.0,,,,coban_talun,"Coban Talun, Batu",1200,False,True,False
2026-09-26 00:00:00+07:00,19.6,21.3,82,0.0,9,3.9,0.0,25320.0,45.3,47.5,127.0,jatim_park,"Jatim Park 2, Batu",900,False,True,False
2026-09-26 01:00:00+07:00,19.4,20.9,81,0.0,2,4.7,0.0,25340.0,45.8,47.8,123.0,jatim_park,"Jatim Park 2, Batu",900,False,True,False
2026-09-26 02:00:00+07:00,19.1,20.7,82,0.0,1,2.9,0.0,25340.0,50.2,52.2,121.0,jatim_park,"Jatim Park 2, Batu",900,False,True,False
2026-09-26 03:00:00+07:00,18.8,20.4,81,0.0,0,1.9,0.0,28680.0,48.2,50.6,119.0,jatim_park,"Jatim Park 2, Batu",900,False,True,False
2026-09-26 04:00:00+07:00,18.4,20.1,82,0.0,0,1.2,0.0,28660.0,47.1,49.7,116.0,jatim_park,"Jatim Park 2, Batu",900,False,True,False
2026-09-26 05:00:00+07:00,18.0,19.5,83,0.0,0,1.9,0.0,25320.0,49.6,52.2,115.0,jatim_park,"Jatim Park 2, Batu",900,False,True,False
2026-09-26 06:00:00+07:00,18.9,19.9,77,0.0,0,3.7,0.15,28620.0,44.5,47.1,114.0,jatim_park,"Jatim Park 2, Batu",900,False,True,False
2026-09-26 07:00:00+07:00,23.8,23.2,41,0.0,5,3.7,1.45,42100.0,35.2,37.5,112.0,jatim_park,"Jatim Park 2, Batu",900,False,True,False
2026-09-26 08:00:00+07:00,26.3,24.9,31,0.0,17,5.5,3.65,42080.0,29.9,30.6,112.0,jatim_park,"Jatim Park 2, Batu",900,False,True,False
2026-09-26 09:00:00+07:00,28.1,27.7,28,0.0,27,6.8,5.95,42080.0,27.6,28.5,111.0,jatim_park,"Jatim Park 2, Batu",900,False,True,False
2026-09-26 10:00:00+07:00,29.2,29.4,28,0.0,41,10.1,7.9,42100.0,27.9,28.9,111.0,jatim_park,"Jatim Park 2, Batu",900,False,True,False
2026-09-26 11:00:00+07:00,29.6,30.4,29,0.0,5,10.7,9.15,42140.0,27.4,28.4,111.0,jatim_park,"Jatim Park 2, Batu",900,False,True,False
2026-09-26 12:00:00+07:00,29.8,30.9,30,0.0,13,11.2,8.5,42180.0,27.1,28.1,111.0,jatim_park,"Jatim Park 2, Batu",900,False,True,False
2026-09-26 13:00:00+07:00,30.0,31.3,32,0.0,17,10.4,3.9,42220.0,27.0,28.0,111.0,jatim_park,"Jatim Park 2, Batu",900,False,True,False
2026-09-26 14:00:00+07:00,28.3,29.0,39,0.0,10,11.7,2.45,39020.0,26.9,28.2,111.0,jatim_park,"Jatim Park 2, Batu",900,False,True,False
2026-09-26 15:00:00+07:00,26.9,27.2,48,0.0,77,12.3,1.95,34500.0,25.9,27.1,112.0,jatim_park,"Jatim Park 2, Batu",900,False,True,False
2026-09-26 16:00:00+07:00,24.7,25.2,58,0.0,30,10.3,0.8,34580.0,25.8,27.0,135.0,jatim_park,"Jatim Park 2, Batu",900,False,True,False
2026-09-26 17:00:00+07:00,23.3,24.5,64,0.0,7,5.8,0.5,29620.0,34.5,35.5,149.0,jatim_park,"Jatim Park 2, Batu",900,False,True,False
2026-09-26 18:00:00+07:00,22.1,23.9,69,0.0,20,2.5,0.05,31700.0,58.2,59.6,147.0,jatim_park,"Jatim Park 2, Batu",900,False,True,False
2026-09-26 19:00:00+07:00,22.0,23.1,65,0.0,33,4.6,0.0,31660.0,82.4,84.8,130.0,jatim_park,"Jatim Park 2, Batu",900,False,True,False
2026-09-26 20:00:00+07:00,21.3,22.6,70,0.0,31,4.0,0.0,31660.0,95.9,98.0,114.0,jatim_park,"Jatim Park 2, Batu",900,False,True,False
2026-09-26 21:00:00+07:00,20.8,22.2,74,0.0,52,4.2,0.0,28640.0,100.8,102.9,119.0,jatim_park,"Jatim Park 2, Batu",900,False,True,False
2026-09-26 22:00:00+07:00,20.6,22.1,76,0.0,58,4.0,0.0,28660.0,107.3,109.2,124.0,jatim_park,"Jatim Park 2, Batu",900,False,True,False
2026-09-26 23:00:00+07:00,20.3,21.6,77,0.0,61,5.4,0.0,28660.0,111.1,112.9,130.0,jatim_park,"Jatim Park 2, Batu",900,False,True,False
2026-09-27 00:00:00+07:00,20.0,21.1,76,0.0,6,6.1,0.0,28680.0,107.1,108.7,136.0,jatim_park,"Jatim Park 2, Batu",900,False,True,False
2026-09-27 01:00:00+07:00,19.3,18.9,63,0.0,0,7.8,0.0,31740.0,94.3,96.4,143.0,jatim_park,"Jatim Park 2, Batu",900,False,True,False
2026-09-27 02:00:00+07:00,19.0,18.5,60,0.0,20,5.1,0.0,34580.0,87.5,89.9,148.0,jatim_park,"Jatim Park 2, Batu",900,False,True,False
2026-09-27 03:00:00+07:00,18.6,18.1,59,0.0,30,4.1,0.0,34580.0,79.9,82.2,151.0,jatim_park,"Jatim Park 2, Batu",900,False,True,False
2026-09-27 04:00:00+07:00,18.2,17.9,60,0.0,16,2.8,0.0,34560.0,72.9,75.2,151.0,jatim_park,"Jatim Park 2, Batu",900,False,True,False
2026-09-27 05:00:00+07:00,17.8,17.8,65,0.0,9,2.8,0.0,31700.0,66.6,68.9,152.0,jatim_park,"Jatim Park 2, Batu",900,False,True,False
2026-09-27 06:00:00+07:00,18.8,19.1,66,0.0,8,3.5,0.15,31660.0,66.4,68.5,153.0,jatim_park,"Jatim Park 2, Batu",900,False,True,False
2026-09-27 07:00:00+07:00,23.1,22.4,39,0.0,2,2.0,1.45,42140.0,31.9,34.6,153.0,jatim_park,"Jatim Park 2, Batu",900,False,True,False
2026-09-27 08:00:00+07:00,25.3,24.3,36,0.0,0,4.8,3.65,42120.0,24.3,25.1,153.0,jatim_park,"Jatim Park 2, Batu",900,False,True,False
2026-09-27 09:00:00+07:00,27.2,27.0,33,0.0,0,8.0,5.85,42120.0,21.0,21.5,153.0,jatim_park,"Jatim Park 2, Batu",900,False,True,False
2026-09-27 10:00:00+07:00,28.3,28.5,31,0.0,2,10.4,7.5,42140.0,20.7,21.3,153.0,jatim_park,"Jatim Park 2, Batu",900,False,True,False
2026-09-27 11:00:00+07:00,29.0,29.2,29,0.0,15,12.7,8.6,42160.0,21.2,22.0,153.0,jatim_park,"Jatim Park 2, Batu",900,False,True,False
2026-09-27 12:00:00+07:00,29.7,30.0,28,0.0,24,13.8,2.75,42180.0,22.2,23.0,153.0,jatim_park,"Jatim Park 2, Batu",900,False,True,False
2026-09-27 13:00:00+07:00,29.9,30.5,28,0.0,20,10.4,1.2,42220.0,22.8,23.6,152.0,jatim_park,"Jatim Park 2, Batu",900,False,True,False
2026-09-27 14:00:00+07:00,28.2,28.3,36,0.0,31,11.6,0.65,14020.0,23.3,24.2,152.0,jatim_park,"Jatim Park 2, Batu",900,False,True,False
2026-09-27 15:00:00+07:00,25.2,25.3,55,0.1,36,12.0,0.95,10980.0,23.5,24.4,152.0,jatim_park,"Jatim Park 2, Batu",900,False,True,False
2026-09-27 16:00:00+07:00,24.1,25.3,65,0.1,40,9.2,1.0,18020.0,24.0,25.2,152.0,jatim_park,"Jatim Park 2, Batu",900,False,True,False
2026-09-27 17:00:00+07:00,22.4,24.3,72,0.0,53,4.8,0.55,8160.0,27.5,29.0,152.0,jatim_park,"Jatim Park 2, Batu",900,False,True,False
2026-09-27 18:00:00+07:00,21.2,23.6,80,0.2,27,2.3,0.05,14580.0,38.2,39.6,152.0,jatim_park,"Jatim Park 2, Batu",900,False,True,False
2026-09-27 19:00:00+07:00,20.9,23.7,88,0.0,23,2.6,0.0,7420.0,61.5,62.9,151.0,jatim_park,"Jatim Park 2, Batu",900,False,True,False
2026-09-27 20:00:00+07:00,20.8,23.7,87,0.0,6,2.4,0.0,7480.0,69.2,70.8,151.0,jatim_park,"Jatim Park 2, Batu",900,False,True,False
2026-09-27 21:00:00+07:00,20.2,23.4,91,0.0,13,0.6,0.0,7940.0,83.1,84.8,149.0,jatim_park,"Jatim Park 2, Batu",900,False,True,False
2026-09-27 22:00:00+07:00,20.0,22.7,89,0.0,8,1.7,0.0,3460.0,78.5,80.3,147.0,jatim_park,"Jatim Park 2, Batu",900,False,True,False
2026-09-27 23:00:00+07:00,19.7,22.2,89,0.0,13,2.3,0.0,1980.0,79.6,80.8,144.0,jatim_park,"Jatim Park 2, Batu",900,False,True,False
2026-09-28 00:00:00+07:00,19.4,21.7,87,0.0,8,1.5,0.0,2560.0,81.3,82.2,141.0,jatim_park,"Jatim Park 2, Batu",900,False,False,False
2026-09-28 01:00:00+07:00,19.0,21.0,87,0.0,9,2.1,0.0,2480.0,81.0,82.2,138.0,jatim_park,"Jatim Park 2, Batu",900,False,False,False
2026-09-28 02:00:00+07:00,18.7,20.4,85,0.0,5,2.4,0.0,2120.0,78.7,79.4,137.0,jatim_park,"Jatim Park 2, Batu",900,False,False,False
2026-09-28 03:00:00+07:00,18.6,20.1,81,0.0,5,2.2,0.0,2420.0,76.1,77.1,136.0,jatim_park,"Jatim Park 2, Batu",900,False,False,False
2026-09-28 04:00:00+07:00,18.4,19.5,79,0.0,3,2.7,0.0,3260.0,72.6,73.1,136.0,jatim_park,"Jatim Park 2, Batu",900,False,False,False
2026-09-28 05:00:00+07:00,18.2,19.2,76,0.0,2,1.9,0.0,4660.0,70.3,71.0,136.0,jatim_park,"Jatim Park 2, Batu",900,False,False,False
2026-09-28 06:00:00+07:00,19.5,20.3,69,0.0,1,2.6,0.15,17460.0,71.9,72.6,136.0,jatim_park,"Jatim Park 2, Batu",900,False,False,False
2026-09-28 07:00:00+07:00,21.7,22.7,62,0.0,0,1.9,1.5,31560.0,44.9,46.2,137.0,jatim_park,"Jatim Park 2, Batu",900,False,False,False
2026-09-28 08:00:00+07:00,23.7,24.4,56,0.0,0,5.2,3.7,34400.0,28.7,30.5,138.0,jatim_park,"Jatim Park 2, Batu",900,False,False,False
2026-09-28 09:00:00+07:00,25.4,27.1,55,0.0,0,9.4,6.05,14020.0,27.2,29.0,139.0,jatim_park,"Jatim Park 2, Batu",900,False,False,False
2026-09-28 10:00:00+07:00,26.7,29.0,51,0.0,14,11.2,7.35,14380.0,26.1,28.0,139.0,jatim_park,"Jatim Park 2, Batu",900,False,False,False
2026-09-28 11:00:00+07:00,27.6,29.4,45,0.0,30,12.6,5.2,13420.0,25.3,27.2,140.0,jatim_park,"Jatim Park 2, Batu",900,False,False,False
2026-09-28 12:00:00+07:00,28.2,29.9,41,0.0,70,11.8,1.3,38960.0,24.9,26.8,140.0,jatim_park,"Jatim Park 2, Batu",900,False,False,False
2026-09-28 13:00:00+07:00,29.0,30.7,38,0.0,50,9.0,0.85,39000.0,23.9,26.0,140.0,jatim_park,"Jatim Park 2, Batu",900,False,False,False
2026-09-28 14:00:00+07:00,28.1,28.9,43,0.0,20,9.9,0.9,39000.0,22.5,25.0,141.0,jatim_park,"Jatim Park 2, Batu",900,False,False,False
2026-09-28 15:00:00+07:00,27.4,27.9,48,0.0,99,9.3,0.55,39020.0,22.1,25.0,140.0,jatim_park,"Jatim Park 2, Batu",900,False,False,False
2026-09-28 16:00:00+07:00,26.1,27.0,55,0.0,100,8.8,0.3,34520.0,23.7,26.3,140.0,jatim_park,"Jatim Park 2, Batu",900,False,False,False
2026-09-28 17:00:00+07:00,24.2,25.7,65,0.0,70,7.1,0.25,31660.0,29.3,31.7,140.0,jatim_park,"Jatim Park 2, Batu",900,False,False,False
2026-09-28 18:00:00+07:00,22.5,24.9,76,0.0,51,3.9,0.05,28640.0,46.4,48.8,140.0,jatim_park,"Jatim Park 2, Batu",900,False,False,False
2026-09-28 19:00:00+07:00,21.8,24.7,82,0.0,81,1.5,0.0,25280.0,59.6,61.7,141.0,jatim_park,"Jatim Park 2, Batu",900,False,False,False
2026-09-28 20:00:00+07:00,21.1,24.1,85,0.0,84,1.3,0.0,2120.0,72.2,74.0,141.0,jatim_park,"Jatim Park 2, Batu",900,False,False,False
2026-09-28 21:00:00+07:00,20.4,23.1,87,0.0,75,2.1,0.0,740.0,85.0,86.6,141.0,jatim_park,"Jatim Park 2, Batu",900,False,False,False
2026-09-28 22:00:00+07:00,20.0,22.5,86,0.0,77,2.1,0.0,700.0,92.7,94.1,142.0,jatim_park,"Jatim Park 2, Batu",900,False,False,False
2026-09-28 23:00:00+07:00,19.4,21.7,87,0.0,80,1.9,0.0,880.0,91.3,92.7,143.0,jatim_park,"Jatim Park 2, Batu",900,False,False,False
2026-09-29 00:00:00+07:00,18.8,20.8,88,0.0,80,2.8,0.0,1000.0,92.4,93.4,144.0,jatim_park,"Jatim Park 2, Batu",900,False,False,False
2026-09-29 01:00:00+07:00,18.5,20.3,88,0.0,88,3.3,0.0,1280.0,94.1,95.0,146.0,jatim_park,"Jatim Park 2, Batu",900,False,False,False
2026-09-29 02:00:00+07:00,18.3,19.9,87,0.0,83,3.3,0.0,880.0,94.3,95.2,147.0,jatim_park,"Jatim Park 2, Batu",900,False,False,False
2026-09-29 03:00:00+07:00,18.4,20.0,85,0.0,55,2.4,0.0,880.0,91.5,92.4,148.0,jatim_park,"Jatim Park 2, Batu",900,False,False,False
2026-09-29 04:00:00+07:00,18.3,19.9,83,0.0,19,2.2,0.0,960.0,85.2,86.4,150.0,jatim_park,"Jatim Park 2, Batu",900,False,False,False
2026-09-29 05:00:00+07:00,18.4,19.8,81,0.0,15,1.9,0.0,1160.0,85.4,86.6,150.0,jatim_park,"Jatim Park 2, Batu",900,False,False,False
2026-09-29 06:00:00+07:00,19.8,21.1,74,0.0,11,2.4,0.15,3200.0,86.6,88.0,151.0,jatim_park,"Jatim Park 2, Batu",900,False,False,False
2026-09-29 07:00:00+07:00,22.9,24.3,61,0.0,12,1.8,1.5,31560.0,64.7,67.3,151.0,jatim_park,"Jatim Park 2, Batu",900,False,False,False
2026-09-29 08:00:00+07:00,25.3,26.0,51,0.0,11,5.0,3.7,34400.0,43.0,44.6,152.0,jatim_park,"Jatim Park 2, Batu",900,False,False,False
2026-09-29 09:00:00+07:00,27.5,28.7,43,0.0,11,7.5,6.05,38860.0,34.8,36.7,152.0,jatim_park,"Jatim Park 2, Batu",900,False,False,False
2026-09-29 10:00:00+07:00,28.4,30.2,42,0.0,0,10.9,8.0,38900.0,33.3,34.9,153.0,jatim_park,"Jatim Park 2, Batu",900,False,False,False
2026-09-29 11:00:00+07:00,29.1,31.3,40,0.0,5,12.0,9.25,38940.0,33.6,35.3,153.0,jatim_park,"Jatim Park 2, Batu",900,False,False,False
2026-09-29 12:00:00+07:00,29.3,31.4,40,0.0,13,12.2,4.4,29640.0,33.9,35.4,153.0,jatim_park,"Jatim Park 2, Batu",900,False,False,False
2026-09-29 13:00:00+07:00,28.6,29.9,43,0.0,21,10.1,1.05,21340.0,34.6,36.0,153.0,jatim_park,"Jatim Park 2, Batu",900,False,False,False
2026-09-29 14:00:00+07:00,27.7,29.5,47,0.0,41,6.7,0.55,22400.0,31.5,32.9,154.0,jatim_park,"Jatim Park 2, Batu",900,False,False,False
2026-09-29 15:00:00+07:00,27.2,28.1,48,0.0,52,7.8,0.65,39020.0,33.5,35.0,154.0,jatim_park,"Jatim Park 2, Batu",900,False,False,False
2026-09-29 16:00:00+07:00,25.5,26.0,53,0.0,44,8.3,1.05,34540.0,36.3,37.8,154.0,jatim_park,"Jatim Park 2, Batu",900,False,False,False
2026-09-29 17:00:00+07:00,23.5,24.6,64,0.0,36,7.7,0.95,23740.0,35.5,36.7,155.0,jatim_park,"Jatim Park 2, Batu",900,False,False,False
2026-09-29 18:00:00+07:00,22.0,23.8,75,0.0,10,5.7,0.05,24020.0,31.4,32.0,155.0,jatim_park,"Jatim Park 2, Batu",900,False,False,False
2026-09-29 19:00:00+07:00,21.0,23.3,84,0.0,13,4.4,0.0,23780.0,40.2,40.7,154.0,jatim_park,"Jatim Park 2, Batu",900,False,False,False
2026-09-29 20:00:00+07:00,20.5,23.3,89,0.0,14,2.2,0.0,21940.0,43.5,44.2,154.0,jatim_park,"Jatim Park 2, Batu",900,False,False,False
2026-09-29 21:00:00+07:00,20.3,23.4,91,0.0,22,0.8,0.0,5040.0,40.4,41.2,153.0,jatim_park,"Jatim Park 2, Batu",900,False,False,False
2026-09-29 22:00:00+07:00,20.0,22.9,92,0.0,28,1.8,0.0,800.0,40.7,41.7,152.0,jatim_park,"Jatim Park 2, Batu",900,False,False,False
2026-09-29 23:00:00+07:00,19.2,22.0,95,0.0,32,2.2,0.0,340.0,37.0,38.1,150.0,jatim_park,"Jatim Park 2, Batu",900,False,False,False
2026-09-30 00:00:00+07:00,18.8,21.3,95,0.0,38,2.5,0.0,320.0,31.3,32.2,144.0,jatim_park,"Jatim Park 2, Batu",900,False,False,False
2026-09-30 01:00:00+07:00,18.2,20.4,94,0.0,38,2.2,0.0,340.0,31.4,32.5,138.0,jatim_park,"Jatim Park 2, Batu",900,False,False,False
2026-09-30 02:00:00+07:00,17.9,19.8,92,0.0,35,2.3,0.0,460.0,34.9,36.1,131.0,jatim_park,"Jatim Park 2, Batu",900,False,False,False
2026-09-30 03:00:00+07:00,17.7,19.5,89,0.0,38,2.2,0.0,620.0,38.9,39.8,125.0,jatim_park,"Jatim Park 2, Batu",900,False,False,False
2026-09-30 04:00:00+07:00,17.7,19.3,88,0.0,31,2.7,0.0,860.0,41.4,42.4,120.0,jatim_park,"Jatim Park 2, Batu",900,False,False,False
2026-09-30 05:00:00+07:00,18.0,19.3,84,0.0,35,3.2,0.0,960.0,44.8,45.6,115.0,jatim_park,"Jatim Park 2, Batu",900,False,False,False
2026-09-30 06:00:00+07:00,19.7,21.0,76,0.0,49,3.7,0.2,6160.0,51.3,52.0,111.0,jatim_park,"Jatim Park 2, Batu",900,False,False,False
2026-09-30 07:00:00+07:00,22.3,23.8,65,0.0,22,2.2,1.5,31600.0,38.4,39.2,107.0,jatim_park,"Jatim Park 2, Batu",900,False,False,False
2026-09-30 08:00:00+07:00,25.0,25.4,49,0.0,4,5.5,3.75,38880.0,29.2,30.7,105.0,jatim_park,"Jatim Park 2, Batu",900,False,False,False
2026-09-30 09:00:00+07:00,27.2,27.9,41,0.0,1,7.9,6.05,38880.0,25.5,27.0,103.0,jatim_park,"Jatim Park 2, Batu",900,False,False,False
2026-09-30 10:00:00+07:00,28.3,29.3,39,0.0,9,11.5,5.25,38900.0,23.9,25.1,102.0,jatim_park,"Jatim Park 2, Batu",900,False,False,False
2026-09-30 11:00:00+07:00,28.8,30.2,39,0.0,20,12.7,1.5,38940.0,23.7,25.0,101.0,jatim_park,"Jatim Park 2, Batu",900,False,False,False
2026-09-30 12:00:00+07:00,28.8,30.0,41,0.0,43,12.7,0.9,38980.0,24.2,25.4,100.0,jatim_park,"Jatim Park 2, Batu",900,False,False,False
2026-09-30 13:00:00+07:00,29.1,30.4,41,0.0,64,11.4,0.7,38940.0,25.2,26.3,99.0,jatim_park,"Jatim Park 2, Batu",900,False,False,False
2026-09-30 14:00:00+07:00,28.0,28.7,45,0.0,46,11.7,0.7,39020.0,25.3,26.4,99.0,jatim_park,"Jatim Park 2, Batu",900,False,False,False
2026-09-30 15:00:00+07:00,26.1,26.6,54,0.0,59,11.1,0.45,33740.0,25.6,27.0,98.0,jatim_park,"Jatim Park 2, Batu",900,False,False,False
2026-09-30 16:00:00+07:00,23.7,24.9,70,0.0,72,11.2,0.25,11800.0,33.5,34.7,97.0,jatim_park,"Jatim Park 2, Batu",900,False,False,False
2026-09-30 17:00:00+07:00,21.8,24.0,84,0.1,80,8.8,0.3,13040.0,32.7,33.6,97.0,jatim_park,"Jatim Park 2, Batu",900,False,False,False
2026-09-30 18:00:00+07:00,21.0,24.1,93,0.0,100,4.0,0.0,10460.0,22.7,23.6,97.0,jatim_park,"Jatim Park 2, Batu",900,False,False,False
2026-09-30 19:00:00+07:00,21.0,24.4,93,0.0,88,2.5,0.0,14500.0,22.2,22.6,96.0,jatim_park,"Jatim Park 2, Batu",900,False,False,False
2026-09-30 20:00:00+07:00,20.9,24.4,95,0.0,36,2.5,0.0,12880.0,22.6,23.0,95.0,jatim_park,"Jatim Park 2, Batu",900,False,False,False
2026-09-30 21:00:00+07:00,20.7,24.3,96,0.0,16,1.9,0.0,13900.0,27.8,28.2,93.0,jatim_park,"Jatim Park 2, Batu",900,False,False,False
2026-09-30 22:00:00+07:00,20.6,24.1,96,0.0,17,2.2,0.0,2560.0,33.5,34.1,92.0,jatim_park,"Jatim Park 2, Batu",900,False,False,False
2026-09-30 23:00:00+07:00,20.4,23.9,97,0.0,16,2.1,0.0,5220.0,40.2,40.6,92.0,jatim_park,"Jatim Park 2, Batu",900,False,False,False
2026-10-01 00:00:00+07:00,20.0,23.3,97,0.0,15,2.1,0.0,2740.0,44.9,45.5,92.0,jatim_park,"Jatim Park 2, Batu",900,False,False,False
2026-10-01 01:00:00+07:00,19.4,22.5,97,0.0,24,1.9,0.0,840.0,46.9,47.5,93.0,jatim_park,"Jatim Park 2, Batu",900,False,False,False
2026-10-01 02:00:00+07:00,19.0,21.8,95,0.0,35,1.4,0.0,460.0,47.1,47.8,94.0,jatim_park,"Jatim Park 2, Batu",900,False,False,False
2026-10-01 03:00:00+07:00,18.7,21.2,94,0.0,42,1.7,0.0,420.0,47.0,47.8,95.0,jatim_park,"Jatim Park 2, Batu",900,False,False,False
2026-10-01 04:00:00+07:00,18.4,20.7,93,0.0,61,2.3,0.0,460.0,45.1,45.9,96.0,jatim_park,"Jatim Park 2, Batu",900,False,False,False
2026-10-01 05:00:00+07:00,18.5,20.7,91,0.0,66,2.1,0.0,480.0,45.8,46.6,96.0,jatim_park,"Jatim Park 2, Batu",900,False,False,False
2026-10-01 06:00:00+07:00,19.7,21.8,85,0.0,14,2.6,0.2,1320.0,50.6,51.6,96.0,jatim_park,"Jatim Park 2, Batu",900,False,False,False
2026-10-01 07:00:00+07:00,21.9,24.6,78,0.0,7,1.7,1.55,28600.0,36.4,37.8,96.0,jatim_park,"Jatim Park 2, Batu",900,False,False,False
2026-10-01 08:00:00+07:00,24.0,25.9,67,0.0,33,5.8,3.75,31580.0,27.1,29.5,96.0,jatim_park,"Jatim Park 2, Batu",900,False,False,False
2026-10-01 09:00:00+07:00,25.7,27.8,59,0.0,55,9.6,6.1,31580.0,23.5,26.0,96.0,jatim_park,"Jatim Park 2, Batu",900,False,False,False
2026-10-01 10:00:00+07:00,26.9,29.6,54,0.0,48,10.7,7.95,34480.0,21.7,24.1,96.0,jatim_park,"Jatim Park 2, Batu",900,False,False,False
2026-10-01 11:00:00+07:00,27.9,30.4,49,0.0,64,11.7,7.9,34540.0,26.3,28.9,96.0,jatim_park,"Jatim Park 2, Batu",900,False,False,False
2026-10-01 12:00:00+07:00,27.8,31.1,54,0.3,93,11.4,5.05,4500.0,22.1,24.4,96.0,jatim_park,"Jatim Park 2, Batu",900,False,False,False
2026-10-01 13:00:00+07:00,27.7,31.0,56,0.9,84,10.3,1.9,4940.0,22.6,24.7,96.0,jatim_park,"Jatim Park 2, Batu",900,False,False,False
2026-10-01 14:00:00+07:00,27.6,30.2,53,0.6,84,9.7,0.75,6220.0,28.5,30.7,95.0,jatim_park,"Jatim Park 2, Batu",900,False,False,False
2026-10-01 15:00:00+07:00,26.6,27.8,57,0.4,94,10.1,0.35,7800.0,31.0,33.1,96.0,jatim_park,"Jatim Park 2, Batu",900,False,False,False
2026-10-01 16:00:00+07:00,25.6,27.2,62,0.2,94,7.7,0.2,25360.0,28.6,30.6,96.0,jatim_park,"Jatim Park 2, Batu",900,False,False,False
2026-10-01 17:00:00+07:00,24.4,26.4,68,0.0,47,6.9,0.1,31720.0,29.1,30.7,96.0,jatim_park,"Jatim Park 2, Batu",900,False,False,False
2026-10-01 18:00:00+07:00,22.9,25.6,78,0.0,38,4.3,0.0,28680.0,33.8,35.3,95.0,jatim_park,"Jatim Park 2, Batu",900,False,False,False
2026-10-01 19:00:00+07:00,21.8,25.0,86,0.0,40,2.5,0.0,22560.0,37.1,38.5,96.0,jatim_park,"Jatim Park 2, Batu",900,False,False,False
2026-10-01 20:00:00+07:00,20.8,24.1,93,0.0,30,2.8,0.0,19340.0,40.9,42.3,97.0,jatim_park,"Jatim Park 2, Batu",900,False,False,False
2026-10-01 21:00:00+07:00,20.3,23.7,96,0.0,31,2.1,0.0,1520.0,44.9,46.3,99.0,jatim_park,"Jatim Park 2, Batu",900,False,False,False
2026-10-01 22:00:00+07:00,20.1,23.5,96,0.0,39,1.4,0.0,840.0,50.4,51.7,100.0,jatim_park,"Jatim Park 2, Batu",900,False,False,False
2026-10-01 23:00:00+07:00,19.8,23.0,96,0.0,69,1.2,0.0,600.0,51.9,53.2,102.0,jatim_park,"Jatim Park 2, Batu",900,False,False,False
2026-10-02 00:00:00+07:00,19.5,22.6,96,0.0,100,0.9,0.0,680.0,48.3,49.6,103.0,jatim_park,"Jatim Park 2, Batu",900,False,False,False
2026-10-02 01:00:00+07:00,19.3,22.5,96,0.0,100,0.8,0.0,1280.0,41.4,42.4,104.0,jatim_park,"Jatim Park 2, Batu",900,False,False,False
2026-10-02 02:00:00+07:00,19.0,22.2,98,0.0,100,0.3,0.0,2400.0,36.8,37.6,103.0,jatim_park,"Jatim Park 2, Batu",900,False,False,False
2026-10-02 03:00:00+07:00,18.7,21.9,99,0.1,100,0.3,0.0,1600.0,33.6,34.6,102.0,jatim_park,"Jatim Park 2, Batu",900,False,False,False
2026-10-02 04:00:00+07:00,18.7,21.8,100,0.1,100,0.7,0.0,320.0,32.6,33.5,101.0,jatim_park,"Jatim Park 2, Batu",900,False,False,False
2026-10-02 05:00:00+07:00,18.5,21.4,100,0.0,100,1.1,0.0,300.0,32.5,33.3,99.0,jatim_park,"Jatim Park 2, Batu",900,False,False,False
2026-10-02 06:00:00+07:00,19.3,22.2,97,0.0,100,2.2,0.2,1440.0,39.3,40.4,98.0,jatim_park,"Jatim Park 2, Batu",900,False,False,False
2026-10-02 07:00:00+07:00,21.5,24.7,87,0.0,100,1.9,1.55,18320.0,29.7,32.0,98.0,jatim_park,"Jatim Park 2, Batu",900,False,False,False
2026-10-02 08:00:00+07:00,22.9,25.7,79,0.3,86,4.4,3.75,13540.0,24.0,27.0,97.0,jatim_park,"Jatim Park 2, Batu",900,False,False,False
2026-10-02 09:00:00+07:00,24.5,27.5,70,0.3,67,7.3,6.15,8740.0,20.3,22.8,97.0,jatim_park,"Jatim Park 2, Batu",900,False,False,False
2026-10-02 10:00:00+07:00,25.9,29.3,64,0.3,57,9.2,8.05,3960.0,20.0,22.4,96.0,jatim_park,"Jatim Park 2, Batu",900,False,False,False
2026-10-02 11:00:00+07:00,26.9,30.8,59,0.7,64,9.3,9.2,3940.0,19.3,21.5,96.0,jatim_park,"Jatim Park 2, Batu",900,False,False,False
2026-10-02 12:00:00+07:00,27.6,31.5,55,0.7,80,8.5,7.95,3920.0,19.6,21.8,96.0,jatim_park,"Jatim Park 2, Batu",900,False,False,False
2026-10-02 13:00:00+07:00,27.7,31.0,54,0.7,92,7.9,3.4,3900.0,20.3,22.4,96.0,jatim_park,"Jatim Park 2, Batu",900,False,False,False
2026-10-02 14:00:00+07:00,27.2,29.3,56,1.1,97,7.9,1.0,5560.0,24.2,26.3,95.0,jatim_park,"Jatim Park 2, Batu",900,False,False,False
2026-10-02 15:00:00+07:00,26.1,27.8,61,1.1,98,8.0,0.65,7200.0,28.1,30.3,95.0,jatim_park,"Jatim Park 2, Batu",900,False,False,False
2026-10-02 16:00:00+07:00,24.9,26.8,67,1.1,99,7.6,1.25,8860.0,29.6,31.4,95.0,jatim_park,"Jatim Park 2, Batu",900,False,False,False
2026-10-02 17:00:00+07:00,23.6,25.9,74,0.0,100,6.3,0.8,11680.0,21.4,22.8,95.0,jatim_park,"Jatim Park 2, Batu",900,False,False,False
2026-10-02 18:00:00+07:00,22.2,24.9,83,0.0,100,5.2,0.0,14500.0,28.1,29.3,94.0,jatim_park,"Jatim Park 2, Batu",900,False,False,False
2026-10-02 19:00:00+07:00,21.1,24.0,91,0.0,100,4.8,0.0,17320.0,31.9,33.3,94.0,jatim_park,"Jatim Park 2, Batu",900,False,False,False
2026-10-02 20:00:00+07:00,20.4,23.6,95,0.0,88,3.2,0.0,11700.0,34.2,35.9,93.0,jatim_park,"Jatim Park 2, Batu",900,False,False,False
2026-10-02 21:00:00+07:00,20.0,23.5,97,0.0,72,1.2,0.0,6100.0,34.9,36.7,93.0,jatim_park,"Jatim Park 2, Batu",900,False,False,False
2026-10-02 22:00:00+07:00,19.7,23.1,98,0.0,64,0.9,0.0,480.0,36.0,37.7,92.0,jatim_park,"Jatim Park 2, Batu",900,False,False,False
2026-10-02 23:00:00+07:00,19.4,22.7,98,0.0,72,1.2,0.0,460.0,36.1,37.8,91.0,jatim_park,"Jatim Park 2, Batu",900,False,False,False
2026-10-03 00:00:00+07:00,19.2,22.3,97,0.0,88,1.2,0.0,440.0,38.4,39.9,90.0,jatim_park,"Jatim Park 2, Batu",900,False,True,False
2026-10-03 01:00:00+07:00,19.0,22.0,96,0.0,99,0.9,0.0,420.0,40.5,41.9,89.0,jatim_park,"Jatim Park 2, Batu",900,False,True,False
2026-10-03 02:00:00+07:00,18.9,21.7,95,0.0,100,1.0,0.0,620.0,42.1,43.5,89.0,jatim_park,"Jatim Park 2, Batu",900,False,True,False
2026-10-03 03:00:00+07:00,18.8,21.5,95,0.0,100,1.2,0.0,800.0,44.0,45.4,89.0,jatim_park,"Jatim Park 2, Batu",900,False,True,False
2026-10-03 04:00:00+07:00,19.0,21.6,93,0.0,92,1.0,0.0,1000.0,45.5,47.0,90.0,jatim_park,"Jatim Park 2, Batu",900,False,True,False
2026-10-03 05:00:00+07:00,19.4,22.2,91,0.0,69,0.5,0.0,8580.0,48.5,50.2,91.0,jatim_park,"Jatim Park 2, Batu",900,False,True,False
2026-10-03 06:00:00+07:00,20.1,23.1,89,0.0,39,0.4,0.2,16180.0,55.5,57.5,92.0,jatim_park,"Jatim Park 2, Batu",900,False,True,False
2026-10-03 07:00:00+07:00,21.2,24.0,83,0.0,18,1.7,1.55,23760.0,42.0,44.4,94.0,jatim_park,"Jatim Park 2, Batu",900,False,True,False
2026-10-03 08:00:00+07:00,23.0,25.4,74,0.0,15,3.8,3.8,18600.0,,,95.0,jatim_park,"Jatim Park 2, Batu",900,False,True,False
2026-10-03 09:00:00+07:00,25.1,27.6,64,0.0,22,6.4,6.15,13440.0,,,,jatim_park,"Jatim Park 2, Batu",900,False,True,False
2026-10-03 10:00:00+07:00,26.7,29.7,57,0.0,30,8.4,7.5,8280.0,,,,jatim_park,"Jatim Park 2, Batu",900,False,True,False
2026-10-03 11:00:00+07:00,27.4,30.5,54,0.5,39,10.0,6.75,8320.0,,,,jatim_park,"Jatim Park 2, Batu",900,False,True,False
2026-10-03 12:00:00+07:00,27.6,30.6,53,0.5,50,11.1,2.75,8360.0,,,,jatim_park,"Jatim Park 2, Batu",900,False,True,False
2026-10-03 13:00:00+07:00,27.5,29.9,53,0.5,56,11.9,0.9,8400.0,,,,jatim_park,"Jatim Park 2, Batu",900,False,True,False
2026-10-03 14:00:00+07:00,27.3,28.5,52,0.0,53,12.1,1.25,17120.0,,,,jatim_park,"Jatim Park 2, Batu",900,False,True,False
2026-10-03 15:00:00+07:00,26.8,27.0,51,0.0,46,12.0,0.7,25820.0,,,,jatim_park,"Jatim Park 2, Batu",900,False,True,False
2026-10-03 16:00:00+07:00,25.9,26.4,54,0.0,37,10.6,0.4,34540.0,,,,jatim_park,"Jatim Park 2, Batu",900,False,True,False
2026-10-03 17:00:00+07:00,24.3,25.7,63,0.0,26,7.0,0.15,26860.0,,,,jatim_park,"Jatim Park 2, Batu",900,False,True,False
2026-10-03 18:00:00+07:00,22.4,25.0,78,0.0,13,2.9,0.0,19160.0,,,,jatim_park,"Jatim Park 2, Batu",900,False,True,False
2026-10-03 19:00:00+07:00,20.9,24.1,92,0.0,9,3.1,0.0,11480.0,,,,jatim_park,"Jatim Park 2, Batu",900,False,True,False
2026-10-03 20:00:00+07:00,20.5,23.9,97,0.0,18,3.5,0.0,7880.0,,,,jatim_park,"Jatim Park 2, Batu",900,False,True,False
2026-10-03 21:00:00+07:00,20.7,24.1,96,0.0,34,3.2,0.0,4280.0,,,,jatim_park,"Jatim Park 2, Batu",900,False,True,False
2026-10-03 22:00:00+07:00,20.7,24.1,96,0.0,51,2.8,0.0,680.0,,,,jatim_park,"Jatim Park 2, Batu",900,False,True,False
2026-10-03 23:00:00+07:00,20.2,23.5,97,0.0,70,3.0,0.0,520.0,,,,jatim_park,"Jatim Park 2, Batu",900,False,True,False
2026-10-04 00:00:00+07:00,19.6,22.7,99,0.0,91,3.4,0.0,380.0,,,,jatim_park,"Jatim Park 2, Batu",900,False,True,False
2026-10-04 01:00:00+07:00,19.1,22.0,100,0.0,100,3.9,0.0,220.0,,,,jatim_park,"Jatim Park 2, Batu",900,False,True,False
2026-10-04 02:00:00+07:00,18.8,21.5,100,0.0,91,3.7,0.0,320.0,,,,jatim_park,"Jatim Park 2, Batu",900,False,True,False
2026-10-04 03:00:00+07:00,18.5,21.2,100,0.0,71,2.9,0.0,400.0,,,,jatim_park,"Jatim Park 2, Batu",900,False,True,False
2026-10-04 04:00:00+07:00,18.7,21.4,97,0.0,52,2.1,0.0,500.0,,,,jatim_park,"Jatim Park 2, Batu",900,False,True,False
2026-10-04 05:00:00+07:00,19.6,22.3,90,0.0,36,1.0,0.0,9860.0,,,,jatim_park,"Jatim Park 2, Batu",900,False,True,False
2026-10-04 06:00:00+07:00,20.8,23.6,82,0.0,22,0.4,0.25,19220.0,,,,jatim_park,"Jatim Park 2, Batu",900,False,True,False
2026-10-04 07:00:00+07:00,22.3,24.7,75,0.0,13,2.2,1.8,28580.0,,,,jatim_park,"Jatim Park 2, Batu",900,False,True,False
2026-10-04 08:00:00+07:00,24.0,25.9,66,0.0,13,5.0,4.2,30540.0,,,,jatim_park,"Jatim Park 2, Batu",900,False,True,False
2026-10-04 09:00:00+07:00,25.9,28.3,58,0.0,19,8.2,6.05,32500.0,,,,jatim_park,"Jatim Park 2, Batu",900,False,True,False
2026-10-04 10:00:00+07:00,27.5,30.2,52,0.0,27,10.7,7.3,34460.0,,,,jatim_park,"Jatim Park 2, Batu",900,False,True,False
2026-10-04 11:00:00+07:00,28.4,31.1,49,0.0,39,11.7,8.95,36000.0,,,,jatim_park,"Jatim Park 2, Batu",900,False,True,False
2026-10-04 12:00:00+07:00,29.0,31.6,46,0.0,54,12.2,7.9,37560.0,,,,jatim_park,"Jatim Park 2, Batu",900,False,True,False
2026-10-04 13:00:00+07:00,29.4,31.6,45,0.0,64,12.4,5.7,39100.0,,,,jatim_park,"Jatim Park 2, Batu",900,False,True,False
2026-10-04 14:00:00+07:00,28.4,30.1,47,0.3,41,10.3,2.75,16060.0,,,,jatim_park,"Jatim Park 2, Batu",900,False,True,False
2026-10-04 15:00:00+07:00,27.3,28.7,53,0.3,39,8.1,1.4,16120.0,,,,jatim_park,"Jatim Park 2, Batu",900,False,True,False
2026-10-04 16:00:00+07:00,25.9,27.9,61,0.3,38,5.5,0.65,16180.0,,,,jatim_park,"Jatim Park 2, Batu",900,False,True,False
2026-10-04 17:00:00+07:00,24.3,27.1,71,0.3,39,3.1,0.2,16220.0,,,,jatim_park,"Jatim Park 2, Batu",900,False,True,False
2026-10-04 18:00:00+07:00,22.8,26.0,82,0.3,41,3.2,0.0,16280.0,,,,jatim_park,"Jatim Park 2, Batu",900,False,True,False
2026-10-04 19:00:00+07:00,21.8,25.1,90,0.3,45,4.1,0.0,16340.0,,,,jatim_park,"Jatim Park 2, Batu",900,False,True,False
2026-10-04 20:00:00+07:00,21.1,24.5,95,0.0,52,4.6,0.0,13640.0,,,,jatim_park,"Jatim Park 2, Batu",900,False,True,False
2026-10-04 21:00:00+07:00,20.7,24.1,98,0.0,64,4.3,0.0,10960.0,,,,jatim_park,"Jatim Park 2, Batu",900,False,True,False
2026-10-04 22:00:00+07:00,20.3,23.8,100,0.0,77,3.8,0.0,8260.0,,,,jatim_park,"Jatim Park 2, Batu",900,False,True,False
2026-10-04 23:00:00+07:00,20.1,23.6,100,0.0,89,3.1,0.0,5560.0,,,,jatim_park,"Jatim Park 2, Batu",900,False,True,False
2026-09-26 00:00:00+07:00,21.7,24.8,85,0.0,2,2.5,0.0,22060.0,33.4,37.0,87.0,kayutangan,Kayutangan Heritage,446,False,True,False
2026-09-26 01:00:00+07:00,21.4,24.5,86,0.0,0,2.2,0.0,19540.0,39.2,43.2,86.0,kayutangan,Kayutangan Heritage,446,False,True,False
2026-09-26 02:00:00+07:00,21.3,24.0,84,0.0,0,2.7,0.0,22100.0,44.1,48.5,87.0,kayutangan,Kayutangan Heritage,446,False,True,False
2026-09-26 03:00:00+07:00,21.1,23.7,84,0.0,0,3.1,0.0,22100.0,44.7,48.9,88.0,kayutangan,Kayutangan Heritage,446,False,True,False
2026-09-26 04:00:00+07:00,20.8,23.3,85,0.0,1,3.2,0.0,22060.0,50.4,52.4,89.0,kayutangan,Kayutangan Heritage,446,False,True,False
2026-09-26 05:00:00+07:00,20.4,22.9,86,0.0,1,3.1,0.0,19500.0,56.1,57.4,90.0,kayutangan,Kayutangan Heritage,446,False,True,False
2026-09-26 06:00:00+07:00,21.0,23.3,82,0.0,1,3.7,0.15,22000.0,59.6,60.8,91.0,kayutangan,Kayutangan Heritage,446,False,True,False
2026-09-26 07:00:00+07:00,24.9,26.9,59,0.0,2,1.7,1.4,12840.0,33.4,37.6,92.0,kayutangan,Kayutangan Heritage,446,False,True,False
2026-09-26 08:00:00+07:00,27.8,28.6,43,0.0,16,3.2,3.55,13920.0,26.7,28.4,92.0,kayutangan,Kayutangan Heritage,446,False,True,False
2026-09-26 09:00:00+07:00,30.2,31.0,32,0.0,27,5.4,5.85,38640.0,22.8,23.9,91.0,kayutangan,Kayutangan Heritage,446,False,True,False
2026-09-26 10:00:00+07:00,31.4,32.4,30,0.0,28,10.6,7.75,38700.0,21.7,22.8,91.0,kayutangan,Kayutangan Heritage,446,False,True,False
2026-09-26 11:00:00+07:00,32.0,33.3,31,0.0,4,11.9,8.95,38760.0,21.1,22.1,91.0,kayutangan,Kayutangan Heritage,446,False,True,False
2026-09-26 12:00:00+07:00,32.6,34.0,29,0.0,4,12.6,9.3,38820.0,20.0,21.0,91.0,kayutangan,Kayutangan Heritage,446,False,True,False
2026-09-26 13:00:00+07:00,33.0,34.8,30,0.0,9,11.4,8.7,38920.0,18.8,19.7,91.0,kayutangan,Kayutangan Heritage,446,False,True,False
2026-09-26 14:00:00+07:00,31.0,32.4,38,0.0,21,11.0,5.1,9260.0,16.5,17.5,91.0,kayutangan,Kayutangan Heritage,446,False,True,False
2026-09-26 15:00:00+07:00,29.1,30.3,48,0.2,40,10.2,2.75,7460.0,13.7,14.8,92.0,kayutangan,Kayutangan Heritage,446,False,True,False
2026-09-26 16:00:00+07:00,27.5,28.9,53,0.1,43,7.5,2.2,13820.0,11.4,12.4,103.0,kayutangan,Kayutangan Heritage,446,False,True,False
2026-09-26 17:00:00+07:00,26.5,28.0,54,0.0,15,5.5,0.9,24160.0,10.4,11.4,107.0,kayutangan,Kayutangan Heritage,446,False,True,False
2026-09-26 18:00:00+07:00,25.7,27.9,59,0.0,20,3.0,0.05,30700.0,14.6,16.1,101.0,kayutangan,Kayutangan Heritage,446,False,True,False
2026-09-26 19:00:00+07:00,25.5,27.3,59,0.0,48,4.2,0.0,30620.0,13.2,15.1,89.0,kayutangan,Kayutangan Heritage,446,False,True,False
2026-09-26 20:00:00+07:00,24.8,26.8,63,0.0,63,4.6,0.0,27940.0,17.3,19.1,88.0,kayutangan,Kayutangan Heritage,446,False,True,False
2026-09-26 21:00:00+07:00,24.1,26.2,67,0.0,69,4.3,0.0,27920.0,16.8,18.6,87.0,kayutangan,Kayutangan Heritage,446,False,True,False
2026-09-26 22:00:00+07:00,23.6,25.8,70,0.0,56,4.4,0.0,27920.0,17.2,19.0,86.0,kayutangan,Kayutangan Heritage,446,False,True,False
2026-09-26 23:00:00+07:00,23.2,25.1,71,0.0,50,6.3,0.0,27920.0,18.7,20.6,85.0,kayutangan,Kayutangan Heritage,446,False,True,False
2026-09-27 00:00:00+07:00,23.1,24.8,70,0.0,9,6.6,0.0,27960.0,19.4,21.5,83.0,kayutangan,Kayutangan Heritage,446,False,True,False
2026-09-27 01:00:00+07:00,22.0,23.7,73,0.0,0,5.0,0.0,25240.0,22.9,25.0,82.0,kayutangan,Kayutangan Heritage,446,False,True,False
2026-09-27 02:00:00+07:00,21.2,22.8,75,0.0,13,5.1,0.0,25240.0,29.6,31.8,81.0,kayutangan,Kayutangan Heritage,446,False,True,False
2026-09-27 03:00:00+07:00,20.4,22.4,83,0.0,27,4.3,0.0,22160.0,41.1,43.3,80.0,kayutangan,Kayutangan Heritage,446,False,True,False
2026-09-27 04:00:00+07:00,20.1,22.5,86,0.0,17,3.0,0.0,19580.0,36.0,38.4,80.0,kayutangan,Kayutangan Heritage,446,False,True,False
2026-09-27 05:00:00+07:00,19.8,22.0,86,0.0,10,3.3,0.0,19560.0,43.3,45.5,79.0,kayutangan,Kayutangan Heritage,446,False,True,False
2026-09-27 06:00:00+07:00,20.7,22.8,82,0.0,8,3.5,0.15,22060.0,33.5,36.1,78.0,kayutangan,Kayutangan Heritage,446,False,True,False
2026-09-27 07:00:00+07:00,23.7,26.8,76,0.0,2,2.7,1.45,25100.0,24.3,26.7,75.0,kayutangan,Kayutangan Heritage,446,False,True,False
2026-09-27 08:00:00+07:00,26.2,28.6,61,0.0,0,4.0,3.6,12100.0,20.0,20.5,75.0,kayutangan,Kayutangan Heritage,446,False,True,False
2026-09-27 09:00:00+07:00,28.6,30.7,46,0.0,0,6.3,5.9,12040.0,18.5,19.0,74.0,kayutangan,Kayutangan Heritage,446,False,True,False
2026-09-27 10:00:00+07:00,30.2,31.6,34,0.0,5,8.7,7.85,38780.0,18.6,19.2,74.0,kayutangan,Kayutangan Heritage,446,False,True,False
2026-09-27 11:00:00+07:00,31.6,32.6,27,0.0,6,9.6,9.05,38800.0,19.3,19.9,74.0,kayutangan,Kayutangan Heritage,446,False,True,False
2026-09-27 12:00:00+07:00,32.8,34.2,26,0.0,11,10.2,7.1,38880.0,20.0,20.7,74.0,kayutangan,Kayutangan Heritage,446,False,True,False
2026-09-27 13:00:00+07:00,32.8,35.5,34,0.0,33,8.4,1.55,8900.0,20.0,20.8,74.0,kayutangan,Kayutangan Heritage,446,False,True,False
2026-09-27 14:00:00+07:00,29.4,32.5,53,0.6,54,10.0,0.55,2740.0,19.0,19.9,81.0,kayutangan,Kayutangan Heritage,446,False,True,False
2026-09-27 15:00:00+07:00,25.9,30.4,84,2.9,77,6.6,0.8,3060.0,17.5,18.6,101.0,kayutangan,Kayutangan Heritage,446,False,True,False
2026-09-27 16:00:00+07:00,26.7,30.8,73,0.9,34,3.6,1.5,10540.0,15.7,17.1,114.0,kayutangan,Kayutangan Heritage,446,False,True,False
2026-09-27 17:00:00+07:00,24.3,29.3,88,1.8,54,0.8,0.85,2960.0,16.5,18.7,120.0,kayutangan,Kayutangan Heritage,446,False,True,False
2026-09-27 18:00:00+07:00,23.6,28.6,94,0.5,13,2.5,0.05,11580.0,27.4,29.9,117.0,kayutangan,Kayutangan Heritage,446,False,True,False
2026-09-27 19:00:00+07:00,23.6,28.8,97,0.0,9,2.1,0.0,11300.0,26.7,30.6,105.0,kayutangan,Kayutangan Heritage,446,False,True,False
2026-09-27 20:00:00+07:00,23.3,28.4,96,0.0,6,1.6,0.0,16280.0,35.2,38.8,93.0,kayutangan,Kayutangan Heritage,446,False,True,False
2026-09-27 21:00:00+07:00,22.9,27.7,96,0.0,2,1.1,0.0,16540.0,54.7,57.7,78.0,kayutangan,Kayutangan Heritage,446,False,True,False
2026-09-27 22:00:00+07:00,22.6,26.9,92,0.0,0,1.5,0.0,19500.0,49.4,52.5,81.0,kayutangan,Kayutangan Heritage,446,False,True,False
2026-09-27 23:00:00+07:00,22.2,26.2,91,0.0,0,1.8,0.0,19520.0,52.3,55.5,84.0,kayutangan,Kayutangan Heritage,446,False,True,False
2026-09-28 00:00:00+07:00,21.9,25.7,90,0.0,0,0.9,0.0,19520.0,55.3,58.3,87.0,kayutangan,Kayutangan Heritage,446,False,False,False
2026-09-28 01:00:00+07:00,21.2,24.9,93,0.0,0,0.8,0.0,14600.0,49.4,52.2,89.0,kayutangan,Kayutangan Heritage,446,False,False,False
2026-09-28 02:00:00+07:00,20.7,24.0,92,0.0,1,1.9,0.0,8340.0,54.0,55.9,91.0,kayutangan,Kayutangan Heritage,446,False,False,False
2026-09-28 03:00:00+07:00,20.3,23.3,93,0.0,2,2.9,0.0,5880.0,50.9,52.4,93.0,kayutangan,Kayutangan Heritage,446,False,False,False
2026-09-28 04:00:00+07:00,20.1,22.8,92,0.0,2,3.8,0.0,5900.0,50.8,51.7,94.0,kayutangan,Kayutangan Heritage,446,False,False,False
2026-09-28 05:00:00+07:00,19.9,22.6,91,0.0,3,2.7,0.0,7820.0,49.5,50.1,95.0,kayutangan,Kayutangan Heritage,446,False,False,False
2026-09-28 06:00:00+07:00,20.7,23.6,89,0.0,8,2.8,0.15,13940.0,53.9,54.4,96.0,kayutangan,Kayutangan Heritage,446,False,False,False
2026-09-28 07:00:00+07:00,22.6,26.1,83,0.0,1,1.2,1.45,5120.0,27.2,28.4,97.0,kayutangan,Kayutangan Heritage,446,False,False,False
2026-09-28 08:00:00+07:00,24.6,27.7,72,0.0,3,3.0,3.65,3820.0,24.6,26.0,98.0,kayutangan,Kayutangan Heritage,446,False,False,False
2026-09-28 09:00:00+07:00,26.7,30.0,61,0.0,0,5.5,5.95,7060.0,25.1,26.6,98.0,kayutangan,Kayutangan Heritage,446,False,False,False
2026-09-28 10:00:00+07:00,28.4,32.4,53,0.0,0,6.0,7.85,11320.0,25.1,26.8,99.0,kayutangan,Kayutangan Heritage,446,False,False,False
2026-09-28 11:00:00+07:00,30.1,34.2,46,0.0,2,8.2,9.05,34720.0,24.6,26.3,99.0,kayutangan,Kayutangan Heritage,446,False,False,False
2026-09-28 12:00:00+07:00,31.3,34.7,40,0.0,16,8.7,9.4,38860.0,25.3,27.0,99.0,kayutangan,Kayutangan Heritage,446,False,False,False
2026-09-28 13:00:00+07:00,32.1,35.1,37,0.0,17,8.1,7.35,38900.0,32.1,34.0,100.0,kayutangan,Kayutangan Heritage,446,False,False,False
2026-09-28 14:00:00+07:00,31.6,34.1,39,0.0,41,7.5,5.4,38920.0,25.5,27.0,101.0,kayutangan,Kayutangan Heritage,446,False,False,False
2026-09-28 15:00:00+07:00,30.5,32.3,44,0.0,41,7.0,1.5,34900.0,24.5,26.1,102.0,kayutangan,Kayutangan Heritage,446,False,False,False
2026-09-28 16:00:00+07:00,29.1,30.9,51,0.0,21,7.0,1.9,34880.0,25.2,26.8,102.0,kayutangan,Kayutangan Heritage,446,False,False,False
2026-09-28 17:00:00+07:00,27.2,29.8,60,0.0,28,4.3,0.35,30680.0,23.4,24.9,110.0,kayutangan,Kayutangan Heritage,446,False,False,False
2026-09-28 18:00:00+07:00,25.6,29.0,69,0.0,69,1.2,0.0,27960.0,24.1,25.5,112.0,kayutangan,Kayutangan Heritage,446,False,False,False
2026-09-28 19:00:00+07:00,24.4,27.8,74,0.0,87,1.3,0.0,25140.0,28.5,29.7,107.0,kayutangan,Kayutangan Heritage,446,False,False,False
2026-09-28 20:00:00+07:00,23.6,27.3,79,0.0,93,0.7,0.0,25080.0,36.0,37.3,104.0,kayutangan,Kayutangan Heritage,446,False,False,False
2026-09-28 21:00:00+07:00,23.0,26.5,81,0.0,74,0.9,0.0,25020.0,54.5,56.5,104.0,kayutangan,Kayutangan Heritage,446,False,False,False
2026-09-28 22:00:00+07:00,22.6,26.0,82,0.0,81,1.5,0.0,6100.0,82.0,83.8,104.0,kayutangan,Kayutangan Heritage,446,False,False,False
2026-09-28 23:00:00+07:00,22.0,25.2,84,0.0,81,1.5,0.0,2760.0,94.5,96.2,107.0,kayutangan,Kayutangan Heritage,446,False,False,False
2026-09-29 00:00:00+07:00,21.5,24.5,85,0.0,86,2.1,0.0,3880.0,97.6,99.2,112.0,kayutangan,Kayutangan Heritage,446,False,False,False
2026-09-29 01:00:00+07:00,21.3,24.1,85,0.0,90,2.7,0.0,22020.0,98.7,100.1,116.0,kayutangan,Kayutangan Heritage,446,False,False,False
2026-09-29 02:00:00+07:00,21.0,23.6,85,0.0,73,3.7,0.0,19520.0,95.5,96.4,121.0,kayutangan,Kayutangan Heritage,446,False,False,False
2026-09-29 03:00:00+07:00,21.0,23.5,83,0.0,67,3.0,0.0,22060.0,88.5,89.6,126.0,kayutangan,Kayutangan Heritage,446,False,False,False
2026-09-29 04:00:00+07:00,20.8,23.1,81,0.0,19,2.6,0.0,22040.0,74.7,76.1,130.0,kayutangan,Kayutangan Heritage,446,False,False,False
2026-09-29 05:00:00+07:00,20.5,22.6,80,0.0,5,2.3,0.0,25080.0,64.7,66.6,132.0,kayutangan,Kayutangan Heritage,446,False,False,False
2026-09-29 06:00:00+07:00,21.3,23.3,76,0.0,5,2.7,0.15,25040.0,61.9,64.0,134.0,kayutangan,Kayutangan Heritage,446,False,False,False
2026-09-29 07:00:00+07:00,24.2,26.8,67,0.0,12,1.7,1.45,27760.0,39.0,40.6,135.0,kayutangan,Kayutangan Heritage,446,False,False,False
2026-09-29 08:00:00+07:00,26.4,28.9,62,0.0,12,4.3,3.65,27780.0,28.1,29.6,136.0,kayutangan,Kayutangan Heritage,446,False,False,False
2026-09-29 09:00:00+07:00,28.4,31.7,56,0.0,9,6.2,5.95,30460.0,26.4,27.9,136.0,kayutangan,Kayutangan Heritage,446,False,False,False
2026-09-29 10:00:00+07:00,29.6,33.2,50,0.0,2,9.9,7.9,30500.0,25.8,27.4,136.0,kayutangan,Kayutangan Heritage,446,False,False,False
2026-09-29 11:00:00+07:00,30.8,34.5,44,0.0,2,10.3,9.1,34720.0,26.5,28.1,136.0,kayutangan,Kayutangan Heritage,446,False,False,False
2026-09-29 12:00:00+07:00,31.6,34.7,42,0.0,16,12.1,9.4,34840.0,27.4,28.9,137.0,kayutangan,Kayutangan Heritage,446,False,False,False
2026-09-29 13:00:00+07:00,31.5,33.5,41,0.0,27,11.1,6.55,34940.0,28.2,29.8,137.0,kayutangan,Kayutangan Heritage,446,False,False,False
2026-09-29 14:00:00+07:00,31.1,33.7,42,0.0,50,6.1,1.65,34920.0,25.8,27.3,136.0,kayutangan,Kayutangan Heritage,446,False,False,False
2026-09-29 15:00:00+07:00,29.9,32.1,46,0.0,50,5.7,1.1,34920.0,24.5,26.0,136.0,kayutangan,Kayutangan Heritage,446,False,False,False
2026-09-29 16:00:00+07:00,27.5,29.8,60,0.0,82,7.1,0.85,8660.0,23.2,24.6,143.0,kayutangan,Kayutangan Heritage,446,False,False,False
2026-09-29 17:00:00+07:00,25.9,28.8,71,0.2,43,7.1,0.75,14200.0,24.1,25.5,146.0,kayutangan,Kayutangan Heritage,446,False,False,False
2026-09-29 18:00:00+07:00,24.6,28.2,80,0.0,29,5.1,0.05,20520.0,26.1,27.5,141.0,kayutangan,Kayutangan Heritage,446,False,False,False
2026-09-29 19:00:00+07:00,23.5,27.2,86,0.0,41,4.9,0.0,18900.0,30.9,32.1,136.0,kayutangan,Kayutangan Heritage,446,False,False,False
2026-09-29 20:00:00+07:00,22.9,26.9,89,0.0,35,3.1,0.0,19020.0,42.0,43.2,137.0,kayutangan,Kayutangan Heritage,446,False,False,False
2026-09-29 21:00:00+07:00,22.7,26.8,91,0.0,31,2.2,0.0,16200.0,36.4,37.6,137.0,kayutangan,Kayutangan Heritage,446,False,False,False
2026-09-29 22:00:00+07:00,22.5,26.6,91,0.0,23,1.6,0.0,16440.0,38.4,39.3,135.0,kayutangan,Kayutangan Heritage,446,False,False,False
2026-09-29 23:00:00+07:00,22.0,25.9,93,0.0,13,1.9,0.0,16360.0,38.1,39.2,131.0,kayutangan,Kayutangan Heritage,446,False,False,False
2026-09-30 00:00:00+07:00,21.5,25.4,95,0.0,14,2.2,0.0,1700.0,38.2,39.1,125.0,kayutangan,Kayutangan Heritage,446,False,False,False
2026-09-30 01:00:00+07:00,20.8,24.5,98,0.0,27,2.2,0.0,700.0,40.3,41.3,119.0,kayutangan,Kayutangan Heritage,446,False,False,False
2026-09-30 02:00:00+07:00,20.3,23.7,97,0.0,28,2.0,0.0,720.0,40.4,41.4,113.0,kayutangan,Kayutangan Heritage,446,False,False,False
2026-09-30 03:00:00+07:00,20.0,23.1,95,0.0,15,2.4,0.0,1500.0,40.0,41.1,107.0,kayutangan,Kayutangan Heritage,446,False,False,False
2026-09-30 04:00:00+07:00,19.8,22.6,92,0.0,19,2.9,0.0,2880.0,38.2,39.1,102.0,kayutangan,Kayutangan Heritage,446,False,False,False
2026-09-30 05:00:00+07:00,19.8,22.3,89,0.0,29,3.2,0.0,2680.0,38.2,39.0,99.0,kayutangan,Kayutangan Heritage,446,False,False,False
2026-09-30 06:00:00+07:00,21.4,23.9,81,0.0,47,2.8,0.2,10960.0,40.9,41.6,97.0,kayutangan,Kayutangan Heritage,446,False,False,False
2026-09-30 07:00:00+07:00,23.9,27.1,74,0.0,23,1.7,1.5,25040.0,27.5,28.4,95.0,kayutangan,Kayutangan Heritage,446,False,False,False
2026-09-30 08:00:00+07:00,26.2,29.2,66,0.0,5,3.9,3.65,27780.0,24.0,25.3,94.0,kayutangan,Kayutangan Heritage,446,False,False,False
2026-09-30 09:00:00+07:00,28.3,31.9,58,0.0,2,6.3,6.0,30480.0,23.1,24.4,94.0,kayutangan,Kayutangan Heritage,446,False,False,False
2026-09-30 10:00:00+07:00,29.6,33.1,52,0.0,1,10.3,7.9,30540.0,22.9,24.3,93.0,kayutangan,Kayutangan Heritage,446,False,False,False
2026-09-30 11:00:00+07:00,30.9,34.3,45,0.0,6,10.6,7.55,34760.0,23.9,25.3,93.0,kayutangan,Kayutangan Heritage,446,False,False,False
2026-09-30 12:00:00+07:00,31.6,34.2,41,0.0,35,10.3,3.15,34880.0,25.6,27.0,93.0,kayutangan,Kayutangan Heritage,446,False,False,False
2026-09-30 13:00:00+07:00,32.3,35.2,39,0.0,70,7.5,0.65,34940.0,27.0,28.2,93.0,kayutangan,Kayutangan Heritage,446,False,False,False
2026-09-30 14:00:00+07:00,30.7,33.2,45,0.0,62,8.3,0.55,34980.0,26.6,27.9,93.0,kayutangan,Kayutangan Heritage,446,False,False,False
2026-09-30 15:00:00+07:00,27.6,30.3,63,0.1,89,9.0,0.5,6140.0,26.5,27.9,104.0,kayutangan,Kayutangan Heritage,446,False,False,False
2026-09-30 16:00:00+07:00,25.3,28.8,80,1.1,98,8.6,1.05,3720.0,27.1,28.6,121.0,kayutangan,Kayutangan Heritage,446,False,False,False
2026-09-30 17:00:00+07:00,24.4,28.5,85,0.5,57,5.6,0.6,8240.0,29.5,31.2,132.0,kayutangan,Kayutangan Heritage,446,False,False,False
2026-09-30 18:00:00+07:00,23.8,28.0,89,0.1,59,4.5,0.0,12340.0,34.6,36.2,135.0,kayutangan,Kayutangan Heritage,446,False,False,False
2026-09-30 19:00:00+07:00,23.6,27.8,90,0.0,53,4.3,0.0,13880.0,38.4,39.7,130.0,kayutangan,Kayutangan Heritage,446,False,False,False
2026-09-30 20:00:00+07:00,23.2,27.4,91,0.0,38,3.8,0.0,14940.0,37.5,38.5,120.0,kayutangan,Kayutangan Heritage,446,False,False,False
2026-09-30 21:00:00+07:00,23.0,27.2,92,0.0,13,3.5,0.0,16200.0,45.2,46.2,105.0,kayutangan,Kayutangan Heritage,446,False,False,False
2026-09-30 22:00:00+07:00,22.8,26.9,93,0.0,25,4.0,0.0,3260.0,45.4,46.4,95.0,kayutangan,Kayutangan Heritage,446,False,False,False
2026-09-30 23:00:00+07:00,22.5,26.7,94,0.0,27,3.1,0.0,2040.0,47.4,48.4,96.0,kayutangan,Kayutangan Heritage,446,False,False,False
2026-10-01 00:00:00+07:00,22.0,26.3,96,0.0,100,2.2,0.0,1380.0,49.7,50.8,97.0,kayutangan,Kayutangan Heritage,446,False,False,False
2026-10-01 01:00:00+07:00,21.5,25.7,98,0.0,95,2.2,0.0,480.0,49.1,50.1,97.0,kayutangan,Kayutangan Heritage,446,False,False,False
2026-10-01 02:00:00+07:00,21.0,25.1,99,0.0,27,1.9,0.0,800.0,46.8,47.8,98.0,kayutangan,Kayutangan Heritage,446,False,False,False
2026-10-01 03:00:00+07:00,20.6,24.4,99,0.0,27,2.1,0.0,1460.0,43.9,45.2,99.0,kayutangan,Kayutangan Heritage,446,False,False,False
2026-10-01 04:00:00+07:00,20.5,24.0,97,0.0,16,2.5,0.0,2420.0,41.2,42.5,99.0,kayutangan,Kayutangan Heritage,446,False,False,False
2026-10-01 05:00:00+07:00,20.6,24.0,95,0.0,6,2.5,0.0,4700.0,39.6,41.3,99.0,kayutangan,Kayutangan Heritage,446,False,False,False
2026-10-01 06:00:00+07:00,21.4,25.0,93,0.0,29,2.1,0.2,16600.0,36.2,38.6,99.0,kayutangan,Kayutangan Heritage,446,False,False,False
2026-10-01 07:00:00+07:00,22.9,26.3,81,0.0,22,1.5,1.5,14460.0,26.3,28.9,99.0,kayutangan,Kayutangan Heritage,446,False,False,False
2026-10-01 08:00:00+07:00,25.0,27.6,67,0.0,34,3.6,3.65,27860.0,21.4,23.3,99.0,kayutangan,Kayutangan Heritage,446,False,False,False
2026-10-01 09:00:00+07:00,27.4,30.8,58,0.0,51,4.9,5.95,30560.0,20.0,21.8,99.0,kayutangan,Kayutangan Heritage,446,False,False,False
2026-10-01 10:00:00+07:00,29.3,33.6,51,0.0,55,6.1,7.9,30640.0,18.8,20.5,98.0,kayutangan,Kayutangan Heritage,446,False,False,False
2026-10-01 11:00:00+07:00,30.7,34.8,46,0.0,73,8.0,9.05,34900.0,19.2,20.8,98.0,kayutangan,Kayutangan Heritage,446,False,False,False
2026-10-01 12:00:00+07:00,31.6,35.7,43,0.0,78,8.1,9.45,35020.0,22.4,24.2,98.0,kayutangan,Kayutangan Heritage,446,False,False,False
2026-10-01 13:00:00+07:00,32.1,35.9,41,0.0,72,7.5,8.8,35120.0,24.1,25.7,97.0,kayutangan,Kayutangan Heritage,446,False,False,False
2026-10-01 14:00:00+07:00,31.5,34.8,42,0.0,86,6.0,2.95,35140.0,26.5,28.1,97.0,kayutangan,Kayutangan Heritage,446,False,False,False
2026-10-01 15:00:00+07:00,30.6,32.5,46,0.0,95,7.1,0.95,35140.0,28.0,29.6,97.0,kayutangan,Kayutangan Heritage,446,False,False,False
2026-10-01 16:00:00+07:00,29.6,31.9,50,0.0,93,5.3,0.65,30920.0,38.9,40.4,108.0,kayutangan,Kayutangan Heritage,446,False,False,False
2026-10-01 17:00:00+07:00,27.7,30.3,59,0.0,45,5.2,0.45,30860.0,41.8,43.1,117.0,kayutangan,Kayutangan Heritage,446,False,False,False
2026-10-01 18:00:00+07:00,25.9,29.1,70,0.0,23,5.1,0.0,28080.0,58.6,59.6,116.0,kayutangan,Kayutangan Heritage,446,False,False,False
2026-10-01 19:00:00+07:00,24.4,27.9,80,0.0,17,5.2,0.0,22180.0,70.8,71.7,104.0,kayutangan,Kayutangan Heritage,446,False,False,False
2026-10-01 20:00:00+07:00,23.3,27.1,87,0.0,16,3.9,0.0,19600.0,52.7,53.6,105.0,kayutangan,Kayutangan Heritage,446,False,False,False
2026-10-01 21:00:00+07:00,22.9,26.8,89,0.0,11,3.4,0.0,19560.0,48.9,49.9,106.0,kayutangan,Kayutangan Heritage,446,False,False,False
2026-10-01 22:00:00+07:00,22.7,26.7,89,0.0,6,2.3,0.0,19260.0,47.5,48.5,107.0,kayutangan,Kayutangan Heritage,446,False,False,False
2026-10-01 23:00:00+07:00,22.3,26.5,91,0.0,45,1.1,0.0,5880.0,41.8,43.0,107.0,kayutangan,Kayutangan Heritage,446,False,False,False
2026-10-02 00:00:00+07:00,21.9,26.0,93,0.0,42,0.8,0.0,3440.0,46.1,47.1,106.0,kayutangan,Kayutangan Heritage,446,False,False,False
2026-10-02 01:00:00+07:00,21.6,25.7,94,0.0,59,0.6,0.0,3120.0,50.3,51.3,106.0,kayutangan,Kayutangan Heritage,446,False,False,False
2026-10-02 02:00:00+07:00,21.4,25.4,95,0.0,55,0.9,0.0,3460.0,53.0,54.0,106.0,kayutangan,Kayutangan Heritage,446,False,False,False
2026-10-02 03:00:00+07:00,21.1,24.9,95,0.0,91,2.0,0.0,2660.0,51.5,52.5,107.0,kayutangan,Kayutangan Heritage,446,False,False,False
2026-10-02 04:00:00+07:00,20.7,24.4,97,0.0,83,2.0,0.0,2160.0,47.7,48.8,108.0,kayutangan,Kayutangan Heritage,446,False,False,False
2026-10-02 05:00:00+07:00,20.4,24.0,98,0.0,77,2.5,0.0,1060.0,47.6,48.8,108.0,kayutangan,Kayutangan Heritage,446,False,False,False
2026-10-02 06:00:00+07:00,21.4,24.8,93,0.0,66,4.1,0.2,15700.0,46.6,48.0,109.0,kayutangan,Kayutangan Heritage,446,False,False,False
2026-10-02 07:00:00+07:00,23.9,27.8,81,0.0,65,1.1,1.5,21420.0,33.6,35.4,110.0,kayutangan,Kayutangan Heritage,446,False,False,False
2026-10-02 08:00:00+07:00,25.6,29.2,73,0.0,56,3.3,3.7,18980.0,22.7,24.6,111.0,kayutangan,Kayutangan Heritage,446,False,False,False
2026-10-02 09:00:00+07:00,27.5,31.4,65,0.0,48,6.2,6.0,16520.0,22.7,24.6,111.0,kayutangan,Kayutangan Heritage,446,False,False,False
2026-10-02 10:00:00+07:00,29.2,33.6,58,0.0,46,8.0,7.9,14080.0,23.1,25.0,111.0,kayutangan,Kayutangan Heritage,446,False,False,False
2026-10-02 11:00:00+07:00,30.6,35.6,52,0.0,57,8.0,9.1,21060.0,24.2,26.0,112.0,kayutangan,Kayutangan Heritage,446,False,False,False
2026-10-02 12:00:00+07:00,31.8,36.6,47,0.0,76,7.6,9.4,28020.0,25.5,27.2,112.0,kayutangan,Kayutangan Heritage,446,False,False,False
2026-10-02 13:00:00+07:00,32.3,36.5,44,0.0,90,7.6,8.75,35000.0,28.7,30.4,113.0,kayutangan,Kayutangan Heritage,446,False,False,False
2026-10-02 14:00:00+07:00,31.8,35.0,44,0.0,96,7.4,5.55,33600.0,30.7,32.5,113.0,kayutangan,Kayutangan Heritage,446,False,False,False
2026-10-02 15:00:00+07:00,30.7,32.8,48,0.0,98,7.3,3.6,32220.0,31.3,32.9,114.0,kayutangan,Kayutangan Heritage,446,False,False,False
2026-10-02 16:00:00+07:00,29.3,31.5,53,0.0,98,6.7,2.45,30820.0,32.7,34.5,114.0,kayutangan,Kayutangan Heritage,446,False,False,False
2026-10-02 17:00:00+07:00,27.5,30.4,61,0.0,98,4.9,0.65,26980.0,44.2,46.1,130.0,kayutangan,Kayutangan Heritage,446,False,False,False
2026-10-02 18:00:00+07:00,25.6,29.0,74,0.0,96,4.8,0.05,23160.0,61.5,63.3,135.0,kayutangan,Kayutangan Heritage,446,False,False,False
2026-10-02 19:00:00+07:00,24.0,27.8,85,0.0,91,5.8,0.0,19320.0,78.7,80.1,126.0,kayutangan,Kayutangan Heritage,446,False,False,False
2026-10-02 20:00:00+07:00,23.3,27.3,90,0.0,76,4.9,0.0,18280.0,72.2,73.6,115.0,kayutangan,Kayutangan Heritage,446,False,False,False
2026-10-02 21:00:00+07:00,23.0,27.2,91,0.0,58,2.9,0.0,17240.0,71.5,72.6,117.0,kayutangan,Kayutangan Heritage,446,False,False,False
2026-10-02 22:00:00+07:00,22.8,27.1,91,0.0,49,1.8,0.0,16200.0,65.7,67.1,119.0,kayutangan,Kayutangan Heritage,446,False,False,False
2026-10-02 23:00:00+07:00,22.6,26.9,92,0.0,61,1.6,0.0,11100.0,65.9,67.1,121.0,kayutangan,Kayutangan Heritage,446,False,False,False
2026-10-03 00:00:00+07:00,22.4,26.7,93,0.0,83,1.2,0.0,6020.0,62.6,63.8,124.0,kayutangan,Kayutangan Heritage,446,False,True,False
2026-10-03 01:00:00+07:00,22.2,26.5,93,0.0,98,1.0,0.0,920.0,59.3,60.3,125.0,kayutangan,Kayutangan Heritage,446,False,True,False
2026-10-03 02:00:00+07:00,22.0,26.3,94,0.0,98,1.2,0.0,940.0,56.8,58.0,126.0,kayutangan,Kayutangan Heritage,446,False,True,False
2026-10-03 03:00:00+07:00,21.9,26.1,95,0.0,91,1.5,0.0,980.0,54.1,55.4,127.0,kayutangan,Kayutangan Heritage,446,False,True,False
2026-10-03 04:00:00+07:00,21.9,26.1,94,0.0,80,1.5,0.0,1000.0,50.4,52.0,127.0,kayutangan,Kayutangan Heritage,446,False,True,False
2026-10-03 05:00:00+07:00,22.1,26.2,92,0.0,64,1.0,0.0,2380.0,49.4,50.9,127.0,kayutangan,Kayutangan Heritage,446,False,True,False
2026-10-03 06:00:00+07:00,22.4,26.5,90,0.0,45,0.6,0.2,3780.0,46.2,47.5,127.0,kayutangan,Kayutangan Heritage,446,False,True,False
2026-10-03 07:00:00+07:00,23.2,27.2,84,0.0,29,0.4,1.55,5160.0,27.9,29.6,127.0,kayutangan,Kayutangan Heritage,446,False,True,False
2026-10-03 08:00:00+07:00,25.1,28.6,73,0.0,20,1.9,3.7,13640.0,,,127.0,kayutangan,Kayutangan Heritage,446,False,True,False
2026-10-03 09:00:00+07:00,27.5,30.8,61,0.0,14,3.9,6.05,22120.0,,,,kayutangan,Kayutangan Heritage,446,False,True,False
2026-10-03 10:00:00+07:00,29.5,33.4,53,0.0,14,5.3,7.95,30600.0,,,,kayutangan,Kayutangan Heritage,446,False,True,False
2026-10-03 11:00:00+07:00,30.7,35.0,47,0.0,21,6.1,9.1,28080.0,,,,kayutangan,Kayutangan Heritage,446,False,True,False
2026-10-03 12:00:00+07:00,31.4,35.5,43,0.0,34,6.6,9.45,25540.0,,,,kayutangan,Kayutangan Heritage,446,False,True,False
2026-10-03 13:00:00+07:00,31.6,35.2,42,0.0,42,6.8,6.85,23020.0,,,,kayutangan,Kayutangan Heritage,446,False,True,False
2026-10-03 14:00:00+07:00,31.1,33.7,45,0.0,42,7.5,3.85,25640.0,,,,kayutangan,Kayutangan Heritage,446,False,True,False
2026-10-03 15:00:00+07:00,29.9,31.7,50,0.0,38,9.4,2.45,28240.0,,,,kayutangan,Kayutangan Heritage,446,False,True,False
2026-10-03 16:00:00+07:00,28.6,30.7,57,0.0,35,9.9,1.45,30860.0,,,,kayutangan,Kayutangan Heritage,446,False,True,False
2026-10-03 17:00:00+07:00,27.1,29.8,65,0.1,35,7.9,0.6,27540.0,,,,kayutangan,Kayutangan Heritage,446,False,True,False
2026-10-03 18:00:00+07:00,25.4,28.6,74,0.1,36,6.5,0.0,24200.0,,,,kayutangan,Kayutangan Heritage,446,False,True,False
2026-10-03 19:00:00+07:00,24.2,27.4,82,0.1,36,7.6,0.0,20880.0,,,,kayutangan,Kayutangan Heritage,446,False,True,False
2026-10-03 20:00:00+07:00,23.6,26.9,86,0.0,30,7.7,0.0,19880.0,,,,kayutangan,Kayutangan Heritage,446,False,True,False
2026-10-03 21:00:00+07:00,23.4,27.0,87,0.0,22,6.7,0.0,18880.0,,,,kayutangan,Kayutangan Heritage,446,False,True,False
2026-10-03 22:00:00+07:00,23.3,27.0,89,0.0,22,6.0,0.0,17880.0,,,,kayutangan,Kayutangan Heritage,446,False,True,False
2026-10-03 23:00:00+07:00,23.0,26.6,89,0.0,37,5.8,0.0,18280.0,,,,kayutangan,Kayutangan Heritage,446,False,True,False
2026-10-04 00:00:00+07:00,22.7,26.2,90,0.0,59,5.8,0.0,18660.0,,,,kayutangan,Kayutangan Heritage,446,False,True,False
2026-10-04 01:00:00+07:00,22.4,25.8,90,0.0,73,5.8,0.0,19060.0,,,,kayutangan,Kayutangan Heritage,446,False,True,False
2026-10-04 02:00:00+07:00,22.1,25.6,92,0.0,70,5.7,0.0,14600.0,,,,kayutangan,Kayutangan Heritage,446,False,True,False
2026-10-04 03:00:00+07:00,21.8,25.4,95,0.0,58,5.3,0.0,10140.0,,,,kayutangan,Kayutangan Heritage,446,False,True,False
2026-10-04 04:00:00+07:00,21.9,25.5,94,0.0,45,4.5,0.0,5680.0,,,,kayutangan,Kayutangan Heritage,446,False,True,False
2026-10-04 05:00:00+07:00,22.3,25.9,88,0.0,33,2.8,0.0,12040.0,,,,kayutangan,Kayutangan Heritage,446,False,True,False
2026-10-04 06:00:00+07:00,23.0,26.5,80,0.0,20,0.6,0.25,18380.0,,,,kayutangan,Kayutangan Heritage,446,False,True,False
2026-10-04 07:00:00+07:00,24.1,27.1,71,0.0,12,1.5,1.75,24740.0,,,,kayutangan,Kayutangan Heritage,446,False,True,False
2026-10-04 08:00:00+07:00,26.0,28.4,61,0.0,11,2.9,3.9,28100.0,,,,kayutangan,Kayutangan Heritage,446,False,True,False
2026-10-04 09:00:00+07:00,28.2,31.1,51,0.0,14,4.1,5.75,31440.0,,,,kayutangan,Kayutangan Heritage,446,False,True,False
2026-10-04 10:00:00+07:00,30.1,33.6,44,0.0,21,5.4,7.3,34800.0,,,,kayutangan,Kayutangan Heritage,446,False,True,False
2026-10-04 11:00:00+07:00,31.3,34.8,40,0.0,33,7.0,9.55,36240.0,,,,kayutangan,Kayutangan Heritage,446,False,True,False
2026-10-04 12:00:00+07:00,32.2,35.3,37,0.0,49,8.7,9.1,37660.0,,,,kayutangan,Kayutangan Heritage,446,False,True,False
2026-10-04 13:00:00+07:00,32.7,35.3,35,0.0,60,9.9,7.45,39100.0,,,,kayutangan,Kayutangan Heritage,446,False,True,False
2026-10-04 14:00:00+07:00,32.0,34.2,39,0.0,40,7.7,4.55,35320.0,,,,kayutangan,Kayutangan Heritage,446,False,True,False
2026-10-04 15:00:00+07:00,30.8,32.8,44,0.0,42,5.1,2.8,31580.0,,,,kayutangan,Kayutangan Heritage,446,False,True,False
2026-10-04 16:00:00+07:00,29.2,31.9,52,0.0,45,2.9,1.35,27820.0,,,,kayutangan,Kayutangan Heritage,446,False,True,False
2026-10-04 17:00:00+07:00,27.4,30.6,63,0.0,50,4.2,0.4,24060.0,,,,kayutangan,Kayutangan Heritage,446,False,True,False
2026-10-04 18:00:00+07:00,25.8,29.1,74,0.0,54,6.8,0.0,20320.0,,,,kayutangan,Kayutangan Heritage,446,False,True,False
2026-10-04 19:00:00+07:00,24.6,28.1,83,0.0,59,8.4,0.0,16560.0,,,,kayutangan,Kayutangan Heritage,446,False,True,False
2026-10-04 20:00:00+07:00,23.9,27.5,89,0.0,65,8.9,0.0,16340.0,,,,kayutangan,Kayutangan Heritage,446,False,True,False
2026-10-04 21:00:00+07:00,23.5,27.2,92,0.0,73,8.3,0.0,16120.0,,,,kayutangan,Kayutangan Heritage,446,False,True,False
2026-10-04 22:00:00+07:00,23.2,27.0,93,0.0,81,7.3,0.0,15920.0,,,,kayutangan,Kayutangan Heritage,446,False,True,False
2026-10-04 23:00:00+07:00,23.0,26.9,93,0.0,88,6.0,0.0,15700.0,,,,kayutangan,Kayutangan Heritage,446,False,True,False
2026-09-26 00:00:00+07:00,16.1,18.0,96,0.0,2,0.3,0.0,7560.0,45.3,47.5,127.0,panderman,Gunung Panderman,1361,False,True,False
2026-09-26 01:00:00+07:00,15.8,17.1,94,0.0,8,1.9,0.0,8500.0,45.8,47.8,123.0,panderman,Gunung Panderman,1361,False,True,False
2026-09-26 02:00:00+07:00,15.7,17.1,93,0.0,8,0.3,0.0,12660.0,50.2,52.2,121.0,panderman,Gunung Panderman,1361,False,True,False
2026-09-26 03:00:00+07:00,15.6,16.8,90,0.0,0,0.4,0.0,16600.0,48.2,50.6,119.0,panderman,Gunung Panderman,1361,False,True,False
2026-09-26 04:00:00+07:00,15.4,16.6,89,0.0,0,0.3,0.0,18520.0,47.1,49.7,116.0,panderman,Gunung Panderman,1361,False,True,False
2026-09-26 05:00:00+07:00,15.0,15.9,89,0.0,0,0.6,0.0,24780.0,49.6,52.2,115.0,panderman,Gunung Panderman,1361,False,True,False
2026-09-26 06:00:00+07:00,15.9,17.1,89,0.0,0,1.1,0.15,27640.0,44.5,47.1,114.0,panderman,Gunung Panderman,1361,False,True,False
2026-09-26 07:00:00+07:00,19.5,20.4,72,0.0,6,4.0,1.45,31040.0,35.2,37.5,112.0,panderman,Gunung Panderman,1361,False,True,False
2026-09-26 08:00:00+07:00,22.4,21.6,42,0.0,30,3.4,3.65,41580.0,29.9,30.6,112.0,panderman,Gunung Panderman,1361,False,True,False
2026-09-26 09:00:00+07:00,24.2,25.1,38,0.0,27,0.4,5.95,44300.0,27.6,28.5,111.0,panderman,Gunung Panderman,1361,False,True,False
2026-09-26 10:00:00+07:00,25.1,27.3,40,0.0,57,2.4,7.9,18200.0,27.9,28.9,111.0,panderman,Gunung Panderman,1361,False,True,False
2026-09-26 11:00:00+07:00,24.9,27.4,47,0.1,31,5.9,9.15,8880.0,27.4,28.4,111.0,panderman,Gunung Panderman,1361,False,True,False
2026-09-26 12:00:00+07:00,23.3,27.0,63,0.9,27,7.4,8.5,2980.0,27.1,28.1,111.0,panderman,Gunung Panderman,1361,False,True,False
2026-09-26 13:00:00+07:00,21.1,25.6,83,1.8,38,6.3,3.9,2680.0,27.0,28.0,111.0,panderman,Gunung Panderman,1361,False,True,False
2026-09-26 14:00:00+07:00,20.9,24.2,84,2.2,27,8.0,2.45,3640.0,26.9,28.2,111.0,panderman,Gunung Panderman,1361,False,True,False
2026-09-26 15:00:00+07:00,21.3,23.0,78,1.0,30,8.8,1.95,6760.0,25.9,27.1,112.0,panderman,Gunung Panderman,1361,False,True,False
2026-09-26 16:00:00+07:00,20.6,22.2,79,0.4,100,6.2,0.8,6460.0,25.8,27.0,135.0,panderman,Gunung Panderman,1361,False,True,False
2026-09-26 17:00:00+07:00,19.3,21.4,86,0.2,94,2.6,0.5,13900.0,34.5,35.5,149.0,panderman,Gunung Panderman,1361,False,True,False
2026-09-26 18:00:00+07:00,17.1,19.2,97,0.0,100,1.5,0.05,12100.0,58.2,59.6,147.0,panderman,Gunung Panderman,1361,False,True,False
2026-09-26 19:00:00+07:00,17.4,19.6,99,0.0,98,2.9,0.0,4160.0,82.4,84.8,130.0,panderman,Gunung Panderman,1361,False,True,False
2026-09-26 20:00:00+07:00,16.8,19.0,97,0.0,37,0.2,0.0,6180.0,95.9,98.0,114.0,panderman,Gunung Panderman,1361,False,True,False
2026-09-26 21:00:00+07:00,16.5,18.4,96,0.0,30,0.6,0.0,14780.0,100.8,102.9,119.0,panderman,Gunung Panderman,1361,False,True,False
2026-09-26 22:00:00+07:00,16.2,18.0,96,0.0,50,0.7,0.0,17660.0,107.3,109.2,124.0,panderman,Gunung Panderman,1361,False,True,False
2026-09-26 23:00:00+07:00,15.7,17.3,97,0.0,48,1.1,0.0,13580.0,111.1,112.9,130.0,panderman,Gunung Panderman,1361,False,True,False
2026-09-27 00:00:00+07:00,15.3,16.7,96,0.0,20,1.3,0.0,17000.0,107.1,108.7,136.0,panderman,Gunung Panderman,1361,False,True,False
2026-09-27 01:00:00+07:00,14.7,15.1,87,0.0,1,3.1,0.0,31300.0,94.3,96.4,143.0,panderman,Gunung Panderman,1361,False,True,False
2026-09-27 02:00:00+07:00,15.1,15.2,75,0.0,9,0.7,0.0,34440.0,87.5,89.9,148.0,panderman,Gunung Panderman,1361,False,True,False
2026-09-27 03:00:00+07:00,15.3,15.2,69,0.0,29,0.6,0.0,37360.0,79.9,82.2,151.0,panderman,Gunung Panderman,1361,False,True,False
2026-09-27 04:00:00+07:00,15.5,15.3,67,0.0,18,0.3,0.0,37340.0,72.9,75.2,151.0,panderman,Gunung Panderman,1361,False,True,False
2026-09-27 05:00:00+07:00,15.6,15.4,65,0.0,20,0.3,0.0,37300.0,66.6,68.9,152.0,panderman,Gunung Panderman,1361,False,True,False
2026-09-27 06:00:00+07:00,16.6,16.6,66,0.0,31,0.6,0.15,37240.0,66.4,68.5,153.0,panderman,Gunung Panderman,1361,False,True,False
2026-09-27 07:00:00+07:00,20.0,21.1,68,0.0,19,1.7,1.45,31160.0,31.9,34.6,153.0,panderman,Gunung Panderman,1361,False,True,False
2026-09-27 08:00:00+07:00,22.0,21.9,45,0.0,8,0.3,3.65,41720.0,24.3,25.1,153.0,panderman,Gunung Panderman,1361,False,True,False
2026-09-27 09:00:00+07:00,23.8,24.8,41,0.0,13,1.4,5.85,41740.0,21.0,21.5,153.0,panderman,Gunung Panderman,1361,False,True,False
2026-09-27 10:00:00+07:00,24.6,26.8,43,0.0,39,2.2,7.5,41760.0,20.7,21.3,153.0,panderman,Gunung Panderman,1361,False,True,False
2026-09-27 11:00:00+07:00,25.0,27.5,46,0.0,62,3.4,8.6,13920.0,21.2,22.0,153.0,panderman,Gunung Panderman,1361,False,True,False
2026-09-27 12:00:00+07:00,23.6,27.1,58,0.3,56,5.2,2.75,3840.0,22.2,23.0,153.0,panderman,Gunung Panderman,1361,False,True,False
2026-09-27 13:00:00+07:00,20.7,25.2,86,2.7,32,6.5,1.2,2620.0,22.8,23.6,152.0,panderman,Gunung Panderman,1361,False,True,False
2026-09-27 14:00:00+07:00,20.2,23.7,88,3.6,61,6.2,0.65,2480.0,23.3,24.2,152.0,panderman,Gunung Panderman,1361,False,True,False
2026-09-27 15:00:00+07:00,19.7,21.9,90,3.0,37,5.4,0.95,3000.0,23.5,24.4,152.0,panderman,Gunung Panderman,1361,False,True,False
2026-09-27 16:00:00+07:00,20.9,23.6,83,1.4,65,1.8,1.0,6040.0,24.0,25.2,152.0,panderman,Gunung Panderman,1361,False,True,False
2026-09-27 17:00:00+07:00,18.3,20.7,96,0.4,21,2.4,0.55,9880.0,27.5,29.0,152.0,panderman,Gunung Panderman,1361,False,True,False
2026-09-27 18:00:00+07:00,17.1,18.9,99,0.0,40,4.8,0.05,14460.0,38.2,39.6,152.0,panderman,Gunung Panderman,1361,False,True,False
2026-09-27 19:00:00+07:00,16.9,18.7,100,0.0,98,4.7,0.0,560.0,61.5,62.9,151.0,panderman,Gunung Panderman,1361,False,True,False
2026-09-27 20:00:00+07:00,16.7,19.0,100,0.0,83,0.7,0.0,700.0,69.2,70.8,151.0,panderman,Gunung Panderman,1361,False,True,False
2026-09-27 21:00:00+07:00,16.6,18.6,97,0.0,16,0.6,0.0,2140.0,83.1,84.8,149.0,panderman,Gunung Panderman,1361,False,True,False
2026-09-27 22:00:00+07:00,16.2,18.2,97,0.0,20,0.4,0.0,1120.0,78.5,80.3,147.0,panderman,Gunung Panderman,1361,False,True,False
2026-09-27 23:00:00+07:00,16.0,17.9,97,0.0,20,0.2,0.0,960.0,79.6,80.8,144.0,panderman,Gunung Panderman,1361,False,True,False
2026-09-28 00:00:00+07:00,16.0,17.8,95,0.0,14,0.4,0.0,1160.0,81.3,82.2,141.0,panderman,Gunung Panderman,1361,False,False,False
2026-09-28 01:00:00+07:00,15.8,17.2,95,0.0,10,1.9,0.0,1300.0,81.0,82.2,138.0,panderman,Gunung Panderman,1361,False,False,False
2026-09-28 02:00:00+07:00,15.7,17.1,92,0.0,7,0.6,0.0,1620.0,78.7,79.4,137.0,panderman,Gunung Panderman,1361,False,False,False
2026-09-28 03:00:00+07:00,15.8,16.8,87,0.0,5,0.7,0.0,2200.0,76.1,77.1,136.0,panderman,Gunung Panderman,1361,False,False,False
2026-09-28 04:00:00+07:00,15.8,16.5,82,0.0,3,0.8,0.0,3080.0,72.6,73.1,136.0,panderman,Gunung Panderman,1361,False,False,False
2026-09-28 05:00:00+07:00,16.0,16.5,77,0.0,3,0.8,0.0,4720.0,70.3,71.0,136.0,panderman,Gunung Panderman,1361,False,False,False
2026-09-28 06:00:00+07:00,16.9,17.6,76,0.0,6,1.2,0.15,7400.0,71.9,72.6,136.0,panderman,Gunung Panderman,1361,False,False,False
2026-09-28 07:00:00+07:00,18.8,20.7,84,0.0,4,1.7,1.5,24640.0,44.9,46.2,137.0,panderman,Gunung Panderman,1361,False,False,False
2026-09-28 08:00:00+07:00,21.2,22.7,68,0.0,5,1.1,3.7,34080.0,28.7,30.5,138.0,panderman,Gunung Panderman,1361,False,False,False
2026-09-28 09:00:00+07:00,23.3,25.7,56,0.0,28,1.6,6.05,22120.0,27.2,29.0,139.0,panderman,Gunung Panderman,1361,False,False,False
2026-09-28 10:00:00+07:00,24.3,27.3,51,0.1,99,2.4,7.35,18660.0,26.1,28.0,139.0,panderman,Gunung Panderman,1361,False,False,False
2026-09-28 11:00:00+07:00,23.2,26.6,59,0.3,100,2.5,5.2,4240.0,25.3,27.2,140.0,panderman,Gunung Panderman,1361,False,False,False
2026-09-28 12:00:00+07:00,20.8,25.6,86,2.0,91,4.0,1.3,2520.0,24.9,26.8,140.0,panderman,Gunung Panderman,1361,False,False,False
2026-09-28 13:00:00+07:00,20.3,24.5,89,1.4,99,3.1,0.85,3300.0,23.9,26.0,140.0,panderman,Gunung Panderman,1361,False,False,False
2026-09-28 14:00:00+07:00,23.1,25.5,66,0.6,96,3.0,0.9,7560.0,22.5,25.0,141.0,panderman,Gunung Panderman,1361,False,False,False
2026-09-28 15:00:00+07:00,22.4,23.5,65,0.3,100,5.0,0.55,6240.0,22.1,25.0,140.0,panderman,Gunung Panderman,1361,False,False,False
2026-09-28 16:00:00+07:00,20.3,22.9,91,0.8,100,4.8,0.3,4160.0,23.7,26.3,140.0,panderman,Gunung Panderman,1361,False,False,False
2026-09-28 17:00:00+07:00,18.9,21.7,98,0.6,100,3.5,0.25,6740.0,29.3,31.7,140.0,panderman,Gunung Panderman,1361,False,False,False
2026-09-28 18:00:00+07:00,17.9,20.5,100,0.1,98,2.3,0.05,13920.0,46.4,48.8,140.0,panderman,Gunung Panderman,1361,False,False,False
2026-09-28 19:00:00+07:00,17.5,20.1,99,0.0,77,0.4,0.0,2940.0,59.6,61.7,141.0,panderman,Gunung Panderman,1361,False,False,False
2026-09-28 20:00:00+07:00,17.2,19.4,97,0.0,67,0.9,0.0,1540.0,72.2,74.0,141.0,panderman,Gunung Panderman,1361,False,False,False
2026-09-28 21:00:00+07:00,16.9,19.0,96,0.0,73,0.7,0.0,1040.0,85.0,86.6,141.0,panderman,Gunung Panderman,1361,False,False,False
2026-09-28 22:00:00+07:00,16.5,18.5,96,0.0,66,0.7,0.0,1260.0,92.7,94.1,142.0,panderman,Gunung Panderman,1361,False,False,False
2026-09-28 23:00:00+07:00,15.9,17.6,97,0.0,66,0.7,0.0,900.0,91.3,92.7,143.0,panderman,Gunung Panderman,1361,False,False,False
2026-09-29 00:00:00+07:00,15.6,17.2,97,0.0,70,0.6,0.0,820.0,92.4,93.4,144.0,panderman,Gunung Panderman,1361,False,False,False
2026-09-29 01:00:00+07:00,15.3,16.8,96,0.0,77,0.5,0.0,780.0,94.1,95.0,146.0,panderman,Gunung Panderman,1361,False,False,False
2026-09-29 02:00:00+07:00,15.3,16.6,94,0.0,79,0.6,0.0,660.0,94.3,95.2,147.0,panderman,Gunung Panderman,1361,False,False,False
2026-09-29 03:00:00+07:00,15.1,16.4,93,0.0,41,0.6,0.0,640.0,91.5,92.4,148.0,panderman,Gunung Panderman,1361,False,False,False
2026-09-29 04:00:00+07:00,14.9,16.0,93,0.0,24,0.7,0.0,680.0,85.2,86.4,150.0,panderman,Gunung Panderman,1361,False,False,False
2026-09-29 05:00:00+07:00,15.2,16.2,89,0.0,25,0.7,0.0,880.0,85.4,86.6,150.0,panderman,Gunung Panderman,1361,False,False,False
2026-09-29 06:00:00+07:00,16.4,17.6,88,0.0,22,1.5,0.15,1220.0,86.6,88.0,151.0,panderman,Gunung Panderman,1361,False,False,False
2026-09-29 07:00:00+07:00,19.1,21.6,91,0.0,14,1.8,1.5,2000.0,64.7,67.3,151.0,panderman,Gunung Panderman,1361,False,False,False
2026-09-29 08:00:00+07:00,21.9,23.6,66,0.0,9,0.7,3.7,34020.0,43.0,44.6,152.0,panderman,Gunung Panderman,1361,False,False,False
2026-09-29 09:00:00+07:00,24.2,26.5,52,0.0,13,1.1,6.05,36940.0,34.8,36.7,152.0,panderman,Gunung Panderman,1361,False,False,False
2026-09-29 10:00:00+07:00,25.1,28.6,51,0.0,14,2.1,8.0,26440.0,33.3,34.9,153.0,panderman,Gunung Panderman,1361,False,False,False
2026-09-29 11:00:00+07:00,24.4,28.1,56,0.5,42,4.2,9.25,3280.0,33.6,35.3,153.0,panderman,Gunung Panderman,1361,False,False,False
2026-09-29 12:00:00+07:00,23.3,26.9,64,1.6,55,6.6,4.4,3480.0,33.9,35.4,153.0,panderman,Gunung Panderman,1361,False,False,False
2026-09-29 13:00:00+07:00,20.0,22.9,87,1.8,100,7.5,1.05,2640.0,34.6,36.0,153.0,panderman,Gunung Panderman,1361,False,False,False
2026-09-29 14:00:00+07:00,19.9,22.6,88,2.6,98,7.1,0.55,2860.0,31.5,32.9,154.0,panderman,Gunung Panderman,1361,False,False,False
2026-09-29 15:00:00+07:00,20.7,23.1,87,2.1,100,5.6,0.65,3760.0,33.5,35.0,154.0,panderman,Gunung Panderman,1361,False,False,False
2026-09-29 16:00:00+07:00,20.5,23.1,91,1.5,100,5.0,1.05,3980.0,36.3,37.8,154.0,panderman,Gunung Panderman,1361,False,False,False
2026-09-29 17:00:00+07:00,18.7,21.4,97,0.5,98,2.4,0.95,6800.0,35.5,36.7,155.0,panderman,Gunung Panderman,1361,False,False,False
2026-09-29 18:00:00+07:00,17.3,19.2,100,0.1,95,5.2,0.05,540.0,31.4,32.0,155.0,panderman,Gunung Panderman,1361,False,False,False
2026-09-29 19:00:00+07:00,16.7,18.3,100,0.0,49,4.9,0.0,900.0,40.2,40.7,154.0,panderman,Gunung Panderman,1361,False,False,False
2026-09-29 20:00:00+07:00,16.6,18.6,100,0.0,100,2.5,0.0,480.0,43.5,44.2,154.0,panderman,Gunung Panderman,1361,False,False,False
2026-09-29 21:00:00+07:00,16.7,18.8,99,0.0,98,1.3,0.0,200.0,40.4,41.2,153.0,panderman,Gunung Panderman,1361,False,False,False
2026-09-29 22:00:00+07:00,16.4,18.3,99,0.0,77,2.1,0.0,180.0,40.7,41.7,152.0,panderman,Gunung Panderman,1361,False,False,False
2026-09-29 23:00:00+07:00,15.8,17.4,100,0.0,98,2.4,0.0,200.0,37.0,38.1,150.0,panderman,Gunung Panderman,1361,False,False,False
2026-09-30 00:00:00+07:00,15.4,16.8,100,0.0,98,2.4,0.0,180.0,31.3,32.2,144.0,panderman,Gunung Panderman,1361,False,False,False
2026-09-30 01:00:00+07:00,14.8,16.1,100,0.0,97,1.7,0.0,180.0,31.4,32.5,138.0,panderman,Gunung Panderman,1361,False,False,False
2026-09-30 02:00:00+07:00,14.6,16.0,100,0.0,95,1.4,0.0,300.0,34.9,36.1,131.0,panderman,Gunung Panderman,1361,False,False,False
2026-09-30 03:00:00+07:00,14.7,16.0,98,0.0,58,1.2,0.0,380.0,38.9,39.8,125.0,panderman,Gunung Panderman,1361,False,False,False
2026-09-30 04:00:00+07:00,14.8,16.0,96,0.0,41,0.6,0.0,500.0,41.4,42.4,120.0,panderman,Gunung Panderman,1361,False,False,False
2026-09-30 05:00:00+07:00,15.1,16.2,92,0.0,35,0.8,0.0,720.0,44.8,45.6,115.0,panderman,Gunung Panderman,1361,False,False,False
2026-09-30 06:00:00+07:00,16.9,18.4,89,0.0,49,1.1,0.2,1560.0,51.3,52.0,111.0,panderman,Gunung Panderman,1361,False,False,False
2026-09-30 07:00:00+07:00,20.2,22.3,78,0.0,28,0.4,1.5,27460.0,38.4,39.2,107.0,panderman,Gunung Panderman,1361,False,False,False
2026-09-30 08:00:00+07:00,22.2,23.6,62,0.0,25,0.4,3.75,33980.0,29.2,30.7,105.0,panderman,Gunung Panderman,1361,False,False,False
2026-09-30 09:00:00+07:00,23.8,26.2,53,0.0,34,0.3,6.05,36900.0,25.5,27.0,103.0,panderman,Gunung Panderman,1361,False,False,False
2026-09-30 10:00:00+07:00,24.3,26.9,51,0.0,84,1.8,5.25,34100.0,23.9,25.1,102.0,panderman,Gunung Panderman,1361,False,False,False
2026-09-30 11:00:00+07:00,23.5,26.6,57,0.0,72,3.9,1.5,12180.0,23.7,25.0,101.0,panderman,Gunung Panderman,1361,False,False,False
2026-09-30 12:00:00+07:00,22.8,25.4,63,0.3,66,4.1,0.9,5160.0,24.2,25.4,100.0,panderman,Gunung Panderman,1361,False,False,False
2026-09-30 13:00:00+07:00,21.0,24.3,78,1.2,91,4.1,0.7,2560.0,25.2,26.3,99.0,panderman,Gunung Panderman,1361,False,False,False
2026-09-30 14:00:00+07:00,20.3,23.2,87,2.4,58,3.4,0.7,2680.0,25.3,26.4,99.0,panderman,Gunung Panderman,1361,False,False,False
2026-09-30 15:00:00+07:00,19.9,22.4,88,1.6,82,2.8,0.45,3620.0,25.6,27.0,98.0,panderman,Gunung Panderman,1361,False,False,False
2026-09-30 16:00:00+07:00,19.6,21.8,89,0.5,100,4.0,0.25,7400.0,33.5,34.7,97.0,panderman,Gunung Panderman,1361,False,False,False
2026-09-30 17:00:00+07:00,18.4,20.5,95,0.2,100,4.8,0.3,8400.0,32.7,33.6,97.0,panderman,Gunung Panderman,1361,False,False,False
2026-09-30 18:00:00+07:00,17.6,19.7,100,0.0,100,4.4,0.0,360.0,22.7,23.6,97.0,panderman,Gunung Panderman,1361,False,False,False
2026-09-30 19:00:00+07:00,17.6,19.9,100,0.0,99,2.6,0.0,320.0,22.2,22.6,96.0,panderman,Gunung Panderman,1361,False,False,False
2026-09-30 20:00:00+07:00,17.6,20.1,100,0.0,100,1.1,0.0,380.0,22.6,23.0,95.0,panderman,Gunung Panderman,1361,False,False,False
2026-09-30 21:00:00+07:00,17.6,20.2,99,0.0,99,0.5,0.0,300.0,27.8,28.2,93.0,panderman,Gunung Panderman,1361,False,False,False
2026-09-30 22:00:00+07:00,17.5,20.1,98,0.0,95,0.0,0.0,280.0,33.5,34.1,92.0,panderman,Gunung Panderman,1361,False,False,False
2026-09-30 23:00:00+07:00,17.3,19.7,98,0.0,80,0.4,0.0,300.0,40.2,40.6,92.0,panderman,Gunung Panderman,1361,False,False,False
2026-10-01 00:00:00+07:00,17.0,19.3,98,0.0,69,0.4,0.0,360.0,44.9,45.5,92.0,panderman,Gunung Panderman,1361,False,False,False
2026-10-01 01:00:00+07:00,16.3,18.5,100,0.0,96,0.4,0.0,300.0,46.9,47.5,93.0,panderman,Gunung Panderman,1361,False,False,False
2026-10-01 02:00:00+07:00,15.9,17.9,100,0.0,95,0.6,0.0,220.0,47.1,47.8,94.0,panderman,Gunung Panderman,1361,False,False,False
2026-10-01 03:00:00+07:00,15.8,17.6,100,0.0,95,0.8,0.0,200.0,47.0,47.8,95.0,panderman,Gunung Panderman,1361,False,False,False
2026-10-01 04:00:00+07:00,15.5,17.3,100,0.0,95,1.0,0.0,160.0,45.1,45.9,96.0,panderman,Gunung Panderman,1361,False,False,False
2026-10-01 05:00:00+07:00,15.4,17.0,100,0.0,92,1.2,0.0,180.0,45.8,46.6,96.0,panderman,Gunung Panderman,1361,False,False,False
2026-10-01 06:00:00+07:00,16.9,18.7,96,0.0,66,2.4,0.2,180.0,50.6,51.6,96.0,panderman,Gunung Panderman,1361,False,False,False
2026-10-01 07:00:00+07:00,19.8,22.3,87,0.0,16,1.9,1.55,640.0,36.4,37.8,96.0,panderman,Gunung Panderman,1361,False,False,False
2026-10-01 08:00:00+07:00,21.9,23.7,69,0.0,32,2.2,3.75,2740.0,27.1,29.5,96.0,panderman,Gunung Panderman,1361,False,False,False
2026-10-01 09:00:00+07:00,23.4,25.9,58,0.1,57,2.1,6.1,7320.0,23.5,26.0,96.0,panderman,Gunung Panderman,1361,False,False,False
2026-10-01 10:00:00+07:00,23.9,27.0,56,0.3,51,2.7,7.95,7860.0,21.7,24.1,96.0,panderman,Gunung Panderman,1361,False,False,False
2026-10-01 11:00:00+07:00,25.1,28.1,51,0.4,65,2.6,7.9,4580.0,26.3,28.9,96.0,panderman,Gunung Panderman,1361,False,False,False
2026-10-01 12:00:00+07:00,21.8,25.5,68,0.6,100,2.1,5.05,3800.0,22.1,24.4,96.0,panderman,Gunung Panderman,1361,False,False,False
2026-10-01 13:00:00+07:00,21.5,24.9,76,1.0,100,3.7,1.9,5260.0,22.6,24.7,96.0,panderman,Gunung Panderman,1361,False,False,False
2026-10-01 14:00:00+07:00,23.2,26.5,69,0.3,100,3.8,0.75,5780.0,28.5,30.7,95.0,panderman,Gunung Panderman,1361,False,False,False
2026-10-01 15:00:00+07:00,20.1,23.8,99,2.8,100,1.3,0.35,840.0,31.0,33.1,96.0,panderman,Gunung Panderman,1361,False,False,False
2026-10-01 16:00:00+07:00,19.1,21.8,98,1.7,100,4.6,0.2,6120.0,28.6,30.6,96.0,panderman,Gunung Panderman,1361,False,False,False
2026-10-01 17:00:00+07:00,19.2,22.3,100,0.2,100,3.1,0.1,600.0,29.1,30.7,96.0,panderman,Gunung Panderman,1361,False,False,False
2026-10-01 18:00:00+07:00,18.3,21.1,100,0.1,100,1.8,0.0,320.0,33.8,35.3,95.0,panderman,Gunung Panderman,1361,False,False,False
2026-10-01 19:00:00+07:00,17.8,20.2,100,0.0,100,3.0,0.0,260.0,37.1,38.5,96.0,panderman,Gunung Panderman,1361,False,False,False
2026-10-01 20:00:00+07:00,17.4,19.7,100,0.0,94,2.1,0.0,260.0,40.9,42.3,97.0,panderman,Gunung Panderman,1361,False,False,False
2026-10-01 21:00:00+07:00,17.0,19.3,99,0.0,88,1.1,0.0,200.0,44.9,46.3,99.0,panderman,Gunung Panderman,1361,False,False,False
2026-10-01 22:00:00+07:00,16.9,19.2,99,0.0,93,0.8,0.0,200.0,50.4,51.7,100.0,panderman,Gunung Panderman,1361,False,False,False
2026-10-01 23:00:00+07:00,16.7,18.9,99,0.0,95,0.6,0.0,200.0,51.9,53.2,102.0,panderman,Gunung Panderman,1361,False,False,False
2026-10-02 00:00:00+07:00,16.5,18.7,100,0.0,100,0.5,0.0,220.0,48.3,49.6,103.0,panderman,Gunung Panderman,1361,False,False,False
2026-10-02 01:00:00+07:00,16.5,18.6,100,0.0,100,1.0,0.0,160.0,41.4,42.4,104.0,panderman,Gunung Panderman,1361,False,False,False
2026-10-02 02:00:00+07:00,16.4,18.5,100,0.0,100,0.8,0.0,220.0,36.8,37.6,103.0,panderman,Gunung Panderman,1361,False,False,False
2026-10-02 03:00:00+07:00,16.4,18.5,100,0.2,100,0.4,0.0,300.0,33.6,34.6,102.0,panderman,Gunung Panderman,1361,False,False,False
2026-10-02 04:00:00+07:00,16.6,18.8,100,0.1,100,0.9,0.0,320.0,32.6,33.5,101.0,panderman,Gunung Panderman,1361,False,False,False
2026-10-02 05:00:00+07:00,16.6,18.8,100,0.1,100,1.3,0.0,340.0,32.5,33.3,99.0,panderman,Gunung Panderman,1361,False,False,False
2026-10-02 06:00:00+07:00,16.8,19.0,100,0.0,100,2.0,0.2,220.0,39.3,40.4,98.0,panderman,Gunung Panderman,1361,False,False,False
2026-10-02 07:00:00+07:00,18.4,20.8,93,0.0,100,1.5,1.55,420.0,29.7,32.0,98.0,panderman,Gunung Panderman,1361,False,False,False
2026-10-02 08:00:00+07:00,19.5,21.9,85,0.3,89,1.1,3.75,2080.0,24.0,27.0,97.0,panderman,Gunung Panderman,1361,False,False,False
2026-10-02 09:00:00+07:00,20.8,23.5,76,0.3,74,1.5,6.15,3760.0,20.3,22.8,97.0,panderman,Gunung Panderman,1361,False,False,False
2026-10-02 10:00:00+07:00,21.6,24.9,72,0.3,67,2.2,8.05,5420.0,20.0,22.4,96.0,panderman,Gunung Panderman,1361,False,False,False
2026-10-02 11:00:00+07:00,21.4,25.3,73,0.8,74,2.5,9.2,4680.0,19.3,21.5,96.0,panderman,Gunung Panderman,1361,False,False,False
2026-10-02 12:00:00+07:00,20.8,24.6,77,0.8,89,2.6,7.95,3940.0,19.6,21.8,96.0,panderman,Gunung Panderman,1361,False,False,False
2026-10-02 13:00:00+07:00,20.3,23.5,82,0.8,100,2.5,3.4,3200.0,20.3,22.4,96.0,panderman,Gunung Panderman,1361,False,False,False
2026-10-02 14:00:00+07:00,20.2,22.4,83,1.1,100,2.6,1.0,3900.0,24.2,26.3,95.0,panderman,Gunung Panderman,1361,False,False,False
2026-10-02 15:00:00+07:00,20.2,22.5,85,1.1,100,2.8,0.65,4600.0,28.1,30.3,95.0,panderman,Gunung Panderman,1361,False,False,False
2026-10-02 16:00:00+07:00,20.0,22.4,87,1.1,100,2.7,1.25,5300.0,29.6,31.4,95.0,panderman,Gunung Panderman,1361,False,False,False
2026-10-02 17:00:00+07:00,19.3,21.8,91,0.6,100,2.4,0.8,3640.0,21.4,22.8,95.0,panderman,Gunung Panderman,1361,False,False,False
2026-10-02 18:00:00+07:00,18.4,20.6,96,0.6,100,3.9,0.0,1980.0,28.1,29.3,94.0,panderman,Gunung Panderman,1361,False,False,False
2026-10-02 19:00:00+07:00,17.6,19.6,100,0.6,100,4.9,0.0,320.0,31.9,33.3,94.0,panderman,Gunung Panderman,1361,False,False,False
2026-10-02 20:00:00+07:00,17.1,19.1,100,0.0,94,4.0,0.0,280.0,34.2,35.9,93.0,panderman,Gunung Panderman,1361,False,False,False
2026-10-02 21:00:00+07:00,16.8,18.9,100,0.0,86,1.8,0.0,260.0,34.9,36.7,93.0,panderman,Gunung Panderman,1361,False,False,False
2026-10-02 22:00:00+07:00,16.5,18.7,99,0.0,82,0.4,0.0,220.0,36.0,37.7,92.0,panderman,Gunung Panderman,1361,False,False,False
2026-10-02 23:00:00+07:00,16.3,18.4,100,0.0,86,0.4,0.0,200.0,36.1,37.8,91.0,panderman,Gunung Panderman,1361,False,False,False
2026-10-03 00:00:00+07:00,16.1,18.1,100,0.0,94,0.8,0.0,200.0,38.4,39.9,90.0,panderman,Gunung Panderman,1361,False,True,False
2026-10-03 01:00:00+07:00,15.9,17.8,100,0.0,100,1.1,0.0,180.0,40.5,41.9,89.0,panderman,Gunung Panderman,1361,False,True,False
2026-10-03 02:00:00+07:00,15.6,17.4,100,0.0,100,1.1,0.0,220.0,42.1,43.5,89.0,panderman,Gunung Panderman,1361,False,True,False
2026-10-03 03:00:00+07:00,15.4,17.1,100,0.0,100,1.0,0.0,280.0,44.0,45.4,89.0,panderman,Gunung Panderman,1361,False,True,False
2026-10-03 04:00:00+07:00,15.5,17.2,99,0.0,98,0.7,0.0,320.0,45.5,47.0,90.0,panderman,Gunung Panderman,1361,False,True,False
2026-10-03 05:00:00+07:00,16.1,18.1,100,0.0,82,0.5,0.0,4820.0,48.5,50.2,91.0,panderman,Gunung Panderman,1361,False,True,False
2026-10-03 06:00:00+07:00,17.0,19.5,100,0.0,59,0.4,0.2,9300.0,55.5,57.5,92.0,panderman,Gunung Panderman,1361,False,True,False
2026-10-03 07:00:00+07:00,18.2,20.9,95,0.0,45,0.4,1.55,13800.0,42.0,44.4,94.0,panderman,Gunung Panderman,1361,False,True,False
2026-10-03 08:00:00+07:00,19.9,22.3,83,0.2,45,0.9,3.8,10380.0,,,95.0,panderman,Gunung Panderman,1361,False,True,False
2026-10-03 09:00:00+07:00,21.9,24.5,69,0.2,52,1.8,6.15,6960.0,,,,panderman,Gunung Panderman,1361,False,True,False
2026-10-03 10:00:00+07:00,23.2,26.4,61,0.2,62,2.2,7.5,3540.0,,,,panderman,Gunung Panderman,1361,False,True,False
2026-10-03 11:00:00+07:00,23.4,27.0,59,0.6,75,1.3,6.75,4620.0,,,,panderman,Gunung Panderman,1361,False,True,False
2026-10-03 12:00:00+07:00,22.9,26.4,61,0.6,89,1.0,2.75,5700.0,,,,panderman,Gunung Panderman,1361,False,True,False
2026-10-03 13:00:00+07:00,22.4,25.1,63,0.6,98,2.3,0.9,6780.0,,,,panderman,Gunung Panderman,1361,False,True,False
2026-10-03 14:00:00+07:00,22.0,23.3,63,0.3,98,3.5,1.25,15940.0,,,,panderman,Gunung Panderman,1361,False,True,False
2026-10-03 15:00:00+07:00,21.6,22.5,65,0.3,93,4.5,0.7,25100.0,,,,panderman,Gunung Panderman,1361,False,True,False
2026-10-03 16:00:00+07:00,21.0,21.8,67,0.3,82,4.9,0.4,34260.0,,,,panderman,Gunung Panderman,1361,False,True,False
2026-10-03 17:00:00+07:00,19.7,20.7,74,0.0,59,4.5,0.15,25360.0,,,,panderman,Gunung Panderman,1361,False,True,False
2026-10-03 18:00:00+07:00,18.2,19.4,83,0.0,30,3.9,0.0,16460.0,,,,panderman,Gunung Panderman,1361,False,True,False
2026-10-03 19:00:00+07:00,17.1,18.6,91,0.0,15,3.2,0.0,7560.0,,,,panderman,Gunung Panderman,1361,False,True,False
2026-10-03 20:00:00+07:00,16.8,18.6,95,0.0,26,2.3,0.0,5120.0,,,,panderman,Gunung Panderman,1361,False,True,False
2026-10-03 21:00:00+07:00,17.0,19.0,96,0.0,51,1.3,0.0,2680.0,,,,panderman,Gunung Panderman,1361,False,True,False
2026-10-03 22:00:00+07:00,17.0,19.2,97,0.0,73,0.4,0.0,240.0,,,,panderman,Gunung Panderman,1361,False,True,False
2026-10-03 23:00:00+07:00,16.5,18.7,98,0.0,85,0.2,0.0,200.0,,,,panderman,Gunung Panderman,1361,False,True,False
2026-10-04 00:00:00+07:00,16.0,18.0,99,0.0,93,0.4,0.0,140.0,,,,panderman,Gunung Panderman,1361,False,True,False
2026-10-04 01:00:00+07:00,15.5,17.3,100,0.0,98,0.6,0.0,100.0,,,,panderman,Gunung Panderman,1361,False,True,False
2026-10-04 02:00:00+07:00,15.2,16.8,100,0.0,100,1.2,0.0,120.0,,,,panderman,Gunung Panderman,1361,False,True,False
2026-10-04 03:00:00+07:00,14.9,16.3,100,0.0,100,1.9,0.0,160.0,,,,panderman,Gunung Panderman,1361,False,True,False
2026-10-04 04:00:00+07:00,15.2,16.6,100,0.0,98,2.3,0.0,180.0,,,,panderman,Gunung Panderman,1361,False,True,False
2026-10-04 05:00:00+07:00,16.1,17.8,97,0.0,72,1.9,0.0,3980.0,,,,panderman,Gunung Panderman,1361,False,True,False
2026-10-04 06:00:00+07:00,17.5,19.7,94,0.0,36,1.3,0.25,7760.0,,,,panderman,Gunung Panderman,1361,False,True,False
2026-10-04 07:00:00+07:00,19.1,21.5,87,0.0,14,0.9,1.8,11560.0,,,,panderman,Gunung Panderman,1361,False,True,False
2026-10-04 08:00:00+07:00,21.0,23.1,74,0.2,18,0.9,4.2,10260.0,,,,panderman,Gunung Panderman,1361,False,True,False
2026-10-04 09:00:00+07:00,23.0,25.7,61,0.2,36,1.5,6.05,8940.0,,,,panderman,Gunung Panderman,1361,False,True,False
2026-10-04 10:00:00+07:00,24.4,27.6,53,0.2,52,2.4,7.3,7640.0,,,,panderman,Gunung Panderman,1361,False,True,False
2026-10-04 11:00:00+07:00,24.7,27.8,52,0.1,62,3.0,8.95,9120.0,,,,panderman,Gunung Panderman,1361,False,True,False
2026-10-04 12:00:00+07:00,24.3,27.3,53,0.1,70,3.6,7.9,10620.0,,,,panderman,Gunung Panderman,1361,False,True,False
2026-10-04 13:00:00+07:00,23.9,26.6,54,0.1,75,3.9,5.7,12100.0,,,,panderman,Gunung Panderman,1361,False,True,False
2026-10-04 14:00:00+07:00,23.7,25.9,58,0.2,56,2.7,2.75,4800.0,,,,panderman,Gunung Panderman,1361,False,True,False
2026-10-04 15:00:00+07:00,22.7,24.3,64,0.2,54,2.3,1.4,3880.0,,,,panderman,Gunung Panderman,1361,False,True,False
2026-10-04 16:00:00+07:00,21.4,23.3,72,0.2,53,2.1,0.65,2980.0,,,,panderman,Gunung Panderman,1361,False,True,False
2026-10-04 17:00:00+07:00,20.1,22.2,82,0.2,53,2.5,0.2,2080.0,,,,panderman,Gunung Panderman,1361,False,True,False
2026-10-04 18:00:00+07:00,18.8,21.1,92,0.2,54,3.1,0.0,1160.0,,,,panderman,Gunung Panderman,1361,False,True,False
2026-10-04 19:00:00+07:00,17.9,20.3,99,0.2,57,3.6,0.0,260.0,,,,panderman,Gunung Panderman,1361,False,True,False
2026-10-04 20:00:00+07:00,17.4,19.5,100,0.0,63,3.6,0.0,240.0,,,,panderman,Gunung Panderman,1361,False,True,False
2026-10-04 21:00:00+07:00,16.9,18.9,100,0.0,72,3.5,0.0,220.0,,,,panderman,Gunung Panderman,1361,False,True,False
2026-10-04 22:00:00+07:00,16.7,18.6,100,0.0,83,3.2,0.0,220.0,,,,panderman,Gunung Panderman,1361,False,True,False
2026-10-04 23:00:00+07:00,16.5,18.3,100,0.0,92,2.8,0.0,200.0,,,,panderman,Gunung Panderman,1361,False,True,False
