time,temperature_2m,temperature_2m_previous_day1,temperature_2m_previous_day3,temperature_2m_previous_day5,temperature_2m_previous_day7,location_id,location_name
2026-09-21T00:00,20.6,20.1,20.3,20.1,20.5,kayutangan,Kayutangan Heritage
2026-09-21T01:00,19.8,19.5,19.5,19.1,20.2,kayutangan,Kayutangan Heritage
2026-09-21T02:00,19.4,19.1,18.9,18.5,20.2,kayutangan,Kayutangan Heritage
2026-09-21T03:00,18.8,18.8,18.3,18.0,20.4,kayutangan,Kayutangan Heritage
2026-09-21T04:00,18.2,18.3,18.0,18.1,20.7,kayutangan,Kayutangan Heritage
2026-09-21T05:00,18.2,18.1,18.1,19.2,21.3,kayutangan,Kayutangan Heritage
2026-09-21T06:00,19.1,19.0,19.3,20.8,22.1,kayutangan,Kayutangan Heritage
2026-09-21T07:00,22.5,22.3,22.4,22.2,22.8,kayutangan,Kayutangan Heritage
2026-09-21T08:00,24.7,24.2,24.6,24.2,24.1,kayutangan,Kayutangan Heritage
2026-09-21T09:00,26.7,26.6,26.7,26.4,26.0,kayutangan,Kayutangan Heritage
2026-09-21T10:00,28.2,28.7,28.2,28.2,28.1,kayutangan,Kayutangan Heritage
2026-09-21T11:00,29.5,30.0,29.6,29.8,29.9,kayutangan,Kayutangan Heritage
2026-09-21T12:00,30.4,30.9,31.1,31.0,31.3,kayutangan,Kayutangan Heritage
2026-09-21T13:00,31.8,31.2,31.3,31.3,31.9,kayutangan,Kayutangan Heritage
2026-09-21T14:00,31.4,31.3,31.3,30.6,31.5,kayutangan,Kayutangan Heritage
2026-09-21T15:00,29.9,30.5,30.6,29.2,30.2,kayutangan,Kayutangan Heritage
2026-09-21T16:00,28.3,28.3,28.6,27.6,28.4,kayutangan,Kayutangan Heritage
2026-09-21T17:00,26.4,26.3,26.3,26.1,26.5,kayutangan,Kayutangan Heritage
2026-09-21T18:00,24.6,24.4,24.4,24.4,24.7,kayutangan,Kayutangan Heritage
2026-09-21T19:00,23.6,23.4,23.3,23.4,22.6,kayutangan,Kayutangan Heritage
2026-09-21T20:00,22.8,22.6,22.6,22.5,21.8,kayutangan,Kayutangan Heritage
2026-09-21T21:00,22.1,22.1,22.2,21.9,21.1,kayutangan,Kayutangan Heritage
2026-09-21T22:00,21.5,21.6,21.7,21.4,20.5,kayutangan,Kayutangan Heritage
2026-09-21T23:00,21.0,21.0,21.3,21.0,20.1,kayutangan,Kayutangan Heritage
2026-09-22T00:00,20.5,20.5,20.8,20.7,19.8,kayutangan,Kayutangan Heritage
2026-09-22T01:00,20.3,20.0,20.5,20.7,19.7,kayutangan,Kayutangan Heritage
2026-09-22T02:00,20.4,20.2,20.3,20.4,19.6,kayutangan,Kayutangan Heritage
2026-09-22T03:00,20.1,20.1,19.6,20.1,19.7,kayutangan,Kayutangan Heritage
2026-09-22T04:00,19.3,19.7,19.2,20.1,19.9,kayutangan,Kayutangan Heritage
2026-09-22T05:00,18.9,19.3,18.9,20.6,20.3,kayutangan,Kayutangan Heritage
2026-09-22T06:00,19.7,19.9,19.8,21.4,20.9,kayutangan,Kayutangan Heritage
2026-09-22T07:00,22.8,22.9,22.6,22.4,22.4,kayutangan,Kayutangan Heritage
2026-09-22T08:00,24.4,24.7,24.6,24.6,23.8,kayutangan,Kayutangan Heritage
2026-09-22T09:00,26.5,26.7,26.7,27.3,25.7,kayutangan,Kayutangan Heritage
2026-09-22T10:00,28.5,28.7,28.6,29.6,27.9,kayutangan,Kayutangan Heritage
2026-09-22T11:00,30.2,30.1,30.1,31.1,29.9,kayutangan,Kayutangan Heritage
2026-09-22T12:00,31.1,31.2,31.2,32.3,31.4,kayutangan,Kayutangan Heritage
2026-09-22T13:00,32.4,31.6,31.6,32.3,32.0,kayutangan,Kayutangan Heritage
2026-09-22T14:00,31.6,31.3,31.0,31.6,31.5,kayutangan,Kayutangan Heritage
2026-09-22T15:00,30.2,30.0,30.3,30.2,30.1,kayutangan,Kayutangan Heritage
2026-09-22T16:00,28.5,28.2,28.8,28.7,28.1,kayutangan,Kayutangan Heritage
2026-09-22T17:00,26.7,26.3,26.9,27.1,26.1,kayutangan,Kayutangan Heritage
2026-09-22T18:00,24.8,24.7,25.1,25.4,24.2,kayutangan,Kayutangan Heritage
2026-09-22T19:00,24.0,23.6,24.1,23.6,23.5,kayutangan,Kayutangan Heritage
2026-09-22T20:00,22.9,22.5,23.3,22.7,22.6,kayutangan,Kayutangan Heritage
2026-09-22T21:00,21.9,21.7,22.6,22.2,21.8,kayutangan,Kayutangan Heritage
2026-09-22T22:00,21.2,21.1,22.1,21.7,21.1,kayutangan,Kayutangan Heritage
2026-09-22T23:00,20.6,20.7,21.6,21.3,20.6,kayutangan,Kayutangan Heritage
2026-09-23T00:00,20.0,20.3,21.2,21.0,20.3,kayutangan,Kayutangan Heritage
2026-09-23T01:00,19.5,20.0,20.7,20.4,20.2,kayutangan,Kayutangan Heritage
2026-09-23T02:00,19.1,19.7,20.7,19.9,20.3,kayutangan,Kayutangan Heritage
2026-09-23T03:00,18.8,19.4,20.7,19.5,20.5,kayutangan,Kayutangan Heritage
2026-09-23T04:00,18.6,19.1,20.9,19.6,21.0,kayutangan,Kayutangan Heritage
2026-09-23T05:00,18.6,18.9,20.6,20.3,21.6,kayutangan,Kayutangan Heritage
2026-09-23T06:00,18.9,19.7,21.2,21.6,22.4,kayutangan,Kayutangan Heritage
2026-09-23T07:00,22.0,22.5,22.7,22.9,23.1,kayutangan,Kayutangan Heritage
2026-09-23T08:00,24.3,24.7,24.5,24.8,24.3,kayutangan,Kayutangan Heritage
2026-09-23T09:00,26.5,26.7,26.6,27.0,26.0,kayutangan,Kayutangan Heritage
2026-09-23T10:00,28.1,28.5,28.5,28.8,27.8,kayutangan,Kayutangan Heritage
2026-09-23T11:00,29.6,29.7,29.9,30.1,29.5,kayutangan,Kayutangan Heritage
2026-09-23T12:00,30.7,30.7,31.3,31.0,30.8,kayutangan,Kayutangan Heritage
2026-09-23T13:00,31.8,31.8,31.9,31.7,31.3,kayutangan,Kayutangan Heritage
2026-09-23T14:00,31.3,31.5,31.7,31.3,30.9,kayutangan,Kayutangan Heritage
2026-09-23T15:00,30.4,30.7,30.7,30.1,29.8,kayutangan,Kayutangan Heritage
2026-09-23T16:00,28.4,28.9,28.8,28.7,28.2,kayutangan,Kayutangan Heritage
2026-09-23T17:00,26.2,26.6,26.8,27.1,26.6,kayutangan,Kayutangan Heritage
2026-09-23T18:00,24.5,25.0,25.1,25.2,25.0,kayutangan,Kayutangan Heritage
2026-09-23T19:00,23.8,23.5,24.5,23.8,23.8,kayutangan,Kayutangan Heritage
2026-09-23T20:00,22.9,22.6,23.6,22.9,23.0,kayutangan,Kayutangan Heritage
2026-09-23T21:00,22.1,21.9,22.8,22.4,22.4,kayutangan,Kayutangan Heritage
2026-09-23T22:00,21.5,21.3,22.0,21.9,21.9,kayutangan,Kayutangan Heritage
2026-09-23T23:00,20.9,20.7,21.3,21.5,21.5,kayutangan,Kayutangan Heritage
2026-09-24T00:00,20.3,20.5,20.9,21.1,21.3,kayutangan,Kayutangan Heritage
2026-09-24T01:00,19.8,19.9,20.8,20.7,21.2,kayutangan,Kayutangan Heritage
2026-09-24T02:00,19.4,19.5,20.6,20.3,21.2,kayutangan,Kayutangan Heritage
2026-09-24T03:00,18.9,19.3,20.3,19.9,21.4,kayutangan,Kayutangan Heritage
2026-09-24T04:00,18.7,18.9,19.9,19.9,21.6,kayutangan,Kayutangan Heritage
2026-09-24T05:00,18.5,18.8,19.7,20.7,22.0,kayutangan,Kayutangan Heritage
2026-09-24T06:00,19.4,19.9,20.5,21.9,22.6,kayutangan,Kayutangan Heritage
2026-09-24T07:00,23.7,23.2,23.9,23.0,23.7,kayutangan,Kayutangan Heritage
2026-09-24T08:00,26.3,25.5,26.3,24.9,25.1,kayutangan,Kayutangan Heritage
2026-09-24T09:00,28.5,28.0,28.6,27.1,27.0,kayutangan,Kayutangan Heritage
2026-09-24T10:00,29.7,30.0,30.1,29.0,29.0,kayutangan,Kayutangan Heritage
2026-09-24T11:00,30.7,31.2,31.1,30.4,30.9,kayutangan,Kayutangan Heritage
2026-09-24T12:00,31.5,32.0,32.0,31.4,32.3,kayutangan,Kayutangan Heritage
2026-09-24T13:00,32.0,31.7,32.2,32.0,32.8,kayutangan,Kayutangan Heritage
2026-09-24T14:00,31.1,30.7,31.7,31.7,32.4,kayutangan,Kayutangan Heritage
2026-09-24T15:00,29.7,29.8,30.5,30.8,31.1,kayutangan,Kayutangan Heritage
2026-09-24T16:00,28.2,28.3,29.0,29.6,29.3,kayutangan,Kayutangan Heritage
2026-09-24T17:00,26.7,26.5,27.4,28.0,27.3,kayutangan,Kayutangan Heritage
2026-09-24T18:00,25.0,24.9,25.8,26.1,25.5,kayutangan,Kayutangan Heritage
2026-09-24T19:00,24.1,23.5,24.7,24.8,24.2,kayutangan,Kayutangan Heritage
2026-09-24T20:00,23.1,22.7,24.0,23.8,23.4,kayutangan,Kayutangan Heritage
2026-09-24T21:00,22.3,22.2,23.3,23.1,22.8,kayutangan,Kayutangan Heritage
2026-09-24T22:00,21.7,21.7,22.6,22.5,22.3,kayutangan,Kayutangan Heritage
2026-09-24T23:00,21.4,21.3,21.9,22.0,22.0,kayutangan,Kayutangan Heritage
2026-09-25T00:00,21.4,21.1,21.5,21.5,21.8,kayutangan,Kayutangan Heritage
2026-09-25T01:00,21.0,20.9,21.0,21.5,21.7,kayutangan,Kayutangan Heritage
2026-09-25T02:00,20.8,20.6,20.7,21.0,21.7,kayutangan,Kayutangan Heritage
2026-09-25T03:00,20.6,20.3,20.4,20.6,21.9,kayutangan,Kayutangan Heritage
2026-09-25T04:00,20.3,20.1,20.4,20.7,22.1,kayutangan,Kayutangan Heritage
2026-09-25T05:00,19.9,19.5,20.2,21.5,22.6,kayutangan,Kayutangan Heritage
2026-09-25T06:00,20.6,20.5,21.1,22.7,23.2,kayutangan,Kayutangan Heritage
2026-09-25T07:00,24.2,24.2,24.0,24.4,24.4,kayutangan,Kayutangan Heritage
2026-09-25T08:00,26.9,26.9,26.3,26.4,25.6,kayutangan,Kayutangan Heritage
2026-09-25T09:00,29.2,29.3,28.3,28.6,27.3,kayutangan,Kayutangan Heritage
2026-09-25T10:00,30.8,31.2,30.3,30.5,29.1,kayutangan,Kayutangan Heritage
2026-09-25T11:00,31.7,32.2,31.6,32.0,30.8,kayutangan,Kayutangan Heritage
2026-09-25T12:00,32.4,32.3,32.3,33.0,32.1,kayutangan,Kayutangan Heritage
2026-09-25T13:00,33.0,32.0,32.4,33.1,32.6,kayutangan,Kayutangan Heritage
2026-09-25T14:00,32.3,30.9,31.5,31.9,32.1,kayutangan,Kayutangan Heritage
2026-09-25T15:00,31.0,29.9,30.8,29.8,30.9,kayutangan,Kayutangan Heritage
2026-09-25T16:00,29.3,28.8,29.6,28.0,29.3,kayutangan,Kayutangan Heritage
2026-09-25T17:00,27.3,27.3,27.8,26.8,27.5,kayutangan,Kayutangan Heritage
2026-09-25T18:00,26.0,25.7,26.3,25.9,25.9,kayutangan,Kayutangan Heritage
2026-09-25T19:00,25.5,24.8,25.2,24.6,23.8,kayutangan,Kayutangan Heritage
2026-09-25T20:00,24.5,23.8,24.4,24.0,23.0,kayutangan,Kayutangan Heritage
2026-09-25T21:00,23.6,22.8,23.6,23.6,22.3,kayutangan,Kayutangan Heritage
2026-09-25T22:00,22.9,22.0,22.8,23.2,21.9,kayutangan,Kayutangan Heritage
2026-09-25T23:00,22.2,21.3,22.2,22.7,21.7,kayutangan,Kayutangan Heritage
2026-09-26T00:00,21.7,20.9,21.6,22.2,21.5,kayutangan,Kayutangan Heritage
2026-09-26T01:00,21.4,20.6,21.3,21.7,21.5,kayutangan,Kayutangan Heritage
2026-09-26T02:00,21.3,20.4,21.0,21.2,21.6,kayutangan,Kayutangan Heritage
2026-09-26T03:00,21.1,20.2,21.0,20.8,21.9,kayutangan,Kayutangan Heritage
2026-09-26T04:00,20.8,20.1,20.8,20.9,22.3,kayutangan,Kayutangan Heritage
2026-09-26T05:00,20.4,19.9,20.7,21.6,22.8,kayutangan,Kayutangan Heritage
2026-09-26T06:00,21.0,20.7,21.7,22.8,23.5,kayutangan,Kayutangan Heritage
2026-09-26T07:00,24.9,24.8,24.3,24.7,23.7,kayutangan,Kayutangan Heritage
2026-09-26T08:00,27.8,27.5,26.4,26.4,25.0,kayutangan,Kayutangan Heritage
2026-09-26T09:00,30.2,29.8,28.6,28.4,26.9,kayutangan,Kayutangan Heritage
2026-09-26T10:00,31.4,31.5,30.3,30.0,28.9,kayutangan,Kayutangan Heritage
2026-09-26T11:00,32.0,32.5,31.4,31.2,30.7,kayutangan,Kayutangan Heritage
2026-09-26T12:00,32.6,32.7,32.3,32.1,32.1,kayutangan,Kayutangan Heritage
2026-09-26T13:00,33.0,32.6,32.7,32.4,32.6,kayutangan,Kayutangan Heritage
2026-09-26T14:00,31.0,31.7,32.0,30.8,32.1,kayutangan,Kayutangan Heritage
2026-09-26T15:00,29.1,30.4,30.7,28.3,30.7,kayutangan,Kayutangan Heritage
2026-09-26T16:00,27.5,29.1,29.5,26.3,28.9,kayutangan,Kayutangan Heritage
2026-09-26T17:00,26.5,27.5,27.8,25.3,26.9,kayutangan,Kayutangan Heritage
2026-09-26T18:00,25.7,26.0,26.4,24.7,25.1,kayutangan,Kayutangan Heritage
2026-09-26T19:00,25.5,25.3,25.5,23.8,24.2,kayutangan,Kayutangan Heritage
2026-09-26T20:00,24.8,24.5,24.6,23.4,23.4,kayutangan,Kayutangan Heritage
2026-09-26T21:00,24.1,23.8,23.7,23.2,22.7,kayutangan,Kayutangan Heritage
2026-09-26T22:00,23.6,23.5,23.0,22.9,22.3,kayutangan,Kayutangan Heritage
2026-09-26T23:00,23.2,23.0,22.5,22.5,22.0,kayutangan,Kayutangan Heritage
2026-09-27T00:00,23.1,22.5,22.0,22.1,21.8,kayutangan,Kayutangan Heritage
2026-09-27T01:00,22.0,21.7,21.5,21.7,21.8,kayutangan,Kayutangan Heritage
2026-09-27T02:00,21.2,21.1,21.2,21.4,21.8,kayutangan,Kayutangan Heritage
2026-09-27T03:00,20.4,20.4,20.6,21.3,21.9,kayutangan,Kayutangan Heritage
2026-09-27T04:00,20.1,20.3,20.3,21.4,22.2,kayutangan,Kayutangan Heritage
2026-09-27T05:00,19.8,20.0,20.3,21.9,22.6,kayutangan,Kayutangan Heritage
2026-09-27T06:00,20.7,20.7,21.2,22.6,23.2,kayutangan,Kayutangan Heritage
2026-09-27T07:00,23.7,23.7,23.7,23.6,23.4,kayutangan,Kayutangan Heritage
2026-09-27T08:00,26.2,26.0,25.9,25.6,24.6,kayutangan,Kayutangan Heritage
2026-09-27T09:00,28.6,28.4,28.1,28.0,26.3,kayutangan,Kayutangan Heritage
2026-09-27T10:00,30.2,30.2,30.1,30.0,28.3,kayutangan,Kayutangan Heritage
2026-09-27T11:00,31.6,31.7,31.5,31.4,30.1,kayutangan,Kayutangan Heritage
2026-09-27T12:00,32.8,32.8,32.2,32.5,31.5,kayutangan,Kayutangan Heritage
2026-09-27T13:00,32.8,32.6,32.3,32.2,32.1,kayutangan,Kayutangan Heritage
2026-09-27T14:00,29.4,31.5,32.1,31.7,31.8,kayutangan,Kayutangan Heritage
2026-09-27T15:00,25.9,29.3,30.9,30.6,30.8,kayutangan,Kayutangan Heritage
2026-09-27T16:00,26.7,27.4,29.4,29.4,29.4,kayutangan,Kayutangan Heritage
2026-09-27T17:00,24.3,26.2,27.6,28.1,27.8,kayutangan,Kayutangan Heritage
2026-09-27T18:00,23.6,25.7,26.3,26.6,26.3,kayutangan,Kayutangan Heritage
2026-09-27T19:00,23.6,24.0,25.6,24.8,23.3,kayutangan,Kayutangan Heritage
2026-09-27T20:00,23.3,23.4,24.9,24.2,22.6,kayutangan,Kayutangan Heritage
2026-09-27T21:00,22.9,22.9,24.2,23.9,22.1,kayutangan,Kayutangan Heritage
2026-09-27T22:00,22.6,22.5,23.6,23.6,21.8,kayutangan,Kayutangan Heritage
2026-09-27T23:00,22.2,22.0,23.0,23.2,21.5,kayutangan,Kayutangan Heritage
2026-09-28T00:00,21.9,21.5,22.4,22.7,21.4,kayutangan,Kayutangan Heritage
2026-09-28T01:00,21.2,21.2,21.8,22.2,21.4,kayutangan,Kayutangan Heritage
2026-09-28T02:00,20.7,21.0,21.3,21.8,21.5,kayutangan,Kayutangan Heritage
2026-09-28T03:00,20.3,21.0,20.9,21.3,21.6,kayutangan,Kayutangan Heritage
2026-09-28T04:00,20.1,20.9,20.6,21.3,21.8,kayutangan,Kayutangan Heritage
2026-09-28T05:00,19.9,20.6,20.3,21.7,22.2,kayutangan,Kayutangan Heritage
2026-09-28T06:00,20.7,21.3,21.2,22.6,22.8,kayutangan,Kayutangan Heritage
2026-09-28T07:00,22.6,22.6,23.0,23.8,23.2,kayutangan,Kayutangan Heritage
2026-09-28T08:00,24.6,24.2,25.2,25.8,24.3,kayutangan,Kayutangan Heritage
2026-09-28T09:00,26.7,26.1,27.4,28.1,25.8,kayutangan,Kayutangan Heritage
2026-09-28T10:00,28.4,28.2,29.4,30.1,27.6,kayutangan,Kayutangan Heritage
2026-09-28T11:00,30.1,29.6,30.8,31.4,29.2,kayutangan,Kayutangan Heritage
2026-09-28T12:00,31.3,30.7,32.1,32.4,30.4,kayutangan,Kayutangan Heritage
2026-09-28T13:00,32.1,31.2,32.5,32.8,30.9,kayutangan,Kayutangan Heritage
2026-09-28T14:00,31.6,29.0,30.7,31.0,30.5,kayutangan,Kayutangan Heritage
2026-09-28T15:00,30.5,26.9,28.5,28.2,29.4,kayutangan,Kayutangan Heritage
2026-09-28T16:00,29.1,26.1,24.8,25.9,27.9,kayutangan,Kayutangan Heritage
2026-09-28T17:00,27.2,24.7,23.9,24.7,26.3,kayutangan,Kayutangan Heritage
2026-09-28T18:00,25.6,23.9,23.6,24.0,24.8,kayutangan,Kayutangan Heritage
2026-09-28T19:00,24.4,23.6,23.3,24.2,23.7,kayutangan,Kayutangan Heritage
2026-09-28T20:00,23.6,22.6,23.0,23.4,23.1,kayutangan,Kayutangan Heritage
2026-09-28T21:00,23.0,21.9,22.6,22.9,22.8,kayutangan,Kayutangan Heritage
2026-09-28T22:00,22.6,21.6,22.1,22.5,22.7,kayutangan,Kayutangan Heritage
2026-09-28T23:00,22.0,21.4,21.9,21.9,22.7,kayutangan,Kayutangan Heritage
2026-09-21T00:00,20.6,20.1,20.3,20.1,20.5,alun_alun_malang,Alun-Alun Kota Malang
2026-09-21T01:00,19.8,19.5,19.5,19.1,20.2,alun_alun_malang,Alun-Alun Kota Malang
2026-09-21T02:00,19.4,19.1,18.9,18.5,20.2,alun_alun_malang,Alun-Alun Kota Malang
2026-09-21T03:00,18.8,18.8,18.3,18.0,20.4,alun_alun_malang,Alun-Alun Kota Malang
2026-09-21T04:00,18.2,18.3,18.0,18.1,20.7,alun_alun_malang,Alun-Alun Kota Malang
2026-09-21T05:00,18.2,18.1,18.1,19.2,21.3,alun_alun_malang,Alun-Alun Kota Malang
2026-09-21T06:00,19.1,19.0,19.3,20.8,22.1,alun_alun_malang,Alun-Alun Kota Malang
2026-09-21T07:00,22.5,22.3,22.4,22.2,22.8,alun_alun_malang,Alun-Alun Kota Malang
2026-09-21T08:00,24.7,24.2,24.6,24.2,24.1,alun_alun_malang,Alun-Alun Kota Malang
2026-09-21T09:00,26.7,26.6,26.7,26.4,26.0,alun_alun_malang,Alun-Alun Kota Malang
2026-09-21T10:00,28.2,28.7,28.2,28.2,28.1,alun_alun_malang,Alun-Alun Kota Malang
2026-09-21T11:00,29.5,30.0,29.6,29.8,29.9,alun_alun_malang,Alun-Alun Kota Malang
2026-09-21T12:00,30.4,30.9,31.1,31.0,31.3,alun_alun_malang,Alun-Alun Kota Malang
2026-09-21T13:00,31.8,31.2,31.3,31.3,31.9,alun_alun_malang,Alun-Alun Kota Malang
2026-09-21T14:00,31.4,31.3,31.3,30.6,31.5,alun_alun_malang,Alun-Alun Kota Malang
2026-09-21T15:00,29.9,30.5,30.6,29.2,30.2,alun_alun_malang,Alun-Alun Kota Malang
2026-09-21T16:00,28.3,28.3,28.6,27.6,28.4,alun_alun_malang,Alun-Alun Kota Malang
2026-09-21T17:00,26.4,26.3,26.3,26.1,26.5,alun_alun_malang,Alun-Alun Kota Malang
2026-09-21T18:00,24.6,24.4,24.4,24.4,24.7,alun_alun_malang,Alun-Alun Kota Malang
2026-09-21T19:00,23.6,23.4,23.3,23.4,22.6,alun_alun_malang,Alun-Alun Kota Malang
2026-09-21T20:00,22.8,22.6,22.6,22.5,21.8,alun_alun_malang,Alun-Alun Kota Malang
2026-09-21T21:00,22.1,22.1,22.2,21.9,21.1,alun_alun_malang,Alun-Alun Kota Malang
2026-09-21T22:00,21.5,21.6,21.7,21.4,20.5,alun_alun_malang,Alun-Alun Kota Malang
2026-09-21T23:00,21.0,21.0,21.3,21.0,20.1,alun_alun_malang,Alun-Alun Kota Malang
2026-09-22T00:00,20.5,20.5,20.8,20.7,19.8,alun_alun_malang,Alun-Alun Kota Malang
2026-09-22T01:00,20.3,20.0,20.5,20.7,19.7,alun_alun_malang,Alun-Alun Kota Malang
2026-09-22T02:00,20.4,20.2,20.3,20.4,19.6,alun_alun_malang,Alun-Alun Kota Malang
2026-09-22T03:00,20.1,20.1,19.6,20.1,19.7,alun_alun_malang,Alun-Alun Kota Malang
2026-09-22T04:00,19.3,19.7,19.2,20.1,19.9,alun_alun_malang,Alun-Alun Kota Malang
2026-09-22T05:00,18.9,19.3,18.9,20.6,20.3,alun_alun_malang,Alun-Alun Kota Malang
2026-09-22T06:00,19.7,19.9,19.8,21.4,20.9,alun_alun_malang,Alun-Alun Kota Malang
2026-09-22T07:00,22.8,22.9,22.6,22.4,22.4,alun_alun_malang,Alun-Alun Kota Malang
2026-09-22T08:00,24.4,24.7,24.6,24.6,23.8,alun_alun_malang,Alun-Alun Kota Malang
2026-09-22T09:00,26.5,26.7,26.7,27.3,25.7,alun_alun_malang,Alun-Alun Kota Malang
2026-09-22T10:00,28.5,28.7,28.6,29.6,27.9,alun_alun_malang,Alun-Alun Kota Malang
2026-09-22T11:00,30.2,30.1,30.1,31.1,29.9,alun_alun_malang,Alun-Alun Kota Malang
2026-09-22T12:00,31.1,31.2,31.2,32.3,31.4,alun_alun_malang,Alun-Alun Kota Malang
2026-09-22T13:00,32.4,31.6,31.6,32.3,32.0,alun_alun_malang,Alun-Alun Kota Malang
2026-09-22T14:00,31.6,31.3,31.0,31.6,31.5,alun_alun_malang,Alun-Alun Kota Malang
2026-09-22T15:00,30.2,30.0,30.3,30.2,30.1,alun_alun_malang,Alun-Alun Kota Malang
2026-09-22T16:00,28.5,28.2,28.8,28.7,28.1,alun_alun_malang,Alun-Alun Kota Malang
2026-09-22T17:00,26.7,26.3,26.9,27.1,26.1,alun_alun_malang,Alun-Alun Kota Malang
2026-09-22T18:00,24.8,24.7,25.1,25.4,24.2,alun_alun_malang,Alun-Alun Kota Malang
2026-09-22T19:00,24.0,23.6,24.1,23.6,23.5,alun_alun_malang,Alun-Alun Kota Malang
2026-09-22T20:00,22.9,22.5,23.3,22.7,22.6,alun_alun_malang,Alun-Alun Kota Malang
2026-09-22T21:00,21.9,21.7,22.6,22.2,21.8,alun_alun_malang,Alun-Alun Kota Malang
2026-09-22T22:00,21.2,21.1,22.1,21.7,21.1,alun_alun_malang,Alun-Alun Kota Malang
2026-09-22T23:00,20.6,20.7,21.6,21.3,20.6,alun_alun_malang,Alun-Alun Kota Malang
2026-09-23T00:00,20.0,20.3,21.2,21.0,20.3,alun_alun_malang,Alun-Alun Kota Malang
2026-09-23T01:00,19.5,20.0,20.7,20.4,20.2,alun_alun_malang,Alun-Alun Kota Malang
2026-09-23T02:00,19.1,19.7,20.7,19.9,20.3,alun_alun_malang,Alun-Alun Kota Malang
2026-09-23T03:00,18.8,19.4,20.7,19.5,20.5,alun_alun_malang,Alun-Alun Kota Malang
2026-09-23T04:00,18.6,19.1,20.9,19.6,21.0,alun_alun_malang,Alun-Alun Kota Malang
2026-09-23T05:00,18.6,18.9,20.6,20.3,21.6,alun_alun_malang,Alun-Alun Kota Malang
2026-09-23T06:00,18.9,19.7,21.2,21.6,22.4,alun_alun_malang,Alun-Alun Kota Malang
2026-09-23T07:00,22.0,22.5,22.7,22.9,23.1,alun_alun_malang,Alun-Alun Kota Malang
2026-09-23T08:00,24.3,24.7,24.5,24.8,24.3,alun_alun_malang,Alun-Alun Kota Malang
2026-09-23T09:00,26.5,26.7,26.6,27.0,26.0,alun_alun_malang,Alun-Alun Kota Malang
2026-09-23T10:00,28.1,28.5,28.5,28.8,27.8,alun_alun_malang,Alun-Alun Kota Malang
2026-09-23T11:00,29.6,29.7,29.9,30.1,29.5,alun_alun_malang,Alun-Alun Kota Malang
2026-09-23T12:00,30.7,30.7,31.3,31.0,30.8,alun_alun_malang,Alun-Alun Kota Malang
2026-09-23T13:00,31.8,31.8,31.9,31.7,31.3,alun_alun_malang,Alun-Alun Kota Malang
2026-09-23T14:00,31.3,31.5,31.7,31.3,30.9,alun_alun_malang,Alun-Alun Kota Malang
2026-09-23T15:00,30.4,30.7,30.7,30.1,29.8,alun_alun_malang,Alun-Alun Kota Malang
2026-09-23T16:00,28.4,28.9,28.8,28.7,28.2,alun_alun_malang,Alun-Alun Kota Malang
2026-09-23T17:00,26.2,26.6,26.8,27.1,26.6,alun_alun_malang,Alun-Alun Kota Malang
2026-09-23T18:00,24.5,25.0,25.1,25.2,25.0,alun_alun_malang,Alun-Alun Kota Malang
2026-09-23T19:00,23.8,23.5,24.5,23.8,23.8,alun_alun_malang,Alun-Alun Kota Malang
2026-09-23T20:00,22.9,22.6,23.6,22.9,23.0,alun_alun_malang,Alun-Alun Kota Malang
2026-09-23T21:00,22.1,21.9,22.8,22.4,22.4,alun_alun_malang,Alun-Alun Kota Malang
2026-09-23T22:00,21.5,21.3,22.0,21.9,21.9,alun_alun_malang,Alun-Alun Kota Malang
2026-09-23T23:00,20.9,20.7,21.3,21.5,21.5,alun_alun_malang,Alun-Alun Kota Malang
2026-09-24T00:00,20.3,20.5,20.9,21.1,21.3,alun_alun_malang,Alun-Alun Kota Malang
2026-09-24T01:00,19.8,19.9,20.8,20.7,21.2,alun_alun_malang,Alun-Alun Kota Malang
2026-09-24T02:00,19.4,19.5,20.6,20.3,21.2,alun_alun_malang,Alun-Alun Kota Malang
2026-09-24T03:00,18.9,19.3,20.3,19.9,21.4,alun_alun_malang,Alun-Alun Kota Malang
2026-09-24T04:00,18.7,18.9,19.9,19.9,21.6,alun_alun_malang,Alun-Alun Kota Malang
2026-09-24T05:00,18.5,18.8,19.7,20.7,22.0,alun_alun_malang,Alun-Alun Kota Malang
2026-09-24T06:00,19.4,19.9,20.5,21.9,22.6,alun_alun_malang,Alun-Alun Kota Malang
2026-09-24T07:00,23.7,23.2,23.9,23.0,23.7,alun_alun_malang,Alun-Alun Kota Malang
2026-09-24T08:00,26.3,25.5,26.3,24.9,25.1,alun_alun_malang,Alun-Alun Kota Malang
2026-09-24T09:00,28.5,28.0,28.6,27.1,27.0,alun_alun_malang,Alun-Alun Kota Malang
2026-09-24T10:00,29.7,30.0,30.1,29.0,29.0,alun_alun_malang,Alun-Alun Kota Malang
2026-09-24T11:00,30.7,31.2,31.1,30.4,30.9,alun_alun_malang,Alun-Alun Kota Malang
2026-09-24T12:00,31.5,32.0,32.0,31.4,32.3,alun_alun_malang,Alun-Alun Kota Malang
2026-09-24T13:00,32.0,31.7,32.2,32.0,32.8,alun_alun_malang,Alun-Alun Kota Malang
2026-09-24T14:00,31.1,30.7,31.7,31.7,32.4,alun_alun_malang,Alun-Alun Kota Malang
2026-09-24T15:00,29.7,29.8,30.5,30.8,31.1,alun_alun_malang,Alun-Alun Kota Malang
2026-09-24T16:00,28.2,28.3,29.0,29.6,29.3,alun_alun_malang,Alun-Alun Kota Malang
2026-09-24T17:00,26.7,26.5,27.4,28.0,27.3,alun_alun_malang,Alun-Alun Kota Malang
2026-09-24T18:00,25.0,24.9,25.8,26.1,25.5,alun_alun_malang,Alun-Alun Kota Malang
2026-09-24T19:00,24.1,23.5,24.7,24.8,24.2,alun_alun_malang,Alun-Alun Kota Malang
2026-09-24T20:00,23.1,22.7,24.0,23.8,23.4,alun_alun_malang,Alun-Alun Kota Malang
2026-09-24T21:00,22.3,22.2,23.3,23.1,22.8,alun_alun_malang,Alun-Alun Kota Malang
2026-09-24T22:00,21.7,21.7,22.6,22.5,22.3,alun_alun_malang,Alun-Alun Kota Malang
2026-09-24T23:00,21.4,21.3,21.9,22.0,22.0,alun_alun_malang,Alun-Alun Kota Malang
2026-09-25T00:00,21.4,21.1,21.5,21.5,21.8,alun_alun_malang,Alun-Alun Kota Malang
2026-09-25T01:00,21.0,20.9,21.0,21.5,21.7,alun_alun_malang,Alun-Alun Kota Malang
2026-09-25T02:00,20.8,20.6,20.7,21.0,21.7,alun_alun_malang,Alun-Alun Kota Malang
2026-09-25T03:00,20.6,20.3,20.4,20.6,21.9,alun_alun_malang,Alun-Alun Kota Malang
2026-09-25T04:00,20.3,20.1,20.4,20.7,22.1,alun_alun_malang,Alun-Alun Kota Malang
2026-09-25T05:00,19.9,19.5,20.2,21.5,22.6,alun_alun_malang,Alun-Alun Kota Malang
2026-09-25T06:00,20.6,20.5,21.1,22.7,23.2,alun_alun_malang,Alun-Alun Kota Malang
2026-09-25T07:00,24.2,24.2,24.0,24.4,24.4,alun_alun_malang,Alun-Alun Kota Malang
2026-09-25T08:00,26.9,26.9,26.3,26.4,25.6,alun_alun_malang,Alun-Alun Kota Malang
2026-09-25T09:00,29.2,29.3,28.3,28.6,27.3,alun_alun_malang,Alun-Alun Kota Malang
2026-09-25T10:00,30.8,31.2,30.3,30.5,29.1,alun_alun_malang,Alun-Alun Kota Malang
2026-09-25T11:00,31.7,32.2,31.6,32.0,30.8,alun_alun_malang,Alun-Alun Kota Malang
2026-09-25T12:00,32.4,32.3,32.3,33.0,32.1,alun_alun_malang,Alun-Alun Kota Malang
2026-09-25T13:00,33.0,32.0,32.4,33.1,32.6,alun_alun_malang,Alun-Alun Kota Malang
2026-09-25T14:00,32.3,30.9,31.5,31.9,32.1,alun_alun_malang,Alun-Alun Kota Malang
2026-09-25T15:00,31.0,29.9,30.8,29.8,30.9,alun_alun_malang,Alun-Alun Kota Malang
2026-09-25T16:00,29.3,28.8,29.6,28.0,29.3,alun_alun_malang,Alun-Alun Kota Malang
2026-09-25T17:00,27.3,27.3,27.8,26.8,27.5,alun_alun_malang,Alun-Alun Kota Malang
2026-09-25T18:00,26.0,25.7,26.3,25.9,25.9,alun_alun_malang,Alun-Alun Kota Malang
2026-09-25T19:00,25.5,24.8,25.2,24.6,23.8,alun_alun_malang,Alun-Alun Kota Malang
2026-09-25T20:00,24.5,23.8,24.4,24.0,23.0,alun_alun_malang,Alun-Alun Kota Malang
2026-09-25T21:00,23.6,22.8,23.6,23.6,22.3,alun_alun_malang,Alun-Alun Kota Malang
2026-09-25T22:00,22.9,22.0,22.8,23.2,21.9,alun_alun_malang,Alun-Alun Kota Malang
2026-09-25T23:00,22.2,21.3,22.2,22.7,21.7,alun_alun_malang,Alun-Alun Kota Malang
2026-09-26T00:00,21.7,20.9,21.6,22.2,21.5,alun_alun_malang,Alun-Alun Kota Malang
2026-09-26T01:00,21.4,20.6,21.3,21.7,21.5,alun_alun_malang,Alun-Alun Kota Malang
2026-09-26T02:00,21.3,20.4,21.0,21.2,21.6,alun_alun_malang,Alun-Alun Kota Malang
2026-09-26T03:00,21.1,20.2,21.0,20.8,21.9,alun_alun_malang,Alun-Alun Kota Malang
2026-09-26T04:00,20.8,20.1,20.8,20.9,22.3,alun_alun_malang,Alun-Alun Kota Malang
2026-09-26T05:00,20.4,19.9,20.7,21.6,22.8,alun_alun_malang,Alun-Alun Kota Malang
2026-09-26T06:00,21.0,20.7,21.7,22.8,23.5,alun_alun_malang,Alun-Alun Kota Malang
2026-09-26T07:00,24.9,24.8,24.3,24.7,23.7,alun_alun_malang,Alun-Alun Kota Malang
2026-09-26T08:00,27.8,27.5,26.4,26.4,25.0,alun_alun_malang,Alun-Alun Kota Malang
2026-09-26T09:00,30.2,29.8,28.6,28.4,26.9,alun_alun_malang,Alun-Alun Kota Malang
2026-09-26T10:00,31.4,31.5,30.3,30.0,28.9,alun_alun_malang,Alun-Alun Kota Malang
2026-09-26T11:00,32.0,32.5,31.4,31.2,30.7,alun_alun_malang,Alun-Alun Kota Malang
2026-09-26T12:00,32.6,32.7,32.3,32.1,32.1,alun_alun_malang,Alun-Alun Kota Malang
2026-09-26T13:00,33.0,32.6,32.7,32.4,32.6,alun_alun_malang,Alun-Alun Kota Malang
2026-09-26T14:00,31.0,31.7,32.0,30.8,32.1,alun_alun_malang,Alun-Alun Kota Malang
2026-09-26T15:00,29.1,30.4,30.7,28.3,30.7,alun_alun_malang,Alun-Alun Kota Malang
2026-09-26T16:00,27.5,29.1,29.5,26.3,28.9,alun_alun_malang,Alun-Alun Kota Malang
2026-09-26T17:00,26.5,27.5,27.8,25.3,26.9,alun_alun_malang,Alun-Alun Kota Malang
2026-09-26T18:00,25.7,26.0,26.4,24.7,25.1,alun_alun_malang,Alun-Alun Kota Malang
2026-09-26T19:00,25.5,25.3,25.5,23.8,24.2,alun_alun_malang,Alun-Alun Kota Malang
2026-09-26T20:00,24.8,24.5,24.6,23.4,23.4,alun_alun_malang,Alun-Alun Kota Malang
2026-09-26T21:00,24.1,23.8,23.7,23.2,22.7,alun_alun_malang,Alun-Alun Kota Malang
2026-09-26T22:00,23.6,23.5,23.0,22.9,22.3,alun_alun_malang,Alun-Alun Kota Malang
2026-09-26T23:00,23.2,23.0,22.5,22.5,22.0,alun_alun_malang,Alun-Alun Kota Malang
2026-09-27T00:00,23.1,22.5,22.0,22.1,21.8,alun_alun_malang,Alun-Alun Kota Malang
2026-09-27T01:00,22.0,21.7,21.5,21.7,21.8,alun_alun_malang,Alun-Alun Kota Malang
2026-09-27T02:00,21.2,21.1,21.2,21.4,21.8,alun_alun_malang,Alun-Alun Kota Malang
2026-09-27T03:00,20.4,20.4,20.6,21.3,21.9,alun_alun_malang,Alun-Alun Kota Malang
2026-09-27T04:00,20.1,20.3,20.3,21.4,22.2,alun_alun_malang,Alun-Alun Kota Malang
2026-09-27T05:00,19.8,20.0,20.3,21.9,22.6,alun_alun_malang,Alun-Alun Kota Malang
2026-09-27T06:00,20.7,20.7,21.2,22.6,23.2,alun_alun_malang,Alun-Alun Kota Malang
2026-09-27T07:00,23.7,23.7,23.7,23.6,23.4,alun_alun_malang,Alun-Alun Kota Malang
2026-09-27T08:00,26.2,26.0,25.9,25.6,24.6,alun_alun_malang,Alun-Alun Kota Malang
2026-09-27T09:00,28.6,28.4,28.1,28.0,26.3,alun_alun_malang,Alun-Alun Kota Malang
2026-09-27T10:00,30.2,30.2,30.1,30.0,28.3,alun_alun_malang,Alun-Alun Kota Malang
2026-09-27T11:00,31.6,31.7,31.5,31.4,30.1,alun_alun_malang,Alun-Alun Kota Malang
2026-09-27T12:00,32.8,32.8,32.2,32.5,31.5,alun_alun_malang,Alun-Alun Kota Malang
2026-09-27T13:00,32.8,32.6,32.3,32.2,32.1,alun_alun_malang,Alun-Alun Kota Malang
2026-09-27T14:00,29.4,31.5,32.1,31.7,31.8,alun_alun_malang,Alun-Alun Kota Malang
2026-09-27T15:00,25.9,29.3,30.9,30.6,30.8,alun_alun_malang,Alun-Alun Kota Malang
2026-09-27T16:00,26.7,27.4,29.4,29.4,29.4,alun_alun_malang,Alun-Alun Kota Malang
2026-09-27T17:00,24.3,26.2,27.6,28.1,27.8,alun_alun_malang,Alun-Alun Kota Malang
2026-09-27T18:00,23.6,25.7,26.3,26.6,26.3,alun_alun_malang,Alun-Alun Kota Malang
2026-09-27T19:00,23.6,24.0,25.6,24.8,23.3,alun_alun_malang,Alun-Alun Kota Malang
2026-09-27T20:00,23.3,23.4,24.9,24.2,22.6,alun_alun_malang,Alun-Alun Kota Malang
2026-09-27T21:00,22.9,22.9,24.2,23.9,22.1,alun_alun_malang,Alun-Alun Kota Malang
2026-09-27T22:00,22.6,22.5,23.6,23.6,21.8,alun_alun_malang,Alun-Alun Kota Malang
2026-09-27T23:00,22.2,22.0,23.0,23.2,21.5,alun_alun_malang,Alun-Alun Kota Malang
2026-09-28T00:00,21.9,21.5,22.4,22.7,21.4,alun_alun_malang,Alun-Alun Kota Malang
2026-09-28T01:00,21.2,21.2,21.8,22.2,21.4,alun_alun_malang,Alun-Alun Kota Malang
2026-09-28T02:00,20.7,21.0,21.3,21.8,21.5,alun_alun_malang,Alun-Alun Kota Malang
2026-09-28T03:00,20.3,21.0,20.9,21.3,21.6,alun_alun_malang,Alun-Alun Kota Malang
2026-09-28T04:00,20.1,20.9,20.6,21.3,21.8,alun_alun_malang,Alun-Alun Kota Malang
2026-09-28T05:00,19.9,20.6,20.3,21.7,22.2,alun_alun_malang,Alun-Alun Kota Malang
2026-09-28T06:00,20.7,21.3,21.2,22.6,22.8,alun_alun_malang,Alun-Alun Kota Malang
2026-09-28T07:00,22.6,22.6,23.0,23.8,23.2,alun_alun_malang,Alun-Alun Kota Malang
2026-09-28T08:00,24.6,24.2,25.2,25.8,24.3,alun_alun_malang,Alun-Alun Kota Malang
2026-09-28T09:00,26.7,26.1,27.4,28.1,25.8,alun_alun_malang,Alun-Alun Kota Malang
2026-09-28T10:00,28.4,28.2,29.4,30.1,27.6,alun_alun_malang,Alun-Alun Kota Malang
2026-09-28T11:00,30.1,29.6,30.8,31.4,29.2,alun_alun_malang,Alun-Alun Kota Malang
2026-09-28T12:00,31.3,30.7,32.1,32.4,30.4,alun_alun_malang,Alun-Alun Kota Malang
2026-09-28T13:00,32.1,31.2,32.5,32.8,30.9,alun_alun_malang,Alun-Alun Kota Malang
2026-09-28T14:00,31.6,29.0,30.7,31.0,30.5,alun_alun_malang,Alun-Alun Kota Malang
2026-09-28T15:00,30.5,26.9,28.5,28.2,29.4,alun_alun_malang,Alun-Alun Kota Malang
2026-09-28T16:00,29.1,26.1,24.8,25.9,27.9,alun_alun_malang,Alun-Alun Kota Malang
2026-09-28T17:00,27.2,24.7,23.9,24.7,26.3,alun_alun_malang,Alun-Alun Kota Malang
2026-09-28T18:00,25.6,23.9,23.6,24.0,24.8,alun_alun_malang,Alun-Alun Kota Malang
2026-09-28T19:00,24.4,23.6,23.3,24.2,23.7,alun_alun_malang,Alun-Alun Kota Malang
2026-09-28T20:00,23.6,22.6,23.0,23.4,23.1,alun_alun_malang,Alun-Alun Kota Malang
2026-09-28T21:00,23.0,21.9,22.6,22.9,22.8,alun_alun_malang,Alun-Alun Kota Malang
2026-09-28T22:00,22.6,21.6,22.1,22.5,22.7,alun_alun_malang,Alun-Alun Kota Malang
2026-09-28T23:00,22.0,21.4,21.9,21.9,22.7,alun_alun_malang,Alun-Alun Kota Malang
2026-09-21T00:00,17.8,17.4,17.6,17.9,17.2,jatim_park,"Jatim Park 2, Batu"
2026-09-21T01:00,17.0,16.4,16.9,16.4,17.1,jatim_park,"Jatim Park 2, Batu"
2026-09-21T02:00,16.4,16.0,16.4,16.0,17.3,jatim_park,"Jatim Park 2, Batu"
2026-09-21T03:00,16.1,15.8,15.8,15.8,17.7,jatim_park,"Jatim Park 2, Batu"
2026-09-21T04:00,15.6,15.4,15.6,16.1,18.4,jatim_park,"Jatim Park 2, Batu"
2026-09-21T05:00,15.7,15.7,15.7,17.3,19.1,jatim_park,"Jatim Park 2, Batu"
2026-09-21T06:00,17.0,17.1,17.0,19.1,20.1,jatim_park,"Jatim Park 2, Batu"
2026-09-21T07:00,21.0,21.1,20.2,20.8,21.0,jatim_park,"Jatim Park 2, Batu"
2026-09-21T08:00,23.3,23.1,22.6,22.6,22.2,jatim_park,"Jatim Park 2, Batu"
2026-09-21T09:00,25.2,24.9,24.8,24.4,23.7,jatim_park,"Jatim Park 2, Batu"
2026-09-21T10:00,26.3,26.6,26.3,25.8,25.3,jatim_park,"Jatim Park 2, Batu"
2026-09-21T11:00,27.2,27.6,27.2,27.0,26.7,jatim_park,"Jatim Park 2, Batu"
2026-09-21T12:00,27.6,27.9,27.6,27.8,27.7,jatim_park,"Jatim Park 2, Batu"
2026-09-21T13:00,28.6,27.8,27.9,27.7,28.0,jatim_park,"Jatim Park 2, Batu"
2026-09-21T14:00,28.0,27.4,26.8,27.0,27.5,jatim_park,"Jatim Park 2, Batu"
2026-09-21T15:00,26.8,27.0,26.5,25.9,26.2,jatim_park,"Jatim Park 2, Batu"
2026-09-21T16:00,25.0,25.2,25.1,24.5,24.5,jatim_park,"Jatim Park 2, Batu"
2026-09-21T17:00,23.2,23.1,23.0,23.0,22.6,jatim_park,"Jatim Park 2, Batu"
2026-09-21T18:00,21.1,21.1,20.9,21.2,21.0,jatim_park,"Jatim Park 2, Batu"
2026-09-21T19:00,20.9,20.3,20.2,20.1,19.6,jatim_park,"Jatim Park 2, Batu"
2026-09-21T20:00,19.9,19.7,19.9,19.3,18.8,jatim_park,"Jatim Park 2, Batu"
2026-09-21T21:00,19.3,19.5,19.5,18.8,18.2,jatim_park,"Jatim Park 2, Batu"
2026-09-21T22:00,18.7,19.1,19.2,18.5,17.7,jatim_park,"Jatim Park 2, Batu"
2026-09-21T23:00,18.3,18.7,18.6,18.3,17.4,jatim_park,"Jatim Park 2, Batu"
2026-09-22T00:00,18.2,18.2,17.9,18.2,17.3,jatim_park,"Jatim Park 2, Batu"
2026-09-22T01:00,18.1,17.8,17.6,18.2,17.3,jatim_park,"Jatim Park 2, Batu"
2026-09-22T02:00,18.2,17.9,17.4,17.9,17.5,jatim_park,"Jatim Park 2, Batu"
2026-09-22T03:00,17.7,17.9,16.9,17.6,18.0,jatim_park,"Jatim Park 2, Batu"
2026-09-22T04:00,17.0,17.5,16.7,17.7,18.6,jatim_park,"Jatim Park 2, Batu"
2026-09-22T05:00,16.9,17.2,16.5,18.4,19.3,jatim_park,"Jatim Park 2, Batu"
2026-09-22T06:00,18.1,18.2,17.7,19.5,20.1,jatim_park,"Jatim Park 2, Batu"
2026-09-22T07:00,21.2,21.6,21.1,21.0,21.3,jatim_park,"Jatim Park 2, Batu"
2026-09-22T08:00,23.0,23.3,23.0,23.0,22.4,jatim_park,"Jatim Park 2, Batu"
2026-09-22T09:00,24.9,25.2,24.6,25.3,24.0,jatim_park,"Jatim Park 2, Batu"
2026-09-22T10:00,26.4,26.8,26.0,27.2,25.7,jatim_park,"Jatim Park 2, Batu"
2026-09-22T11:00,27.7,27.9,27.3,28.3,27.2,jatim_park,"Jatim Park 2, Batu"
2026-09-22T12:00,28.4,28.5,27.9,28.8,28.3,jatim_park,"Jatim Park 2, Batu"
2026-09-22T13:00,29.4,28.4,28.2,28.3,28.6,jatim_park,"Jatim Park 2, Batu"
2026-09-22T14:00,28.5,28.2,27.4,27.8,28.0,jatim_park,"Jatim Park 2, Batu"
2026-09-22T15:00,27.1,26.9,26.9,26.8,26.7,jatim_park,"Jatim Park 2, Batu"
2026-09-22T16:00,25.3,25.3,25.5,25.6,24.8,jatim_park,"Jatim Park 2, Batu"
2026-09-22T17:00,23.6,23.2,23.6,23.9,22.9,jatim_park,"Jatim Park 2, Batu"
2026-09-22T18:00,21.5,21.2,21.7,21.9,21.2,jatim_park,"Jatim Park 2, Batu"
2026-09-22T19:00,21.1,20.4,20.7,20.5,20.1,jatim_park,"Jatim Park 2, Batu"
2026-09-22T20:00,19.9,19.8,20.0,19.8,19.3,jatim_park,"Jatim Park 2, Batu"
2026-09-22T21:00,18.7,19.2,19.7,19.5,18.7,jatim_park,"Jatim Park 2, Batu"
2026-09-22T22:00,18.1,18.8,19.4,19.4,18.2,jatim_park,"Jatim Park 2, Batu"
2026-09-22T23:00,17.5,18.4,19.0,19.2,17.9,jatim_park,"Jatim Park 2, Batu"
2026-09-23T00:00,17.0,18.1,18.7,19.1,17.8,jatim_park,"Jatim Park 2, Batu"
2026-09-23T01:00,16.8,17.8,17.7,18.1,17.9,jatim_park,"Jatim Park 2, Batu"
2026-09-23T02:00,16.5,17.6,17.8,17.8,18.1,jatim_park,"Jatim Park 2, Batu"
2026-09-23T03:00,16.1,17.3,17.8,17.5,18.6,jatim_park,"Jatim Park 2, Batu"
2026-09-23T04:00,15.8,17.0,18.0,17.6,19.2,jatim_park,"Jatim Park 2, Batu"
2026-09-23T05:00,15.5,16.7,18.1,18.4,20.0,jatim_park,"Jatim Park 2, Batu"
2026-09-23T06:00,15.9,17.8,19.1,19.6,20.8,jatim_park,"Jatim Park 2, Batu"
2026-09-23T07:00,20.3,20.6,21.0,20.7,21.3,jatim_park,"Jatim Park 2, Batu"
2026-09-23T08:00,22.9,23.0,23.1,22.7,22.3,jatim_park,"Jatim Park 2, Batu"
2026-09-23T09:00,24.7,24.8,24.8,24.9,23.6,jatim_park,"Jatim Park 2, Batu"
2026-09-23T10:00,25.9,26.4,26.3,26.5,25.1,jatim_park,"Jatim Park 2, Batu"
2026-09-23T11:00,27.0,27.4,27.2,27.1,26.4,jatim_park,"Jatim Park 2, Batu"
2026-09-23T12:00,27.9,27.7,27.9,27.1,27.3,jatim_park,"Jatim Park 2, Batu"
2026-09-23T13:00,28.4,28.4,28.1,27.1,27.7,jatim_park,"Jatim Park 2, Batu"
2026-09-23T14:00,27.6,27.8,27.8,26.5,27.2,jatim_park,"Jatim Park 2, Batu"
2026-09-23T15:00,27.2,27.2,27.0,25.4,26.2,jatim_park,"Jatim Park 2, Batu"
2026-09-23T16:00,25.2,25.8,25.4,24.2,24.7,jatim_park,"Jatim Park 2, Batu"
2026-09-23T17:00,23.1,23.4,23.5,22.8,23.1,jatim_park,"Jatim Park 2, Batu"
2026-09-23T18:00,21.2,21.3,21.5,21.3,21.7,jatim_park,"Jatim Park 2, Batu"
2026-09-23T19:00,21.1,20.1,20.9,20.2,20.7,jatim_park,"Jatim Park 2, Batu"
2026-09-23T20:00,20.1,19.5,20.0,19.5,20.0,jatim_park,"Jatim Park 2, Batu"
2026-09-23T21:00,19.4,18.7,19.5,19.1,19.4,jatim_park,"Jatim Park 2, Batu"
2026-09-23T22:00,18.8,18.1,18.9,18.7,19.0,jatim_park,"Jatim Park 2, Batu"
2026-09-23T23:00,18.2,17.6,18.6,18.5,18.7,jatim_park,"Jatim Park 2, Batu"
2026-09-24T00:00,17.7,17.8,18.3,18.3,18.5,jatim_park,"Jatim Park 2, Batu"
2026-09-24T01:00,17.4,17.3,18.2,18.4,18.5,jatim_park,"Jatim Park 2, Batu"
2026-09-24T02:00,16.9,16.9,18.1,17.9,18.6,jatim_park,"Jatim Park 2, Batu"
2026-09-24T03:00,16.6,16.7,18.0,17.3,18.9,jatim_park,"Jatim Park 2, Batu"
2026-09-24T04:00,16.3,16.3,17.6,17.3,19.4,jatim_park,"Jatim Park 2, Batu"
2026-09-24T05:00,16.3,16.6,17.3,18.1,20.0,jatim_park,"Jatim Park 2, Batu"
2026-09-24T06:00,17.7,17.8,18.3,19.5,20.7,jatim_park,"Jatim Park 2, Batu"
2026-09-24T07:00,22.5,21.9,22.0,20.8,21.8,jatim_park,"Jatim Park 2, Batu"
2026-09-24T08:00,24.8,24.4,24.8,22.9,22.9,jatim_park,"Jatim Park 2, Batu"
2026-09-24T09:00,26.8,26.7,26.9,25.2,24.4,jatim_park,"Jatim Park 2, Batu"
2026-09-24T10:00,27.9,28.3,28.0,27.0,25.9,jatim_park,"Jatim Park 2, Batu"
2026-09-24T11:00,28.8,29.3,29.0,27.9,27.4,jatim_park,"Jatim Park 2, Batu"
2026-09-24T12:00,29.5,29.8,29.4,28.2,28.4,jatim_park,"Jatim Park 2, Batu"
2026-09-24T13:00,29.9,29.1,29.0,28.4,28.7,jatim_park,"Jatim Park 2, Batu"
2026-09-24T14:00,28.4,28.3,28.4,27.9,28.2,jatim_park,"Jatim Park 2, Batu"
2026-09-24T15:00,27.1,27.1,27.4,26.9,27.1,jatim_park,"Jatim Park 2, Batu"
2026-09-24T16:00,25.5,25.5,25.8,25.7,25.5,jatim_park,"Jatim Park 2, Batu"
2026-09-24T17:00,23.8,23.5,24.1,24.1,23.8,jatim_park,"Jatim Park 2, Batu"
2026-09-24T18:00,22.1,21.5,22.3,22.4,22.2,jatim_park,"Jatim Park 2, Batu"
2026-09-24T19:00,21.3,20.6,21.2,20.8,20.9,jatim_park,"Jatim Park 2, Batu"
2026-09-24T20:00,20.4,20.1,20.9,20.1,20.1,jatim_park,"Jatim Park 2, Batu"
2026-09-24T21:00,19.5,19.7,20.3,19.7,19.4,jatim_park,"Jatim Park 2, Batu"
2026-09-24T22:00,18.9,19.4,19.8,19.3,19.0,jatim_park,"Jatim Park 2, Batu"
2026-09-24T23:00,18.5,19.2,19.4,19.0,18.6,jatim_park,"Jatim Park 2, Batu"
2026-09-25T00:00,18.1,18.9,19.2,18.8,18.5,jatim_park,"Jatim Park 2, Batu"
2026-09-25T01:00,18.2,18.5,18.5,18.9,18.5,jatim_park,"Jatim Park 2, Batu"
2026-09-25T02:00,18.1,18.3,18.2,18.6,18.7,jatim_park,"Jatim Park 2, Batu"
2026-09-25T03:00,17.9,18.1,18.0,18.3,19.2,jatim_park,"Jatim Park 2, Batu"
2026-09-25T04:00,17.7,18.0,18.0,18.5,19.8,jatim_park,"Jatim Park 2, Batu"
2026-09-25T05:00,17.5,17.7,17.9,19.3,20.5,jatim_park,"Jatim Park 2, Batu"
2026-09-25T06:00,18.6,18.9,19.2,20.5,21.3,jatim_park,"Jatim Park 2, Batu"
2026-09-25T07:00,23.1,22.8,22.6,22.2,22.0,jatim_park,"Jatim Park 2, Batu"
2026-09-25T08:00,25.6,25.6,25.0,24.3,23.0,jatim_park,"Jatim Park 2, Batu"
2026-09-25T09:00,27.5,27.7,27.1,26.6,24.4,jatim_park,"Jatim Park 2, Batu"
2026-09-25T10:00,28.8,29.2,28.6,28.3,25.8,jatim_park,"Jatim Park 2, Batu"
2026-09-25T11:00,29.3,29.9,29.4,29.3,27.0,jatim_park,"Jatim Park 2, Batu"
2026-09-25T12:00,29.5,29.8,29.5,29.7,27.9,jatim_park,"Jatim Park 2, Batu"
2026-09-25T13:00,29.6,29.2,28.8,29.4,28.2,jatim_park,"Jatim Park 2, Batu"
2026-09-25T14:00,28.9,28.2,28.0,28.3,27.7,jatim_park,"Jatim Park 2, Batu"
2026-09-25T15:00,27.9,27.1,27.3,26.8,26.6,jatim_park,"Jatim Park 2, Batu"
2026-09-25T16:00,26.2,25.9,26.1,25.2,25.1,jatim_park,"Jatim Park 2, Batu"
2026-09-25T17:00,24.1,24.3,24.4,23.8,23.6,jatim_park,"Jatim Park 2, Batu"
2026-09-25T18:00,22.4,22.4,22.6,22.5,22.1,jatim_park,"Jatim Park 2, Batu"
2026-09-25T19:00,21.9,21.7,21.6,21.1,20.7,jatim_park,"Jatim Park 2, Batu"
2026-09-25T20:00,21.3,21.0,21.1,20.5,20.0,jatim_park,"Jatim Park 2, Batu"
2026-09-25T21:00,20.8,20.4,20.6,20.1,19.5,jatim_park,"Jatim Park 2, Batu"
2026-09-25T22:00,20.3,19.8,20.3,19.8,19.2,jatim_park,"Jatim Park 2, Batu"
2026-09-25T23:00,19.9,19.2,20.0,19.5,19.0,jatim_park,"Jatim Park 2, Batu"
2026-09-26T00:00,19.6,18.9,19.5,19.3,19.0,jatim_park,"Jatim Park 2, Batu"
2026-09-26T01:00,19.4,18.2,19.0,18.9,19.1,jatim_park,"Jatim Park 2, Batu"
2026-09-26T02:00,19.1,18.0,18.7,18.5,19.2,jatim_park,"Jatim Park 2, Batu"
2026-09-26T03:00,18.8,18.0,18.6,18.1,19.6,jatim_park,"Jatim Park 2, Batu"
2026-09-26T04:00,18.4,17.9,18.5,18.3,20.0,jatim_park,"Jatim Park 2, Batu"
2026-09-26T05:00,18.0,17.7,18.4,19.3,20.5,jatim_park,"Jatim Park 2, Batu"
2026-09-26T06:00,18.9,18.9,19.8,20.7,21.1,jatim_park,"Jatim Park 2, Batu"
2026-09-26T07:00,23.8,23.6,23.1,22.9,21.5,jatim_park,"Jatim Park 2, Batu"
2026-09-26T08:00,26.3,26.1,25.4,24.7,22.5,jatim_park,"Jatim Park 2, Batu"
2026-09-26T09:00,28.1,27.9,27.2,26.7,23.9,jatim_park,"Jatim Park 2, Batu"
2026-09-26T10:00,29.2,29.3,28.3,28.2,25.4,jatim_park,"Jatim Park 2, Batu"
2026-09-26T11:00,29.6,30.1,28.9,29.0,26.8,jatim_park,"Jatim Park 2, Batu"
2026-09-26T12:00,29.8,30.2,29.3,29.4,27.7,jatim_park,"Jatim Park 2, Batu"
2026-09-26T13:00,30.0,29.8,29.7,29.1,28.1,jatim_park,"Jatim Park 2, Batu"
2026-09-26T14:00,28.3,28.9,29.2,27.9,27.6,jatim_park,"Jatim Park 2, Batu"
2026-09-26T15:00,26.9,27.5,27.7,26.2,26.4,jatim_park,"Jatim Park 2, Batu"
2026-09-26T16:00,24.7,26.0,26.2,24.6,24.9,jatim_park,"Jatim Park 2, Batu"
2026-09-26T17:00,23.3,24.3,24.5,23.3,23.2,jatim_park,"Jatim Park 2, Batu"
2026-09-26T18:00,22.1,22.5,22.8,22.1,21.7,jatim_park,"Jatim Park 2, Batu"
2026-09-26T19:00,22.0,21.9,21.9,20.9,20.8,jatim_park,"Jatim Park 2, Batu"
2026-09-26T20:00,21.3,21.2,21.3,20.4,20.1,jatim_park,"Jatim Park 2, Batu"
2026-09-26T21:00,20.8,20.9,20.9,20.3,19.5,jatim_park,"Jatim Park 2, Batu"
2026-09-26T22:00,20.6,20.8,20.5,20.1,19.2,jatim_park,"Jatim Park 2, Batu"
2026-09-26T23:00,20.3,20.6,20.2,19.8,19.1,jatim_park,"Jatim Park 2, Batu"
2026-09-27T00:00,20.0,20.2,19.8,19.6,19.0,jatim_park,"Jatim Park 2, Batu"
2026-09-27T01:00,19.3,19.3,19.3,19.4,19.1,jatim_park,"Jatim Park 2, Batu"
2026-09-27T02:00,19.0,18.9,19.0,19.1,19.3,jatim_park,"Jatim Park 2, Batu"
2026-09-27T03:00,18.6,18.5,18.4,18.9,19.6,jatim_park,"Jatim Park 2, Batu"
2026-09-27T04:00,18.2,18.4,18.1,19.0,20.0,jatim_park,"Jatim Park 2, Batu"
2026-09-27T05:00,17.8,18.1,17.9,19.7,20.6,jatim_park,"Jatim Park 2, Batu"
2026-09-27T06:00,18.8,19.1,19.4,20.7,21.3,jatim_park,"Jatim Park 2, Batu"
2026-09-27T07:00,23.1,22.4,22.3,21.9,21.8,jatim_park,"Jatim Park 2, Batu"
2026-09-27T08:00,25.3,24.7,24.5,24.0,22.8,jatim_park,"Jatim Park 2, Batu"
2026-09-27T09:00,27.2,26.9,26.6,26.4,24.2,jatim_park,"Jatim Park 2, Batu"
2026-09-27T10:00,28.3,28.3,28.2,28.2,25.7,jatim_park,"Jatim Park 2, Batu"
2026-09-27T11:00,29.0,29.1,29.1,29.2,27.0,jatim_park,"Jatim Park 2, Batu"
2026-09-27T12:00,29.7,29.6,29.6,29.5,28.0,jatim_park,"Jatim Park 2, Batu"
2026-09-27T13:00,29.9,29.4,29.0,28.7,28.4,jatim_park,"Jatim Park 2, Batu"
2026-09-27T14:00,28.2,28.6,28.5,28.2,28.0,jatim_park,"Jatim Park 2, Batu"
2026-09-27T15:00,25.2,27.0,27.2,27.2,27.0,jatim_park,"Jatim Park 2, Batu"
2026-09-27T16:00,24.1,24.9,25.8,26.1,25.6,jatim_park,"Jatim Park 2, Batu"
2026-09-27T17:00,22.4,23.1,23.9,24.7,24.1,jatim_park,"Jatim Park 2, Batu"
2026-09-27T18:00,21.2,22.1,22.4,23.2,22.7,jatim_park,"Jatim Park 2, Batu"
2026-09-27T19:00,20.9,21.3,21.8,21.4,20.5,jatim_park,"Jatim Park 2, Batu"
2026-09-27T20:00,20.8,20.7,21.4,20.9,19.9,jatim_park,"Jatim Park 2, Batu"
2026-09-27T21:00,20.2,20.2,21.1,20.7,19.5,jatim_park,"Jatim Park 2, Batu"
2026-09-27T22:00,20.0,20.0,20.7,20.6,19.2,jatim_park,"Jatim Park 2, Batu"
2026-09-27T23:00,19.7,19.9,20.4,20.3,19.1,jatim_park,"Jatim Park 2, Batu"
2026-09-28T00:00,19.4,19.7,20.0,20.1,19.1,jatim_park,"Jatim Park 2, Batu"
2026-09-28T01:00,19.0,19.6,19.5,19.7,19.2,jatim_park,"Jatim Park 2, Batu"
2026-09-28T02:00,18.7,19.5,19.0,19.2,19.4,jatim_park,"Jatim Park 2, Batu"
2026-09-28T03:00,18.6,19.2,18.7,18.6,19.9,jatim_park,"Jatim Park 2, Batu"
2026-09-28T04:00,18.4,18.8,18.3,18.6,20.4,jatim_park,"Jatim Park 2, Batu"
2026-09-28T05:00,18.2,18.4,18.1,19.5,21.1,jatim_park,"Jatim Park 2, Batu"
2026-09-28T06:00,19.5,19.5,19.5,21.0,21.8,jatim_park,"Jatim Park 2, Batu"
2026-09-28T07:00,21.7,21.1,22.0,22.1,21.0,jatim_park,"Jatim Park 2, Batu"
2026-09-28T08:00,23.7,23.2,24.1,24.1,21.8,jatim_park,"Jatim Park 2, Batu"
2026-09-28T09:00,25.4,24.7,25.7,26.4,23.0,jatim_park,"Jatim Park 2, Batu"
2026-09-28T10:00,26.7,26.1,27.1,28.1,24.2,jatim_park,"Jatim Park 2, Batu"
2026-09-28T11:00,27.6,26.7,27.8,28.6,25.3,jatim_park,"Jatim Park 2, Batu"
2026-09-28T12:00,28.2,27.4,28.9,28.5,26.1,jatim_park,"Jatim Park 2, Batu"
2026-09-28T13:00,29.0,25.7,29.0,29.3,26.4,jatim_park,"Jatim Park 2, Batu"
2026-09-28T14:00,28.1,23.5,26.9,27.3,26.0,jatim_park,"Jatim Park 2, Batu"
2026-09-28T15:00,27.4,23.8,24.2,24.5,25.2,jatim_park,"Jatim Park 2, Batu"
2026-09-28T16:00,26.1,23.0,22.2,22.2,24.0,jatim_park,"Jatim Park 2, Batu"
2026-09-28T17:00,24.2,21.4,21.0,21.3,22.8,jatim_park,"Jatim Park 2, Batu"
2026-09-28T18:00,22.5,21.0,20.7,20.9,21.6,jatim_park,"Jatim Park 2, Batu"
2026-09-28T19:00,21.8,20.9,20.6,21.2,21.2,jatim_park,"Jatim Park 2, Batu"
2026-09-28T20:00,21.1,20.3,20.4,20.5,20.6,jatim_park,"Jatim Park 2, Batu"
2026-09-28T21:00,20.4,19.7,20.0,20.1,20.2,jatim_park,"Jatim Park 2, Batu"
2026-09-28T22:00,20.0,19.2,19.5,19.7,19.9,jatim_park,"Jatim Park 2, Batu"
2026-09-28T23:00,19.4,18.9,19.3,19.1,19.8,jatim_park,"Jatim Park 2, Batu"
2026-09-21T00:00,18.0,17.7,17.9,18.2,17.4,bns,Batu Night Spectacular
2026-09-21T01:00,17.3,16.7,17.1,16.7,17.3,bns,Batu Night Spectacular
2026-09-21T02:00,16.7,16.3,16.6,16.3,17.5,bns,Batu Night Spectacular
2026-09-21T03:00,16.3,16.0,16.1,16.1,18.0,bns,Batu Night Spectacular
2026-09-21T04:00,15.9,15.7,15.8,16.4,18.6,bns,Batu Night Spectacular
2026-09-21T05:00,16.0,16.0,15.9,17.6,19.4,bns,Batu Night Spectacular
2026-09-21T06:00,17.2,17.3,17.3,19.3,20.3,bns,Batu Night Spectacular
2026-09-21T07:00,21.2,21.4,20.4,21.0,21.2,bns,Batu Night Spectacular
2026-09-21T08:00,23.6,23.3,22.8,22.8,22.4,bns,Batu Night Spectacular
2026-09-21T09:00,25.5,25.2,25.1,24.6,23.9,bns,Batu Night Spectacular
2026-09-21T10:00,26.5,26.8,26.5,26.1,25.5,bns,Batu Night Spectacular
2026-09-21T11:00,27.4,27.8,27.5,27.2,26.9,bns,Batu Night Spectacular
2026-09-21T12:00,27.9,28.2,27.9,28.1,28.0,bns,Batu Night Spectacular
2026-09-21T13:00,28.8,28.1,28.1,27.9,28.3,bns,Batu Night Spectacular
2026-09-21T14:00,28.3,27.6,27.0,27.3,27.7,bns,Batu Night Spectacular
2026-09-21T15:00,27.1,27.2,26.8,26.1,26.4,bns,Batu Night Spectacular
2026-09-21T16:00,25.3,25.5,25.4,24.8,24.7,bns,Batu Night Spectacular
2026-09-21T17:00,23.5,23.3,23.3,23.2,22.9,bns,Batu Night Spectacular
2026-09-21T18:00,21.4,21.3,21.2,21.5,21.2,bns,Batu Night Spectacular
2026-09-21T19:00,21.1,20.5,20.4,20.3,19.8,bns,Batu Night Spectacular
2026-09-21T20:00,20.2,20.0,20.2,19.5,19.1,bns,Batu Night Spectacular
2026-09-21T21:00,19.6,19.7,19.7,19.1,18.4,bns,Batu Night Spectacular
2026-09-21T22:00,19.0,19.4,19.4,18.7,18.0,bns,Batu Night Spectacular
2026-09-21T23:00,18.5,18.9,18.9,18.5,17.7,bns,Batu Night Spectacular
2026-09-22T00:00,18.5,18.4,18.1,18.4,17.5,bns,Batu Night Spectacular
2026-09-22T01:00,18.4,18.1,17.9,18.4,17.6,bns,Batu Night Spectacular
2026-09-22T02:00,18.4,18.2,17.7,18.1,17.8,bns,Batu Night Spectacular
2026-09-22T03:00,18.0,18.1,17.1,17.8,18.2,bns,Batu Night Spectacular
2026-09-22T04:00,17.3,17.8,17.0,18.0,18.8,bns,Batu Night Spectacular
2026-09-22T05:00,17.2,17.4,16.7,18.7,19.5,bns,Batu Night Spectacular
2026-09-22T06:00,18.4,18.5,17.9,19.8,20.3,bns,Batu Night Spectacular
2026-09-22T07:00,21.5,21.9,21.4,21.3,21.5,bns,Batu Night Spectacular
2026-09-22T08:00,23.2,23.5,23.3,23.3,22.7,bns,Batu Night Spectacular
2026-09-22T09:00,25.2,25.4,24.8,25.6,24.3,bns,Batu Night Spectacular
2026-09-22T10:00,26.7,27.1,26.2,27.4,25.9,bns,Batu Night Spectacular
2026-09-22T11:00,28.0,28.1,27.5,28.5,27.5,bns,Batu Night Spectacular
2026-09-22T12:00,28.6,28.7,28.1,29.1,28.5,bns,Batu Night Spectacular
2026-09-22T13:00,29.7,28.7,28.5,28.5,28.9,bns,Batu Night Spectacular
2026-09-22T14:00,28.7,28.5,27.7,28.0,28.3,bns,Batu Night Spectacular
2026-09-22T15:00,27.3,27.1,27.2,27.1,26.9,bns,Batu Night Spectacular
2026-09-22T16:00,25.6,25.5,25.8,25.8,25.1,bns,Batu Night Spectacular
2026-09-22T17:00,23.8,23.5,23.8,24.1,23.2,bns,Batu Night Spectacular
2026-09-22T18:00,21.7,21.4,21.9,22.1,21.4,bns,Batu Night Spectacular
2026-09-22T19:00,21.3,20.7,20.9,20.7,20.4,bns,Batu Night Spectacular
2026-09-22T20:00,20.2,20.0,20.3,20.0,19.6,bns,Batu Night Spectacular
2026-09-22T21:00,19.0,19.5,19.9,19.8,18.9,bns,Batu Night Spectacular
2026-09-22T22:00,18.4,19.0,19.6,19.6,18.5,bns,Batu Night Spectacular
2026-09-22T23:00,17.8,18.6,19.3,19.4,18.2,bns,Batu Night Spectacular
2026-09-23T00:00,17.2,18.4,19.0,19.3,18.1,bns,Batu Night Spectacular
2026-09-23T01:00,17.0,18.1,18.0,18.4,18.1,bns,Batu Night Spectacular
2026-09-23T02:00,16.7,17.9,18.1,18.0,18.4,bns,Batu Night Spectacular
2026-09-23T03:00,16.4,17.6,18.0,17.7,18.8,bns,Batu Night Spectacular
2026-09-23T04:00,16.0,17.2,18.3,17.9,19.5,bns,Batu Night Spectacular
2026-09-23T05:00,15.8,17.0,18.4,18.6,20.2,bns,Batu Night Spectacular
2026-09-23T06:00,16.2,18.1,19.3,19.8,21.0,bns,Batu Night Spectacular
2026-09-23T07:00,20.6,20.8,21.3,21.0,21.5,bns,Batu Night Spectacular
2026-09-23T08:00,23.2,23.3,23.3,22.9,22.5,bns,Batu Night Spectacular
2026-09-23T09:00,24.9,25.1,25.0,25.2,23.9,bns,Batu Night Spectacular
2026-09-23T10:00,26.2,26.6,26.6,26.8,25.3,bns,Batu Night Spectacular
2026-09-23T11:00,27.2,27.6,27.4,27.4,26.7,bns,Batu Night Spectacular
2026-09-23T12:00,28.2,27.9,28.2,27.3,27.6,bns,Batu Night Spectacular
2026-09-23T13:00,28.6,28.6,28.4,27.4,27.9,bns,Batu Night Spectacular
2026-09-23T14:00,27.8,28.1,28.0,26.7,27.5,bns,Batu Night Spectacular
2026-09-23T15:00,27.5,27.4,27.3,25.7,26.4,bns,Batu Night Spectacular
2026-09-23T16:00,25.4,26.1,25.7,24.5,25.0,bns,Batu Night Spectacular
2026-09-23T17:00,23.3,23.7,23.8,23.1,23.4,bns,Batu Night Spectacular
2026-09-23T18:00,21.5,21.6,21.7,21.6,22.0,bns,Batu Night Spectacular
2026-09-23T19:00,21.3,20.4,21.2,20.4,20.9,bns,Batu Night Spectacular
2026-09-23T20:00,20.3,19.8,20.3,19.8,20.3,bns,Batu Night Spectacular
2026-09-23T21:00,19.6,18.9,19.8,19.3,19.7,bns,Batu Night Spectacular
2026-09-23T22:00,19.0,18.3,19.1,19.0,19.2,bns,Batu Night Spectacular
2026-09-23T23:00,18.5,17.9,18.8,18.7,18.9,bns,Batu Night Spectacular
2026-09-24T00:00,17.9,18.1,18.6,18.5,18.7,bns,Batu Night Spectacular
2026-09-24T01:00,17.7,17.5,18.4,18.6,18.7,bns,Batu Night Spectacular
2026-09-24T02:00,17.2,17.1,18.4,18.1,18.9,bns,Batu Night Spectacular
2026-09-24T03:00,16.8,16.9,18.3,17.6,19.2,bns,Batu Night Spectacular
2026-09-24T04:00,16.6,16.6,17.8,17.6,19.7,bns,Batu Night Spectacular
2026-09-24T05:00,16.6,16.8,17.6,18.4,20.2,bns,Batu Night Spectacular
2026-09-24T06:00,17.9,18.0,18.5,19.7,21.0,bns,Batu Night Spectacular
2026-09-24T07:00,22.8,22.1,22.2,21.1,22.0,bns,Batu Night Spectacular
2026-09-24T08:00,25.1,24.6,25.0,23.2,23.1,bns,Batu Night Spectacular
2026-09-24T09:00,27.1,26.9,27.1,25.5,24.6,bns,Batu Night Spectacular
2026-09-24T10:00,28.2,28.6,28.3,27.3,26.2,bns,Batu Night Spectacular
2026-09-24T11:00,29.1,29.6,29.2,28.2,27.6,bns,Batu Night Spectacular
2026-09-24T12:00,29.8,30.0,29.6,28.5,28.6,bns,Batu Night Spectacular
2026-09-24T13:00,30.1,29.3,29.3,28.7,29.0,bns,Batu Night Spectacular
2026-09-24T14:00,28.7,28.5,28.6,28.1,28.5,bns,Batu Night Spectacular
2026-09-24T15:00,27.4,27.4,27.7,27.1,27.3,bns,Batu Night Spectacular
2026-09-24T16:00,25.7,25.8,26.1,25.9,25.7,bns,Batu Night Spectacular
2026-09-24T17:00,24.0,23.8,24.4,24.4,24.0,bns,Batu Night Spectacular
2026-09-24T18:00,22.4,21.8,22.5,22.6,22.4,bns,Batu Night Spectacular
2026-09-24T19:00,21.6,20.9,21.4,21.1,21.2,bns,Batu Night Spectacular
2026-09-24T20:00,20.6,20.4,21.1,20.4,20.3,bns,Batu Night Spectacular
2026-09-24T21:00,19.8,20.0,20.6,19.9,19.7,bns,Batu Night Spectacular
2026-09-24T22:00,19.2,19.7,20.1,19.5,19.2,bns,Batu Night Spectacular
2026-09-24T23:00,18.7,19.5,19.7,19.2,18.9,bns,Batu Night Spectacular
2026-09-25T00:00,18.4,19.2,19.4,19.0,18.8,bns,Batu Night Spectacular
2026-09-25T01:00,18.5,18.8,18.8,19.1,18.8,bns,Batu Night Spectacular
2026-09-25T02:00,18.3,18.5,18.5,18.8,19.0,bns,Batu Night Spectacular
2026-09-25T03:00,18.2,18.4,18.3,18.6,19.4,bns,Batu Night Spectacular
2026-09-25T04:00,18.0,18.2,18.3,18.7,20.0,bns,Batu Night Spectacular
2026-09-25T05:00,17.8,17.9,18.1,19.5,20.7,bns,Batu Night Spectacular
2026-09-25T06:00,18.8,19.1,19.4,20.8,21.5,bns,Batu Night Spectacular
2026-09-25T07:00,23.4,23.1,22.8,22.5,22.3,bns,Batu Night Spectacular
2026-09-25T08:00,25.8,25.9,25.3,24.6,23.3,bns,Batu Night Spectacular
2026-09-25T09:00,27.7,27.9,27.3,26.8,24.6,bns,Batu Night Spectacular
2026-09-25T10:00,29.0,29.5,28.9,28.6,26.0,bns,Batu Night Spectacular
2026-09-25T11:00,29.5,30.1,29.6,29.5,27.3,bns,Batu Night Spectacular
2026-09-25T12:00,29.7,30.0,29.8,29.9,28.1,bns,Batu Night Spectacular
2026-09-25T13:00,29.9,29.4,29.0,29.6,28.4,bns,Batu Night Spectacular
2026-09-25T14:00,29.1,28.4,28.2,28.6,28.0,bns,Batu Night Spectacular
2026-09-25T15:00,28.1,27.4,27.5,27.0,26.9,bns,Batu Night Spectacular
2026-09-25T16:00,26.4,26.2,26.3,25.5,25.4,bns,Batu Night Spectacular
2026-09-25T17:00,24.3,24.6,24.7,24.1,23.8,bns,Batu Night Spectacular
2026-09-25T18:00,22.6,22.6,22.8,22.7,22.4,bns,Batu Night Spectacular
2026-09-25T19:00,22.2,22.0,21.8,21.3,20.9,bns,Batu Night Spectacular
2026-09-25T20:00,21.6,21.3,21.3,20.8,20.2,bns,Batu Night Spectacular
2026-09-25T21:00,21.1,20.6,20.9,20.4,19.7,bns,Batu Night Spectacular
2026-09-25T22:00,20.5,20.0,20.6,20.1,19.4,bns,Batu Night Spectacular
2026-09-25T23:00,20.1,19.5,20.2,19.8,19.3,bns,Batu Night Spectacular
2026-09-26T00:00,19.9,19.1,19.8,19.5,19.3,bns,Batu Night Spectacular
2026-09-26T01:00,19.7,18.5,19.3,19.1,19.3,bns,Batu Night Spectacular
2026-09-26T02:00,19.3,18.2,19.0,18.7,19.5,bns,Batu Night Spectacular
2026-09-26T03:00,19.0,18.2,18.9,18.4,19.8,bns,Batu Night Spectacular
2026-09-26T04:00,18.7,18.1,18.7,18.6,20.2,bns,Batu Night Spectacular
2026-09-26T05:00,18.3,17.9,18.7,19.5,20.8,bns,Batu Night Spectacular
2026-09-26T06:00,19.1,19.1,20.0,21.0,21.4,bns,Batu Night Spectacular
2026-09-26T07:00,24.1,23.8,23.3,23.2,21.7,bns,Batu Night Spectacular
2026-09-26T08:00,26.5,26.3,25.6,25.0,22.8,bns,Batu Night Spectacular
2026-09-26T09:00,28.4,28.2,27.4,26.9,24.2,bns,Batu Night Spectacular
2026-09-26T10:00,29.4,29.5,28.5,28.4,25.7,bns,Batu Night Spectacular
2026-09-26T11:00,29.8,30.4,29.1,29.3,27.0,bns,Batu Night Spectacular
2026-09-26T12:00,30.1,30.4,29.5,29.6,28.0,bns,Batu Night Spectacular
2026-09-26T13:00,30.2,30.0,30.0,29.3,28.3,bns,Batu Night Spectacular
2026-09-26T14:00,28.6,29.1,29.5,28.2,27.8,bns,Batu Night Spectacular
2026-09-26T15:00,27.2,27.7,28.0,26.5,26.7,bns,Batu Night Spectacular
2026-09-26T16:00,24.9,26.2,26.4,24.9,25.1,bns,Batu Night Spectacular
2026-09-26T17:00,23.5,24.6,24.8,23.5,23.4,bns,Batu Night Spectacular
2026-09-26T18:00,22.4,22.8,23.1,22.3,21.9,bns,Batu Night Spectacular
2026-09-26T19:00,22.3,22.1,22.2,21.1,21.0,bns,Batu Night Spectacular
2026-09-26T20:00,21.6,21.4,21.6,20.7,20.3,bns,Batu Night Spectacular
2026-09-26T21:00,21.0,21.1,21.1,20.5,19.8,bns,Batu Night Spectacular
2026-09-26T22:00,20.8,21.0,20.8,20.3,19.5,bns,Batu Night Spectacular
2026-09-26T23:00,20.5,20.9,20.5,20.1,19.3,bns,Batu Night Spectacular
2026-09-27T00:00,20.3,20.5,20.1,19.9,19.3,bns,Batu Night Spectacular
2026-09-27T01:00,19.6,19.6,19.5,19.6,19.3,bns,Batu Night Spectacular
2026-09-27T02:00,19.2,19.2,19.2,19.3,19.5,bns,Batu Night Spectacular
2026-09-27T03:00,18.8,18.7,18.7,19.1,19.8,bns,Batu Night Spectacular
2026-09-27T04:00,18.4,18.7,18.4,19.3,20.3,bns,Batu Night Spectacular
2026-09-27T05:00,18.1,18.3,18.2,19.9,20.8,bns,Batu Night Spectacular
2026-09-27T06:00,19.1,19.3,19.6,21.0,21.5,bns,Batu Night Spectacular
2026-09-27T07:00,23.3,22.7,22.6,22.1,22.1,bns,Batu Night Spectacular
2026-09-27T08:00,25.5,24.9,24.8,24.2,23.1,bns,Batu Night Spectacular
2026-09-27T09:00,27.5,27.1,26.9,26.6,24.4,bns,Batu Night Spectacular
2026-09-27T10:00,28.6,28.6,28.4,28.5,25.9,bns,Batu Night Spectacular
2026-09-27T11:00,29.3,29.4,29.4,29.4,27.3,bns,Batu Night Spectacular
2026-09-27T12:00,29.9,29.8,29.8,29.8,28.3,bns,Batu Night Spectacular
2026-09-27T13:00,30.1,29.7,29.2,29.0,28.7,bns,Batu Night Spectacular
2026-09-27T14:00,28.4,28.8,28.7,28.4,28.3,bns,Batu Night Spectacular
2026-09-27T15:00,25.5,27.3,27.4,27.5,27.3,bns,Batu Night Spectacular
2026-09-27T16:00,24.4,25.2,26.0,26.4,25.9,bns,Batu Night Spectacular
2026-09-27T17:00,22.7,23.4,24.1,25.0,24.4,bns,Batu Night Spectacular
2026-09-27T18:00,21.4,22.4,22.6,23.4,23.0,bns,Batu Night Spectacular
2026-09-27T19:00,21.1,21.5,22.1,21.7,20.7,bns,Batu Night Spectacular
2026-09-27T20:00,21.1,20.9,21.7,21.1,20.1,bns,Batu Night Spectacular
2026-09-27T21:00,20.5,20.5,21.3,21.0,19.7,bns,Batu Night Spectacular
2026-09-27T22:00,20.2,20.3,20.9,20.9,19.5,bns,Batu Night Spectacular
2026-09-27T23:00,19.9,20.1,20.6,20.6,19.3,bns,Batu Night Spectacular
2026-09-28T00:00,19.7,20.0,20.3,20.3,19.3,bns,Batu Night Spectacular
2026-09-28T01:00,19.2,19.9,19.8,19.9,19.4,bns,Batu Night Spectacular
2026-09-28T02:00,18.9,19.8,19.2,19.4,19.7,bns,Batu Night Spectacular
2026-09-28T03:00,18.9,19.5,18.9,18.9,20.1,bns,Batu Night Spectacular
2026-09-28T04:00,18.6,19.1,18.6,18.9,20.7,bns,Batu Night Spectacular
2026-09-28T05:00,18.5,18.7,18.3,19.8,21.3,bns,Batu Night Spectacular
2026-09-28T06:00,19.8,19.8,19.8,21.2,22.0,bns,Batu Night Spectacular
2026-09-28T07:00,21.9,21.3,22.2,22.3,21.3,bns,Batu Night Spectacular
2026-09-28T08:00,24.0,23.4,24.3,24.4,22.1,bns,Batu Night Spectacular
2026-09-28T09:00,25.7,25.0,25.9,26.7,23.2,bns,Batu Night Spectacular
2026-09-28T10:00,27.0,26.4,27.4,28.3,24.4,bns,Batu Night Spectacular
2026-09-28T11:00,27.8,27.0,28.0,28.9,25.5,bns,Batu Night Spectacular
2026-09-28T12:00,28.4,27.6,29.1,28.7,26.3,bns,Batu Night Spectacular
2026-09-28T13:00,29.2,26.0,29.2,29.5,26.6,bns,Batu Night Spectacular
2026-09-28T14:00,28.4,23.8,27.2,27.6,26.3,bns,Batu Night Spectacular
2026-09-28T15:00,27.6,24.1,24.5,24.7,25.4,bns,Batu Night Spectacular
2026-09-28T16:00,26.3,23.3,22.4,22.5,24.3,bns,Batu Night Spectacular
2026-09-28T17:00,24.4,21.7,21.3,21.5,23.0,bns,Batu Night Spectacular
2026-09-28T18:00,22.8,21.2,21.0,21.2,21.9,bns,Batu Night Spectacular
2026-09-28T19:00,22.0,21.1,20.8,21.4,21.4,bns,Batu Night Spectacular
2026-09-28T20:00,21.3,20.6,20.6,20.7,20.8,bns,Batu Night Spectacular
2026-09-28T21:00,20.7,20.0,20.2,20.3,20.4,bns,Batu Night Spectacular
2026-09-28T22:00,20.3,19.4,19.8,19.9,20.1,bns,Batu Night Spectacular
2026-09-28T23:00,19.7,19.1,19.6,19.4,20.0,bns,Batu Night Spectacular
2026-09-21T00:00,17.0,16.6,16.8,17.1,16.4,coban_talun,"Coban Talun, Batu"
2026-09-21T01:00,16.2,15.6,16.1,15.6,16.3,coban_talun,"Coban Talun, Batu"
2026-09-21T02:00,15.6,15.2,15.6,15.2,16.5,coban_talun,"Coban Talun, Batu"
2026-09-21T03:00,15.3,15.0,15.0,15.0,16.9,coban_talun,"Coban Talun, Batu"
2026-09-21T04:00,14.8,14.6,14.8,15.3,17.6,coban_talun,"Coban Talun, Batu"
2026-09-21T05:00,14.9,14.9,14.9,16.5,18.3,coban_talun,"Coban Talun, Batu"
2026-09-21T06:00,16.2,16.3,16.2,18.3,19.3,coban_talun,"Coban Talun, Batu"
2026-09-21T07:00,20.2,20.3,19.4,20.0,20.2,coban_talun,"Coban Talun, Batu"
2026-09-21T08:00,22.5,22.3,21.8,21.8,21.4,coban_talun,"Coban Talun, Batu"
2026-09-21T09:00,24.4,24.1,24.0,23.6,22.9,coban_talun,"Coban Talun, Batu"
2026-09-21T10:00,25.5,25.8,25.5,25.0,24.5,coban_talun,"Coban Talun, Batu"
2026-09-21T11:00,26.4,26.8,26.4,26.2,25.9,coban_talun,"Coban Talun, Batu"
2026-09-21T12:00,26.8,27.1,26.8,27.0,26.9,coban_talun,"Coban Talun, Batu"
2026-09-21T13:00,27.8,27.0,27.1,26.9,27.2,coban_talun,"Coban Talun, Batu"
2026-09-21T14:00,27.2,26.6,26.0,26.2,26.7,coban_talun,"Coban Talun, Batu"
2026-09-21T15:00,26.0,26.2,25.7,25.1,25.4,coban_talun,"Coban Talun, Batu"
2026-09-21T16:00,24.2,24.4,24.3,23.7,23.7,coban_talun,"Coban Talun, Batu"
2026-09-21T17:00,22.4,22.3,22.2,22.2,21.8,coban_talun,"Coban Talun, Batu"
2026-09-21T18:00,20.3,20.3,20.1,20.4,20.2,coban_talun,"Coban Talun, Batu"
2026-09-21T19:00,20.1,19.5,19.4,19.3,18.8,coban_talun,"Coban Talun, Batu"
2026-09-21T20:00,19.1,18.9,19.1,18.5,18.0,coban_talun,"Coban Talun, Batu"
2026-09-21T21:00,18.5,18.7,18.7,18.0,17.4,coban_talun,"Coban Talun, Batu"
2026-09-21T22:00,17.9,18.3,18.4,17.7,16.9,coban_talun,"Coban Talun, Batu"
2026-09-21T23:00,17.5,17.9,17.8,17.5,16.6,coban_talun,"Coban Talun, Batu"
2026-09-22T00:00,17.4,17.4,17.1,17.4,16.5,coban_talun,"Coban Talun, Batu"
2026-09-22T01:00,17.3,17.0,16.8,17.4,16.5,coban_talun,"Coban Talun, Batu"
2026-09-22T02:00,17.4,17.1,16.6,17.1,16.7,coban_talun,"Coban Talun, Batu"
2026-09-22T03:00,16.9,17.1,16.1,16.8,17.2,coban_talun,"Coban Talun, Batu"
2026-09-22T04:00,16.2,16.7,15.9,16.9,17.8,coban_talun,"Coban Talun, Batu"
2026-09-22T05:00,16.1,16.4,15.7,17.6,18.5,coban_talun,"Coban Talun, Batu"
2026-09-22T06:00,17.3,17.4,16.9,18.7,19.3,coban_talun,"Coban Talun, Batu"
2026-09-22T07:00,20.4,20.8,20.3,20.2,20.5,coban_talun,"Coban Talun, Batu"
2026-09-22T08:00,22.2,22.5,22.2,22.2,21.6,coban_talun,"Coban Talun, Batu"
2026-09-22T09:00,24.1,24.4,23.8,24.5,23.2,coban_talun,"Coban Talun, Batu"
2026-09-22T10:00,25.6,26.0,25.2,26.4,24.9,coban_talun,"Coban Talun, Batu"
2026-09-22T11:00,26.9,27.1,26.5,27.5,26.4,coban_talun,"Coban Talun, Batu"
2026-09-22T12:00,27.6,27.7,27.1,28.0,27.5,coban_talun,"Coban Talun, Batu"
2026-09-22T13:00,28.6,27.6,27.4,27.5,27.8,coban_talun,"Coban Talun, Batu"
2026-09-22T14:00,27.7,27.4,26.6,27.0,27.2,coban_talun,"Coban Talun, Batu"
2026-09-22T15:00,26.3,26.1,26.1,26.0,25.9,coban_talun,"Coban Talun, Batu"
2026-09-22T16:00,24.5,24.5,24.7,24.8,24.0,coban_talun,"Coban Talun, Batu"
2026-09-22T17:00,22.8,22.4,22.8,23.1,22.1,coban_talun,"Coban Talun, Batu"
2026-09-22T18:00,20.7,20.4,20.9,21.1,20.4,coban_talun,"Coban Talun, Batu"
2026-09-22T19:00,20.3,19.6,19.9,19.7,19.3,coban_talun,"Coban Talun, Batu"
2026-09-22T20:00,19.1,19.0,19.2,19.0,18.5,coban_talun,"Coban Talun, Batu"
2026-09-22T21:00,17.9,18.4,18.9,18.7,17.9,coban_talun,"Coban Talun, Batu"
2026-09-22T22:00,17.3,18.0,18.6,18.6,17.4,coban_talun,"Coban Talun, Batu"
2026-09-22T23:00,16.7,17.6,18.2,18.4,17.1,coban_talun,"Coban Talun, Batu"
2026-09-23T00:00,16.2,17.3,17.9,18.3,17.0,coban_talun,"Coban Talun, Batu"
2026-09-23T01:00,16.0,17.0,16.9,17.3,17.1,coban_talun,"Coban Talun, Batu"
2026-09-23T02:00,15.7,16.8,17.0,17.0,17.3,coban_talun,"Coban Talun, Batu"
2026-09-23T03:00,15.3,16.5,17.0,16.7,17.8,coban_talun,"Coban Talun, Batu"
2026-09-23T04:00,15.0,16.2,17.2,16.8,18.4,coban_talun,"Coban Talun, Batu"
2026-09-23T05:00,14.7,15.9,17.3,17.6,19.2,coban_talun,"Coban Talun, Batu"
2026-09-23T06:00,15.1,17.0,18.3,18.8,20.0,coban_talun,"Coban Talun, Batu"
2026-09-23T07:00,19.5,19.8,20.2,19.9,20.5,coban_talun,"Coban Talun, Batu"
2026-09-23T08:00,22.1,22.2,22.3,21.9,21.5,coban_talun,"Coban Talun, Batu"
2026-09-23T09:00,23.9,24.0,24.0,24.1,22.8,coban_talun,"Coban Talun, Batu"
2026-09-23T10:00,25.1,25.6,25.5,25.7,24.3,coban_talun,"Coban Talun, Batu"
2026-09-23T11:00,26.2,26.6,26.4,26.3,25.6,coban_talun,"Coban Talun, Batu"
2026-09-23T12:00,27.1,26.9,27.1,26.3,26.5,coban_talun,"Coban Talun, Batu"
2026-09-23T13:00,27.6,27.6,27.3,26.3,26.9,coban_talun,"Coban Talun, Batu"
2026-09-23T14:00,26.8,27.0,27.0,25.7,26.4,coban_talun,"Coban Talun, Batu"
2026-09-23T15:00,26.4,26.4,26.2,24.6,25.4,coban_talun,"Coban Talun, Batu"
2026-09-23T16:00,24.4,25.0,24.6,23.4,23.9,coban_talun,"Coban Talun, Batu"
2026-09-23T17:00,22.3,22.6,22.7,22.0,22.3,coban_talun,"Coban Talun, Batu"
2026-09-23T18:00,20.4,20.5,20.7,20.5,20.9,coban_talun,"Coban Talun, Batu"
2026-09-23T19:00,20.3,19.3,20.1,19.4,19.9,coban_talun,"Coban Talun, Batu"
2026-09-23T20:00,19.3,18.7,19.2,18.7,19.2,coban_talun,"Coban Talun, Batu"
2026-09-23T21:00,18.6,17.9,18.7,18.3,18.6,coban_talun,"Coban Talun, Batu"
2026-09-23T22:00,18.0,17.3,18.1,17.9,18.2,coban_talun,"Coban Talun, Batu"
2026-09-23T23:00,17.4,16.8,17.8,17.7,17.9,coban_talun,"Coban Talun, Batu"
2026-09-24T00:00,16.9,17.0,17.5,17.5,17.7,coban_talun,"Coban Talun, Batu"
2026-09-24T01:00,16.6,16.5,17.4,17.6,17.7,coban_talun,"Coban Talun, Batu"
2026-09-24T02:00,16.1,16.1,17.3,17.1,17.8,coban_talun,"Coban Talun, Batu"
2026-09-24T03:00,15.8,15.9,17.2,16.5,18.1,coban_talun,"Coban Talun, Batu"
2026-09-24T04:00,15.5,15.5,16.8,16.5,18.6,coban_talun,"Coban Talun, Batu"
2026-09-24T05:00,15.5,15.8,16.5,17.3,19.2,coban_talun,"Coban Talun, Batu"
2026-09-24T06:00,16.9,17.0,17.5,18.7,19.9,coban_talun,"Coban Talun, Batu"
2026-09-24T07:00,21.7,21.1,21.2,20.0,21.0,coban_talun,"Coban Talun, Batu"
2026-09-24T08:00,24.0,23.6,24.0,22.1,22.1,coban_talun,"Coban Talun, Batu"
2026-09-24T09:00,26.0,25.9,26.1,24.4,23.6,coban_talun,"Coban Talun, Batu"
2026-09-24T10:00,27.1,27.5,27.2,26.2,25.1,coban_talun,"Coban Talun, Batu"
2026-09-24T11:00,28.0,28.5,28.2,27.1,26.6,coban_talun,"Coban Talun, Batu"
2026-09-24T12:00,28.7,29.0,28.6,27.4,27.6,coban_talun,"Coban Talun, Batu"
2026-09-24T13:00,29.1,28.3,28.2,27.6,27.9,coban_talun,"Coban Talun, Batu"
2026-09-24T14:00,27.6,27.5,27.6,27.1,27.4,coban_talun,"Coban Talun, Batu"
2026-09-24T15:00,26.3,26.3,26.6,26.1,26.3,coban_talun,"Coban Talun, Batu"
2026-09-24T16:00,24.7,24.7,25.0,24.9,24.7,coban_talun,"Coban Talun, Batu"
2026-09-24T17:00,23.0,22.7,23.3,23.3,23.0,coban_talun,"Coban Talun, Batu"
2026-09-24T18:00,21.3,20.7,21.5,21.6,21.4,coban_talun,"Coban Talun, Batu"
2026-09-24T19:00,20.5,19.8,20.4,20.0,20.1,coban_talun,"Coban Talun, Batu"
2026-09-24T20:00,19.6,19.3,20.1,19.3,19.3,coban_talun,"Coban Talun, Batu"
2026-09-24T21:00,18.7,18.9,19.5,18.9,18.6,coban_talun,"Coban Talun, Batu"
2026-09-24T22:00,18.1,18.6,19.0,18.5,18.2,coban_talun,"Coban Talun, Batu"
2026-09-24T23:00,17.7,18.4,18.6,18.2,17.8,coban_talun,"Coban Talun, Batu"
2026-09-25T00:00,17.3,18.1,18.4,18.0,17.7,coban_talun,"Coban Talun, Batu"
2026-09-25T01:00,17.4,17.7,17.7,18.1,17.7,coban_talun,"Coban Talun, Batu"
2026-09-25T02:00,17.3,17.5,17.4,17.8,17.9,coban_talun,"Coban Talun, Batu"
2026-09-25T03:00,17.1,17.3,17.2,17.5,18.4,coban_talun,"Coban Talun, Batu"
2026-09-25T04:00,16.9,17.2,17.2,17.7,19.0,coban_talun,"Coban Talun, Batu"
2026-09-25T05:00,16.7,16.9,17.1,18.5,19.7,coban_talun,"Coban Talun, Batu"
2026-09-25T06:00,17.8,18.1,18.4,19.7,20.5,coban_talun,"Coban Talun, Batu"
2026-09-25T07:00,22.3,22.0,21.8,21.4,21.2,coban_talun,"Coban Talun, Batu"
2026-09-25T08:00,24.8,24.8,24.2,23.5,22.2,coban_talun,"Coban Talun, Batu"
2026-09-25T09:00,26.7,26.9,26.3,25.8,23.6,coban_talun,"Coban Talun, Batu"
2026-09-25T10:00,28.0,28.4,27.8,27.5,25.0,coban_talun,"Coban Talun, Batu"
2026-09-25T11:00,28.5,29.1,28.6,28.5,26.2,coban_talun,"Coban Talun, Batu"
2026-09-25T12:00,28.7,29.0,28.7,28.9,27.1,coban_talun,"Coban Talun, Batu"
2026-09-25T13:00,28.8,28.4,28.0,28.6,27.4,coban_talun,"Coban Talun, Batu"
2026-09-25T14:00,28.1,27.4,27.2,27.5,26.9,coban_talun,"Coban Talun, Batu"
2026-09-25T15:00,27.1,26.3,26.5,26.0,25.8,coban_talun,"Coban Talun, Batu"
2026-09-25T16:00,25.4,25.1,25.3,24.4,24.3,coban_talun,"Coban Talun, Batu"
2026-09-25T17:00,23.3,23.5,23.6,23.0,22.8,coban_talun,"Coban Talun, Batu"
2026-09-25T18:00,21.6,21.6,21.8,21.7,21.3,coban_talun,"Coban Talun, Batu"
2026-09-25T19:00,21.1,20.9,20.8,20.3,19.9,coban_talun,"Coban Talun, Batu"
2026-09-25T20:00,20.5,20.2,20.3,19.7,19.2,coban_talun,"Coban Talun, Batu"
2026-09-25T21:00,20.0,19.6,19.8,19.3,18.7,coban_talun,"Coban Talun, Batu"
2026-09-25T22:00,19.5,19.0,19.5,19.0,18.4,coban_talun,"Coban Talun, Batu"
2026-09-25T23:00,19.1,18.4,19.2,18.7,18.2,coban_talun,"Coban Talun, Batu"
2026-09-26T00:00,18.8,18.1,18.7,18.5,18.2,coban_talun,"Coban Talun, Batu"
2026-09-26T01:00,18.6,17.4,18.2,18.1,18.3,coban_talun,"Coban Talun, Batu"
2026-09-26T02:00,18.3,17.2,17.9,17.7,18.4,coban_talun,"Coban Talun, Batu"
2026-09-26T03:00,18.0,17.2,17.8,17.3,18.8,coban_talun,"Coban Talun, Batu"
2026-09-26T04:00,17.6,17.1,17.7,17.5,19.2,coban_talun,"Coban Talun, Batu"
2026-09-26T05:00,17.2,16.9,17.6,18.5,19.7,coban_talun,"Coban Talun, Batu"
2026-09-26T06:00,18.1,18.1,19.0,19.9,20.3,coban_talun,"Coban Talun, Batu"
2026-09-26T07:00,23.0,22.8,22.3,22.1,20.7,coban_talun,"Coban Talun, Batu"
2026-09-26T08:00,25.5,25.3,24.6,23.9,21.7,coban_talun,"Coban Talun, Batu"
2026-09-26T09:00,27.3,27.1,26.4,25.9,23.1,coban_talun,"Coban Talun, Batu"
2026-09-26T10:00,28.4,28.5,27.5,27.4,24.6,coban_talun,"Coban Talun, Batu"
2026-09-26T11:00,28.8,29.3,28.1,28.2,26.0,coban_talun,"Coban Talun, Batu"
2026-09-26T12:00,29.0,29.4,28.5,28.6,26.9,coban_talun,"Coban Talun, Batu"
2026-09-26T13:00,29.2,29.0,28.9,28.3,27.3,coban_talun,"Coban Talun, Batu"
2026-09-26T14:00,27.5,28.1,28.4,27.1,26.8,coban_talun,"Coban Talun, Batu"
2026-09-26T15:00,26.1,26.7,26.9,25.4,25.6,coban_talun,"Coban Talun, Batu"
2026-09-26T16:00,23.9,25.2,25.4,23.8,24.1,coban_talun,"Coban Talun, Batu"
2026-09-26T17:00,22.5,23.5,23.7,22.5,22.4,coban_talun,"Coban Talun, Batu"
2026-09-26T18:00,21.3,21.7,22.0,21.3,20.9,coban_talun,"Coban Talun, Batu"
2026-09-26T19:00,21.2,21.1,21.1,20.1,20.0,coban_talun,"Coban Talun, Batu"
2026-09-26T20:00,20.5,20.4,20.5,19.6,19.3,coban_talun,"Coban Talun, Batu"
2026-09-26T21:00,20.0,20.1,20.1,19.5,18.7,coban_talun,"Coban Talun, Batu"
2026-09-26T22:00,19.8,20.0,19.7,19.3,18.4,coban_talun,"Coban Talun, Batu"
2026-09-26T23:00,19.5,19.8,19.4,19.0,18.3,coban_talun,"Coban Talun, Batu"
2026-09-27T00:00,19.2,19.4,19.0,18.8,18.2,coban_talun,"Coban Talun, Batu"
2026-09-27T01:00,18.5,18.5,18.5,18.6,18.3,coban_talun,"Coban Talun, Batu"
2026-09-27T02:00,18.2,18.1,18.2,18.3,18.5,coban_talun,"Coban Talun, Batu"
2026-09-27T03:00,17.8,17.7,17.6,18.1,18.8,coban_talun,"Coban Talun, Batu"
2026-09-27T04:00,17.4,17.6,17.3,18.2,19.2,coban_talun,"Coban Talun, Batu"
2026-09-27T05:00,17.0,17.3,17.1,18.9,19.8,coban_talun,"Coban Talun, Batu"
2026-09-27T06:00,18.0,18.3,18.6,19.9,20.5,coban_talun,"Coban Talun, Batu"
2026-09-27T07:00,22.3,21.6,21.5,21.1,21.0,coban_talun,"Coban Talun, Batu"
2026-09-27T08:00,24.5,23.9,23.7,23.2,22.0,coban_talun,"Coban Talun, Batu"
2026-09-27T09:00,26.4,26.1,25.8,25.6,23.4,coban_talun,"Coban Talun, Batu"
2026-09-27T10:00,27.5,27.5,27.4,27.4,24.9,coban_talun,"Coban Talun, Batu"
2026-09-27T11:00,28.2,28.3,28.3,28.4,26.2,coban_talun,"Coban Talun, Batu"
2026-09-27T12:00,28.9,28.8,28.8,28.7,27.2,coban_talun,"Coban Talun, Batu"
2026-09-27T13:00,29.1,28.6,28.2,27.9,27.6,coban_talun,"Coban Talun, Batu"
2026-09-27T14:00,27.4,27.8,27.7,27.4,27.2,coban_talun,"Coban Talun, Batu"
2026-09-27T15:00,24.4,26.2,26.4,26.4,26.2,coban_talun,"Coban Talun, Batu"
2026-09-27T16:00,23.3,24.1,25.0,25.3,24.8,coban_talun,"Coban Talun, Batu"
2026-09-27T17:00,21.6,22.3,23.1,23.9,23.3,coban_talun,"Coban Talun, Batu"
2026-09-27T18:00,20.4,21.3,21.6,22.4,21.9,coban_talun,"Coban Talun, Batu"
2026-09-27T19:00,20.1,20.5,21.0,20.6,19.7,coban_talun,"Coban Talun, Batu"
2026-09-27T20:00,20.0,19.9,20.6,20.1,19.1,coban_talun,"Coban Talun, Batu"
2026-09-27T21:00,19.4,19.4,20.3,19.9,18.7,coban_talun,"Coban Talun, Batu"
2026-09-27T22:00,19.2,19.2,19.9,19.8,18.4,coban_talun,"Coban Talun, Batu"
2026-09-27T23:00,18.9,19.1,19.6,19.5,18.3,coban_talun,"Coban Talun, Batu"
2026-09-28T00:00,18.6,18.9,19.2,19.3,18.3,coban_talun,"Coban Talun, Batu"
2026-09-28T01:00,18.2,18.8,18.7,18.9,18.4,coban_talun,"Coban Talun, Batu"
2026-09-28T02:00,17.9,18.7,18.2,18.4,18.6,coban_talun,"Coban Talun, Batu"
2026-09-28T03:00,17.8,18.4,17.9,17.8,19.1,coban_talun,"Coban Talun, Batu"
2026-09-28T04:00,17.6,18.0,17.5,17.8,19.6,coban_talun,"Coban Talun, Batu"
2026-09-28T05:00,17.4,17.6,17.3,18.7,20.3,coban_talun,"Coban Talun, Batu"
2026-09-28T06:00,18.7,18.7,18.7,20.2,21.0,coban_talun,"Coban Talun, Batu"
2026-09-28T07:00,20.9,20.3,21.2,21.3,20.2,coban_talun,"Coban Talun, Batu"
2026-09-28T08:00,22.9,22.4,23.3,23.3,21.0,coban_talun,"Coban Talun, Batu"
2026-09-28T09:00,24.6,23.9,24.9,25.6,22.2,coban_talun,"Coban Talun, Batu"
2026-09-28T10:00,25.9,25.3,26.3,27.3,23.4,coban_talun,"Coban Talun, Batu"
2026-09-28T11:00,26.8,25.9,27.0,27.8,24.5,coban_talun,"Coban Talun, Batu"
2026-09-28T12:00,27.4,26.6,28.1,27.7,25.3,coban_talun,"Coban Talun, Batu"
2026-09-28T13:00,28.2,24.9,28.2,28.5,25.6,coban_talun,"Coban Talun, Batu"
2026-09-28T14:00,27.3,22.7,26.1,26.5,25.2,coban_talun,"Coban Talun, Batu"
2026-09-28T15:00,26.6,23.0,23.4,23.7,24.4,coban_talun,"Coban Talun, Batu"
2026-09-28T16:00,25.3,22.2,21.4,21.4,23.2,coban_talun,"Coban Talun, Batu"
2026-09-28T17:00,23.4,20.6,20.2,20.5,22.0,coban_talun,"Coban Talun, Batu"
2026-09-28T18:00,21.7,20.2,19.9,20.1,20.8,coban_talun,"Coban Talun, Batu"
2026-09-28T19:00,21.0,20.1,19.8,20.4,20.4,coban_talun,"Coban Talun, Batu"
2026-09-28T20:00,20.3,19.5,19.6,19.7,19.8,coban_talun,"Coban Talun, Batu"
2026-09-28T21:00,19.6,18.9,19.2,19.3,19.4,coban_talun,"Coban Talun, Batu"
2026-09-28T22:00,19.2,18.4,18.7,18.9,19.1,coban_talun,"Coban Talun, Batu"
2026-09-28T23:00,18.6,18.1,18.5,18.3,19.0,coban_talun,"Coban Talun, Batu"
2026-09-21T00:00,14.9,14.4,14.9,15.9,14.1,panderman,Gunung Panderman
2026-09-21T01:00,14.6,13.5,14.6,13.9,14.2,panderman,Gunung Panderman
2026-09-21T02:00,13.9,13.2,14.1,13.6,14.6,panderman,Gunung Panderman
2026-09-21T03:00,13.5,12.9,13.4,13.3,15.3,panderman,Gunung Panderman
2026-09-21T04:00,13.3,12.8,13.2,13.7,16.2,panderman,Gunung Panderman
2026-09-21T05:00,13.3,13.3,13.1,14.9,17.1,panderman,Gunung Panderman
2026-09-21T06:00,14.9,15.0,14.7,16.7,18.0,panderman,Gunung Panderman
2026-09-21T07:00,18.9,18.5,17.7,18.3,18.7,panderman,Gunung Panderman
2026-09-21T08:00,21.0,20.6,19.9,20.3,19.7,panderman,Gunung Panderman
2026-09-21T09:00,22.6,22.5,22.3,22.5,20.8,panderman,Gunung Panderman
2026-09-21T10:00,23.9,24.0,24.1,24.0,21.9,panderman,Gunung Panderman
2026-09-21T11:00,24.3,24.3,23.8,24.8,22.9,panderman,Gunung Panderman
2026-09-21T12:00,24.2,23.3,22.2,24.9,23.5,panderman,Gunung Panderman
2026-09-21T13:00,23.7,21.9,22.6,23.5,23.5,panderman,Gunung Panderman
2026-09-21T14:00,22.9,20.6,22.2,22.4,22.8,panderman,Gunung Panderman
2026-09-21T15:00,22.5,20.4,22.0,20.9,21.5,panderman,Gunung Panderman
2026-09-21T16:00,21.1,19.9,21.3,19.5,19.8,panderman,Gunung Panderman
2026-09-21T17:00,19.5,18.7,19.7,18.4,18.0,panderman,Gunung Panderman
2026-09-21T18:00,16.6,16.7,16.9,17.3,16.5,panderman,Gunung Panderman
2026-09-21T19:00,16.7,16.3,16.5,16.4,16.0,panderman,Gunung Panderman
2026-09-21T20:00,15.7,16.0,16.3,15.7,15.3,panderman,Gunung Panderman
2026-09-21T21:00,15.0,16.3,16.0,15.2,14.8,panderman,Gunung Panderman
2026-09-21T22:00,14.6,16.5,15.8,14.9,14.5,panderman,Gunung Panderman
2026-09-21T23:00,14.6,16.4,15.4,14.9,14.3,panderman,Gunung Panderman
2026-09-22T00:00,15.2,16.1,14.8,15.0,14.3,panderman,Gunung Panderman
2026-09-22T01:00,16.2,15.8,14.5,15.2,14.5,panderman,Gunung Panderman
2026-09-22T02:00,15.8,15.5,14.5,14.9,14.9,panderman,Gunung Panderman
2026-09-22T03:00,14.8,15.3,13.9,14.6,15.6,panderman,Gunung Panderman
2026-09-22T04:00,14.4,15.1,14.0,14.7,16.4,panderman,Gunung Panderman
2026-09-22T05:00,14.7,14.8,13.9,15.6,17.4,panderman,Gunung Panderman
2026-09-22T06:00,16.2,15.7,15.6,16.9,18.3,panderman,Gunung Panderman
2026-09-22T07:00,18.8,19.2,18.6,18.0,18.9,panderman,Gunung Panderman
2026-09-22T08:00,20.9,21.4,21.2,20.0,19.8,panderman,Gunung Panderman
2026-09-22T09:00,22.8,23.1,23.1,22.4,20.9,panderman,Gunung Panderman
2026-09-22T10:00,24.2,24.2,24.2,24.1,22.1,panderman,Gunung Panderman
2026-09-22T11:00,24.7,24.8,24.1,24.7,23.1,panderman,Gunung Panderman
2026-09-22T12:00,25.0,24.8,24.1,24.7,23.8,panderman,Gunung Panderman
2026-09-22T13:00,25.3,24.7,24.1,22.8,23.8,panderman,Gunung Panderman
2026-09-22T14:00,24.7,23.7,23.3,21.9,23.1,panderman,Gunung Panderman
2026-09-22T15:00,23.3,22.2,22.4,20.8,21.7,panderman,Gunung Panderman
2026-09-22T16:00,22.1,21.3,21.6,19.7,19.9,panderman,Gunung Panderman
2026-09-22T17:00,20.2,19.7,19.8,18.3,18.1,panderman,Gunung Panderman
2026-09-22T18:00,17.6,16.7,17.4,16.9,16.4,panderman,Gunung Panderman
2026-09-22T19:00,17.4,16.3,16.3,15.7,16.1,panderman,Gunung Panderman
2026-09-22T20:00,16.4,16.2,15.9,15.5,15.5,panderman,Gunung Panderman
2026-09-22T21:00,15.6,16.3,16.0,16.1,15.2,panderman,Gunung Panderman
2026-09-22T22:00,15.1,16.1,16.0,16.4,15.0,panderman,Gunung Panderman
2026-09-22T23:00,14.5,15.8,16.1,16.4,14.9,panderman,Gunung Panderman
2026-09-23T00:00,14.0,15.6,15.8,16.2,15.1,panderman,Gunung Panderman
2026-09-23T01:00,14.1,15.2,14.7,16.0,15.3,panderman,Gunung Panderman
2026-09-23T02:00,13.6,15.0,14.7,15.8,15.7,panderman,Gunung Panderman
2026-09-23T03:00,13.7,14.6,14.5,15.6,16.2,panderman,Gunung Panderman
2026-09-23T04:00,13.3,14.4,14.8,15.7,16.9,panderman,Gunung Panderman
2026-09-23T05:00,12.9,14.2,15.1,16.2,17.7,panderman,Gunung Panderman
2026-09-23T06:00,13.6,15.6,16.1,17.0,18.5,panderman,Gunung Panderman
2026-09-23T07:00,18.5,18.2,18.7,18.0,18.8,panderman,Gunung Panderman
2026-09-23T08:00,20.6,20.5,21.1,20.2,19.2,panderman,Gunung Panderman
2026-09-23T09:00,22.3,22.2,22.8,22.8,19.7,panderman,Gunung Panderman
2026-09-23T10:00,23.7,23.7,24.2,24.1,20.1,panderman,Gunung Panderman
2026-09-23T11:00,24.4,24.4,23.7,23.1,20.4,panderman,Gunung Panderman
2026-09-23T12:00,24.2,22.5,23.8,20.8,20.5,panderman,Gunung Panderman
2026-09-23T13:00,24.1,23.7,23.4,20.0,20.5,panderman,Gunung Panderman
2026-09-23T14:00,23.3,22.2,23.7,19.8,20.1,panderman,Gunung Panderman
2026-09-23T15:00,23.0,21.9,23.1,19.9,19.5,panderman,Gunung Panderman
2026-09-23T16:00,22.2,21.5,21.6,19.8,18.7,panderman,Gunung Panderman
2026-09-23T17:00,20.1,20.0,19.8,18.8,17.8,panderman,Gunung Panderman
2026-09-23T18:00,17.3,16.8,17.1,17.5,17.0,panderman,Gunung Panderman
2026-09-23T19:00,17.3,15.7,16.8,16.5,16.1,panderman,Gunung Panderman
2026-09-23T20:00,16.4,15.3,16.1,16.1,15.7,panderman,Gunung Panderman
2026-09-23T21:00,15.8,14.8,15.8,15.8,15.4,panderman,Gunung Panderman
2026-09-23T22:00,15.3,14.5,15.5,15.6,15.2,panderman,Gunung Panderman
2026-09-23T23:00,14.8,14.2,15.4,15.5,15.0,panderman,Gunung Panderman
2026-09-24T00:00,14.2,14.2,15.2,15.4,15.1,panderman,Gunung Panderman
2026-09-24T01:00,14.0,13.4,15.4,15.6,15.2,panderman,Gunung Panderman
2026-09-24T02:00,13.6,13.0,15.2,14.9,15.6,panderman,Gunung Panderman
2026-09-24T03:00,13.2,13.0,15.0,14.2,16.3,panderman,Gunung Panderman
2026-09-24T04:00,13.1,13.3,14.6,14.1,17.1,panderman,Gunung Panderman
2026-09-24T05:00,13.5,13.9,14.7,15.3,17.9,panderman,Gunung Panderman
2026-09-24T06:00,15.4,15.4,15.1,17.1,18.7,panderman,Gunung Panderman
2026-09-24T07:00,19.9,19.5,18.3,18.6,18.5,panderman,Gunung Panderman
2026-09-24T08:00,21.8,21.6,21.4,20.6,18.9,panderman,Gunung Panderman
2026-09-24T09:00,23.4,23.4,23.3,22.7,19.4,panderman,Gunung Panderman
2026-09-24T10:00,24.8,24.7,24.3,23.8,19.9,panderman,Gunung Panderman
2026-09-24T11:00,25.1,24.7,24.6,23.2,20.3,panderman,Gunung Panderman
2026-09-24T12:00,24.6,23.1,23.0,21.7,20.5,panderman,Gunung Panderman
2026-09-24T13:00,24.1,21.5,21.4,20.6,20.5,panderman,Gunung Panderman
2026-09-24T14:00,21.9,22.5,21.0,20.1,20.3,panderman,Gunung Panderman
2026-09-24T15:00,21.2,23.1,21.0,19.9,19.8,panderman,Gunung Panderman
2026-09-24T16:00,20.9,21.8,20.6,19.5,19.2,panderman,Gunung Panderman
2026-09-24T17:00,19.5,20.0,19.5,18.6,18.5,panderman,Gunung Panderman
2026-09-24T18:00,17.2,17.3,17.3,17.4,17.9,panderman,Gunung Panderman
2026-09-24T19:00,17.1,16.3,16.7,16.6,17.5,panderman,Gunung Panderman
2026-09-24T20:00,16.5,16.0,16.4,16.1,16.9,panderman,Gunung Panderman
2026-09-24T21:00,16.0,15.8,16.2,15.9,16.4,panderman,Gunung Panderman
2026-09-24T22:00,15.5,15.4,16.0,15.8,15.9,panderman,Gunung Panderman
2026-09-24T23:00,15.1,15.4,15.8,15.7,15.6,panderman,Gunung Panderman
2026-09-25T00:00,14.8,15.2,15.7,15.7,15.4,panderman,Gunung Panderman
2026-09-25T01:00,14.9,14.7,15.4,15.8,15.4,panderman,Gunung Panderman
2026-09-25T02:00,14.5,14.5,15.3,15.4,15.6,panderman,Gunung Panderman
2026-09-25T03:00,14.3,14.5,15.3,15.0,16.2,panderman,Gunung Panderman
2026-09-25T04:00,14.5,14.6,15.3,15.0,16.8,panderman,Gunung Panderman
2026-09-25T05:00,14.7,14.3,15.1,15.7,17.6,panderman,Gunung Panderman
2026-09-25T06:00,16.3,15.5,15.8,16.9,18.2,panderman,Gunung Panderman
2026-09-25T07:00,20.0,20.0,19.8,18.1,18.5,panderman,Gunung Panderman
2026-09-25T08:00,22.5,22.7,21.6,20.3,19.1,panderman,Gunung Panderman
2026-09-25T09:00,24.0,24.2,24.0,22.9,19.7,panderman,Gunung Panderman
2026-09-25T10:00,25.1,24.9,25.0,24.5,20.3,panderman,Gunung Panderman
2026-09-25T11:00,24.4,24.9,24.8,24.5,20.8,panderman,Gunung Panderman
2026-09-25T12:00,23.3,23.0,24.2,23.6,21.1,panderman,Gunung Panderman
2026-09-25T13:00,21.9,21.9,20.1,21.8,21.2,panderman,Gunung Panderman
2026-09-25T14:00,23.1,22.3,20.9,21.2,20.9,panderman,Gunung Panderman
2026-09-25T15:00,22.1,22.0,20.8,20.9,20.3,panderman,Gunung Panderman
2026-09-25T16:00,20.8,21.4,20.1,20.2,19.5,panderman,Gunung Panderman
2026-09-25T17:00,19.6,20.0,19.0,19.0,18.6,panderman,Gunung Panderman
2026-09-25T18:00,17.5,17.3,16.9,17.5,17.9,panderman,Gunung Panderman
2026-09-25T19:00,17.1,16.8,16.6,16.7,17.1,panderman,Gunung Panderman
2026-09-25T20:00,16.9,16.6,16.4,16.2,16.7,panderman,Gunung Panderman
2026-09-25T21:00,17.2,16.5,16.4,15.9,16.4,panderman,Gunung Panderman
2026-09-25T22:00,16.7,16.1,16.2,15.7,16.4,panderman,Gunung Panderman
2026-09-25T23:00,16.4,15.9,16.1,15.7,16.5,panderman,Gunung Panderman
2026-09-26T00:00,16.1,15.9,15.9,15.9,16.7,panderman,Gunung Panderman
2026-09-26T01:00,15.8,15.2,15.9,15.6,16.8,panderman,Gunung Panderman
2026-09-26T02:00,15.7,15.0,15.6,15.4,16.9,panderman,Gunung Panderman
2026-09-26T03:00,15.6,15.1,15.4,15.2,17.1,panderman,Gunung Panderman
2026-09-26T04:00,15.4,15.3,15.3,15.5,17.3,panderman,Gunung Panderman
2026-09-26T05:00,15.0,15.2,15.4,16.5,17.6,panderman,Gunung Panderman
2026-09-26T06:00,15.9,16.4,16.6,18.0,17.9,panderman,Gunung Panderman
2026-09-26T07:00,19.5,20.4,20.5,19.0,18.7,panderman,Gunung Panderman
2026-09-26T08:00,22.4,22.8,22.9,20.8,19.2,panderman,Gunung Panderman
2026-09-26T09:00,24.2,24.3,24.3,23.0,19.7,panderman,Gunung Panderman
2026-09-26T10:00,25.1,24.9,24.8,24.3,20.3,panderman,Gunung Panderman
2026-09-26T11:00,24.9,25.0,25.1,24.4,20.7,panderman,Gunung Panderman
2026-09-26T12:00,23.3,25.2,25.1,23.7,21.0,panderman,Gunung Panderman
2026-09-26T13:00,21.1,22.2,24.8,25.3,21.0,panderman,Gunung Panderman
2026-09-26T14:00,20.9,22.1,22.6,23.9,20.7,panderman,Gunung Panderman
2026-09-26T15:00,21.3,22.2,20.6,21.9,20.1,panderman,Gunung Panderman
2026-09-26T16:00,20.6,21.8,19.7,20.0,19.3,panderman,Gunung Panderman
2026-09-26T17:00,19.3,19.9,18.9,18.4,18.5,panderman,Gunung Panderman
2026-09-26T18:00,17.1,17.4,17.5,17.0,17.8,panderman,Gunung Panderman
2026-09-26T19:00,17.4,17.0,16.5,16.9,16.8,panderman,Gunung Panderman
2026-09-26T20:00,16.8,16.7,16.5,16.4,16.5,panderman,Gunung Panderman
2026-09-26T21:00,16.5,16.6,16.4,16.3,16.2,panderman,Gunung Panderman
2026-09-26T22:00,16.2,16.3,16.3,16.2,16.1,panderman,Gunung Panderman
2026-09-26T23:00,15.7,16.3,16.1,16.2,16.2,panderman,Gunung Panderman
2026-09-27T00:00,15.3,16.2,16.1,16.3,16.3,panderman,Gunung Panderman
2026-09-27T01:00,14.7,15.5,16.3,16.4,16.4,panderman,Gunung Panderman
2026-09-27T02:00,15.1,15.7,16.1,16.3,16.7,panderman,Gunung Panderman
2026-09-27T03:00,15.3,15.8,15.6,16.0,17.1,panderman,Gunung Panderman
2026-09-27T04:00,15.5,15.8,15.1,16.1,17.5,panderman,Gunung Panderman
2026-09-27T05:00,15.6,15.5,14.9,16.7,18.1,panderman,Gunung Panderman
2026-09-27T06:00,16.6,16.6,16.3,17.5,18.6,panderman,Gunung Panderman
2026-09-27T07:00,20.0,19.5,19.5,19.3,19.4,panderman,Gunung Panderman
2026-09-27T08:00,22.0,21.7,21.8,21.2,19.8,panderman,Gunung Panderman
2026-09-27T09:00,23.8,23.5,23.6,23.1,20.3,panderman,Gunung Panderman
2026-09-27T10:00,24.6,24.5,24.6,24.3,20.7,panderman,Gunung Panderman
2026-09-27T11:00,25.0,24.8,24.8,24.2,21.1,panderman,Gunung Panderman
2026-09-27T12:00,23.6,22.4,24.8,23.3,21.2,panderman,Gunung Panderman
2026-09-27T13:00,20.7,21.2,20.6,22.5,21.2,panderman,Gunung Panderman
2026-09-27T14:00,20.2,20.9,19.9,21.8,20.8,panderman,Gunung Panderman
2026-09-27T15:00,19.7,21.4,19.7,21.1,20.2,panderman,Gunung Panderman
2026-09-27T16:00,20.9,20.5,19.7,20.2,19.4,panderman,Gunung Panderman
2026-09-27T17:00,18.3,18.9,18.7,18.8,18.5,panderman,Gunung Panderman
2026-09-27T18:00,17.1,17.1,17.3,17.2,17.7,panderman,Gunung Panderman
2026-09-27T19:00,16.9,16.5,16.7,16.4,17.2,panderman,Gunung Panderman
2026-09-27T20:00,16.7,16.1,16.6,16.0,16.9,panderman,Gunung Panderman
2026-09-27T21:00,16.6,15.9,16.8,16.1,16.6,panderman,Gunung Panderman
2026-09-27T22:00,16.2,15.9,16.6,16.2,16.3,panderman,Gunung Panderman
2026-09-27T23:00,16.0,15.9,16.3,16.2,16.1,panderman,Gunung Panderman
2026-09-28T00:00,16.0,16.0,16.2,16.2,16.0,panderman,Gunung Panderman
2026-09-28T01:00,15.8,15.9,16.1,15.7,16.1,panderman,Gunung Panderman
2026-09-28T02:00,15.7,15.9,15.9,15.3,16.4,panderman,Gunung Panderman
2026-09-28T03:00,15.8,16.0,15.9,14.9,17.0,panderman,Gunung Panderman
2026-09-28T04:00,15.8,15.6,16.0,15.2,17.6,panderman,Gunung Panderman
2026-09-28T05:00,16.0,15.0,16.0,16.6,18.4,panderman,Gunung Panderman
2026-09-28T06:00,16.9,16.2,17.2,18.6,19.0,panderman,Gunung Panderman
2026-09-28T07:00,18.8,19.2,19.4,19.1,19.0,panderman,Gunung Panderman
2026-09-28T08:00,21.2,21.7,22.1,20.9,19.6,panderman,Gunung Panderman
2026-09-28T09:00,23.3,23.5,23.8,22.8,20.3,panderman,Gunung Panderman
2026-09-28T10:00,24.3,22.4,25.0,24.0,21.0,panderman,Gunung Panderman
2026-09-28T11:00,23.2,21.5,23.2,23.8,21.6,panderman,Gunung Panderman
2026-09-28T12:00,20.8,21.0,21.6,22.8,21.9,panderman,Gunung Panderman
2026-09-28T13:00,20.3,18.9,20.2,22.8,22.0,panderman,Gunung Panderman
2026-09-28T14:00,23.1,18.1,19.1,21.4,21.7,panderman,Gunung Panderman
2026-09-28T15:00,22.4,19.1,18.4,19.8,21.0,panderman,Gunung Panderman
2026-09-28T16:00,20.3,18.8,18.5,18.5,20.2,panderman,Gunung Panderman
2026-09-28T17:00,18.9,17.5,17.5,17.8,19.2,panderman,Gunung Panderman
2026-09-28T18:00,17.9,17.4,17.0,17.3,18.4,panderman,Gunung Panderman
2026-09-28T19:00,17.5,16.9,17.3,17.4,17.7,panderman,Gunung Panderman
2026-09-28T20:00,17.2,16.7,16.9,17.0,17.4,panderman,Gunung Panderman
2026-09-28T21:00,16.9,16.4,16.6,16.6,17.1,panderman,Gunung Panderman
2026-09-28T22:00,16.5,15.9,16.4,16.3,16.8,panderman,Gunung Panderman
2026-09-28T23:00,15.9,15.6,16.2,16.0,16.6,panderman,Gunung Panderman
2026-09-21T00:00,11.8,10.8,11.5,11.7,10.7,bromo,Gunung Bromo (kawah)
2026-09-21T01:00,11.6,11.7,11.9,11.7,10.8,bromo,Gunung Bromo (kawah)
2026-09-21T02:00,11.6,11.2,11.0,11.2,11.2,bromo,Gunung Bromo (kawah)
2026-09-21T03:00,11.4,10.8,10.3,10.3,11.8,bromo,Gunung Bromo (kawah)
2026-09-21T04:00,11.2,10.6,10.0,10.2,12.6,bromo,Gunung Bromo (kawah)
2026-09-21T05:00,11.1,10.5,9.8,11.5,13.4,bromo,Gunung Bromo (kawah)
2026-09-21T06:00,12.3,11.9,11.3,13.6,14.3,bromo,Gunung Bromo (kawah)
2026-09-21T07:00,14.4,14.9,14.7,15.3,15.1,bromo,Gunung Bromo (kawah)
2026-09-21T08:00,15.9,17.0,16.8,17.0,16.0,bromo,Gunung Bromo (kawah)
2026-09-21T09:00,17.5,18.2,18.3,18.6,17.0,bromo,Gunung Bromo (kawah)
2026-09-21T10:00,18.5,19.2,19.3,19.7,18.0,bromo,Gunung Bromo (kawah)
2026-09-21T11:00,18.3,19.5,18.7,19.8,18.9,bromo,Gunung Bromo (kawah)
2026-09-21T12:00,17.0,19.2,17.8,19.4,19.4,bromo,Gunung Bromo (kawah)
2026-09-21T13:00,17.6,18.7,18.2,17.6,19.4,bromo,Gunung Bromo (kawah)
2026-09-21T14:00,18.0,18.3,17.8,17.0,18.6,bromo,Gunung Bromo (kawah)
2026-09-21T15:00,17.4,17.4,16.9,16.3,17.1,bromo,Gunung Bromo (kawah)
2026-09-21T16:00,15.7,16.1,16.0,15.5,15.3,bromo,Gunung Bromo (kawah)
2026-09-21T17:00,13.8,14.3,14.4,14.6,13.4,bromo,Gunung Bromo (kawah)
2026-09-21T18:00,12.1,11.5,12.1,13.7,11.8,bromo,Gunung Bromo (kawah)
2026-09-21T19:00,11.9,11.2,12.2,11.7,11.6,bromo,Gunung Bromo (kawah)
2026-09-21T20:00,11.1,11.1,12.1,10.5,11.2,bromo,Gunung Bromo (kawah)
2026-09-21T21:00,11.0,10.9,9.9,9.4,11.0,bromo,Gunung Bromo (kawah)
2026-09-21T22:00,11.1,11.0,9.9,8.9,11.0,bromo,Gunung Bromo (kawah)
2026-09-21T23:00,11.3,11.4,10.9,9.4,11.1,bromo,Gunung Bromo (kawah)
2026-09-22T00:00,11.6,11.4,11.3,10.4,11.4,bromo,Gunung Bromo (kawah)
2026-09-22T01:00,11.5,11.0,10.6,11.1,11.7,bromo,Gunung Bromo (kawah)
2026-09-22T02:00,11.3,10.8,11.1,11.0,12.1,bromo,Gunung Bromo (kawah)
2026-09-22T03:00,11.2,10.6,10.9,10.8,12.6,bromo,Gunung Bromo (kawah)
2026-09-22T04:00,11.1,10.6,10.3,11.1,13.2,bromo,Gunung Bromo (kawah)
2026-09-22T05:00,11.1,10.9,10.1,12.0,13.9,bromo,Gunung Bromo (kawah)
2026-09-22T06:00,12.5,12.9,11.6,13.4,14.6,bromo,Gunung Bromo (kawah)
2026-09-22T07:00,13.7,15.2,15.0,14.9,14.9,bromo,Gunung Bromo (kawah)
2026-09-22T08:00,16.3,16.7,17.4,16.5,15.7,bromo,Gunung Bromo (kawah)
2026-09-22T09:00,18.1,18.5,18.6,18.1,16.7,bromo,Gunung Bromo (kawah)
2026-09-22T10:00,19.3,19.6,19.3,19.3,17.8,bromo,Gunung Bromo (kawah)
2026-09-22T11:00,19.8,19.8,18.9,19.6,18.7,bromo,Gunung Bromo (kawah)
2026-09-22T12:00,18.9,19.5,19.0,19.5,19.2,bromo,Gunung Bromo (kawah)
2026-09-22T13:00,18.9,18.9,18.9,18.7,19.2,bromo,Gunung Bromo (kawah)
2026-09-22T14:00,18.3,18.5,18.3,18.0,18.4,bromo,Gunung Bromo (kawah)
2026-09-22T15:00,17.5,17.6,17.3,16.9,16.9,bromo,Gunung Bromo (kawah)
2026-09-22T16:00,16.3,16.4,16.3,15.7,15.0,bromo,Gunung Bromo (kawah)
2026-09-22T17:00,14.1,14.3,14.5,14.1,13.1,bromo,Gunung Bromo (kawah)
2026-09-22T18:00,11.8,12.2,12.3,12.4,11.4,bromo,Gunung Bromo (kawah)
2026-09-22T19:00,11.9,12.0,11.9,10.9,11.2,bromo,Gunung Bromo (kawah)
2026-09-22T20:00,11.4,11.5,11.7,10.5,10.5,bromo,Gunung Bromo (kawah)
2026-09-22T21:00,11.2,11.1,11.6,10.7,10.2,bromo,Gunung Bromo (kawah)
2026-09-22T22:00,11.1,11.4,11.9,11.0,10.0,bromo,Gunung Bromo (kawah)
2026-09-22T23:00,11.2,11.6,11.9,11.0,10.0,bromo,Gunung Bromo (kawah)
2026-09-23T00:00,11.1,11.1,11.9,11.1,10.2,bromo,Gunung Bromo (kawah)
2026-09-23T01:00,10.9,10.7,11.6,11.4,10.5,bromo,Gunung Bromo (kawah)
2026-09-23T02:00,10.1,10.5,10.8,11.3,11.1,bromo,Gunung Bromo (kawah)
2026-09-23T03:00,10.1,10.6,11.2,10.8,12.0,bromo,Gunung Bromo (kawah)
2026-09-23T04:00,10.4,10.4,11.3,10.9,13.0,bromo,Gunung Bromo (kawah)
2026-09-23T05:00,10.2,10.4,11.2,11.9,14.1,bromo,Gunung Bromo (kawah)
2026-09-23T06:00,11.4,12.0,12.8,13.5,15.0,bromo,Gunung Bromo (kawah)
2026-09-23T07:00,14.3,14.5,15.3,14.6,14.8,bromo,Gunung Bromo (kawah)
2026-09-23T08:00,16.6,16.5,17.2,16.1,15.1,bromo,Gunung Bromo (kawah)
2026-09-23T09:00,17.9,17.7,18.6,17.6,15.1,bromo,Gunung Bromo (kawah)
2026-09-23T10:00,18.9,19.1,19.2,18.4,15.1,bromo,Gunung Bromo (kawah)
2026-09-23T11:00,18.4,18.7,18.7,18.0,15.0,bromo,Gunung Bromo (kawah)
2026-09-23T12:00,18.2,18.3,18.6,16.9,14.8,bromo,Gunung Bromo (kawah)
2026-09-23T13:00,18.1,18.2,18.1,17.7,14.7,bromo,Gunung Bromo (kawah)
2026-09-23T14:00,17.8,18.1,17.8,17.1,14.5,bromo,Gunung Bromo (kawah)
2026-09-23T15:00,17.2,17.5,16.9,16.4,14.4,bromo,Gunung Bromo (kawah)
2026-09-23T16:00,15.7,16.0,15.7,15.6,14.2,bromo,Gunung Bromo (kawah)
2026-09-23T17:00,14.1,14.3,14.5,14.7,14.0,bromo,Gunung Bromo (kawah)
2026-09-23T18:00,13.3,13.1,13.2,13.7,13.7,bromo,Gunung Bromo (kawah)
2026-09-23T19:00,13.1,12.1,13.3,13.1,13.3,bromo,Gunung Bromo (kawah)
2026-09-23T20:00,12.1,12.4,13.3,12.0,13.0,bromo,Gunung Bromo (kawah)
2026-09-23T21:00,10.8,12.2,11.1,10.8,12.6,bromo,Gunung Bromo (kawah)
2026-09-23T22:00,9.4,10.4,10.2,10.0,12.3,bromo,Gunung Bromo (kawah)
2026-09-23T23:00,9.9,10.6,10.8,10.1,12.0,bromo,Gunung Bromo (kawah)
2026-09-24T00:00,10.6,10.9,11.5,10.7,11.8,bromo,Gunung Bromo (kawah)
2026-09-24T01:00,10.3,10.6,11.1,11.8,11.7,bromo,Gunung Bromo (kawah)
2026-09-24T02:00,9.9,10.7,11.0,11.6,11.9,bromo,Gunung Bromo (kawah)
2026-09-24T03:00,9.5,10.5,11.1,11.0,12.1,bromo,Gunung Bromo (kawah)
2026-09-24T04:00,9.3,10.4,11.0,10.9,12.5,bromo,Gunung Bromo (kawah)
2026-09-24T05:00,9.4,10.3,10.7,11.7,13.0,bromo,Gunung Bromo (kawah)
2026-09-24T06:00,11.5,11.6,12.1,13.0,13.4,bromo,Gunung Bromo (kawah)
2026-09-24T07:00,15.0,15.0,14.7,14.3,15.3,bromo,Gunung Bromo (kawah)
2026-09-24T08:00,16.6,16.7,16.5,15.9,15.8,bromo,Gunung Bromo (kawah)
2026-09-24T09:00,18.0,17.8,17.7,17.6,16.4,bromo,Gunung Bromo (kawah)
2026-09-24T10:00,19.2,18.8,18.7,18.7,16.9,bromo,Gunung Bromo (kawah)
2026-09-24T11:00,19.6,19.4,18.6,18.6,17.2,bromo,Gunung Bromo (kawah)
2026-09-24T12:00,19.5,19.4,18.0,17.8,17.4,bromo,Gunung Bromo (kawah)
2026-09-24T13:00,19.9,18.7,16.8,17.1,17.4,bromo,Gunung Bromo (kawah)
2026-09-24T14:00,18.3,18.0,16.7,16.4,17.1,bromo,Gunung Bromo (kawah)
2026-09-24T15:00,16.6,16.6,16.0,15.8,16.6,bromo,Gunung Bromo (kawah)
2026-09-24T16:00,14.9,15.6,15.3,15.1,15.9,bromo,Gunung Bromo (kawah)
2026-09-24T17:00,13.7,13.9,13.8,14.4,15.1,bromo,Gunung Bromo (kawah)
2026-09-24T18:00,13.3,13.4,13.6,13.7,14.4,bromo,Gunung Bromo (kawah)
2026-09-24T19:00,13.6,13.3,13.3,13.5,13.6,bromo,Gunung Bromo (kawah)
2026-09-24T20:00,13.7,13.2,12.3,12.7,13.0,bromo,Gunung Bromo (kawah)
2026-09-24T21:00,13.9,12.2,11.2,11.8,12.4,bromo,Gunung Bromo (kawah)
2026-09-24T22:00,13.9,11.5,10.6,11.1,11.9,bromo,Gunung Bromo (kawah)
2026-09-24T23:00,13.8,10.5,10.5,11.1,11.5,bromo,Gunung Bromo (kawah)
2026-09-25T00:00,11.8,10.0,10.3,11.3,11.3,bromo,Gunung Bromo (kawah)
2026-09-25T01:00,11.4,9.9,10.3,10.3,11.3,bromo,Gunung Bromo (kawah)
2026-09-25T02:00,10.8,9.9,11.0,10.4,11.6,bromo,Gunung Bromo (kawah)
2026-09-25T03:00,11.5,10.0,11.6,10.9,12.2,bromo,Gunung Bromo (kawah)
2026-09-25T04:00,11.8,9.8,11.8,11.6,13.1,bromo,Gunung Bromo (kawah)
2026-09-25T05:00,11.8,9.7,11.7,12.3,13.9,bromo,Gunung Bromo (kawah)
2026-09-25T06:00,12.8,11.8,13.1,13.3,14.7,bromo,Gunung Bromo (kawah)
2026-09-25T07:00,14.1,15.8,15.2,15.2,14.7,bromo,Gunung Bromo (kawah)
2026-09-25T08:00,16.4,17.3,17.1,16.7,15.1,bromo,Gunung Bromo (kawah)
2026-09-25T09:00,18.4,18.4,18.6,18.2,15.5,bromo,Gunung Bromo (kawah)
2026-09-25T10:00,18.4,19.3,19.2,18.9,15.8,bromo,Gunung Bromo (kawah)
2026-09-25T11:00,18.4,19.5,18.8,18.4,16.0,bromo,Gunung Bromo (kawah)
2026-09-25T12:00,17.9,19.0,17.6,17.2,16.2,bromo,Gunung Bromo (kawah)
2026-09-25T13:00,17.7,18.5,16.0,17.4,16.2,bromo,Gunung Bromo (kawah)
2026-09-25T14:00,17.1,17.2,15.4,16.4,16.1,bromo,Gunung Bromo (kawah)
2026-09-25T15:00,16.4,16.2,14.5,15.4,15.7,bromo,Gunung Bromo (kawah)
2026-09-25T16:00,15.5,15.6,14.6,14.5,15.3,bromo,Gunung Bromo (kawah)
2026-09-25T17:00,14.0,14.1,13.9,13.9,14.9,bromo,Gunung Bromo (kawah)
2026-09-25T18:00,13.2,13.3,13.2,13.5,14.4,bromo,Gunung Bromo (kawah)
2026-09-25T19:00,12.8,12.0,13.6,13.5,13.7,bromo,Gunung Bromo (kawah)
2026-09-25T20:00,11.8,11.3,12.4,13.2,13.4,bromo,Gunung Bromo (kawah)
2026-09-25T21:00,10.7,10.7,11.2,12.9,13.1,bromo,Gunung Bromo (kawah)
2026-09-25T22:00,10.1,10.3,10.7,12.6,12.9,bromo,Gunung Bromo (kawah)
2026-09-25T23:00,10.0,11.1,10.3,12.0,12.9,bromo,Gunung Bromo (kawah)
2026-09-26T00:00,10.1,12.5,10.8,11.3,12.9,bromo,Gunung Bromo (kawah)
2026-09-26T01:00,11.8,12.9,12.6,10.3,13.0,bromo,Gunung Bromo (kawah)
2026-09-26T02:00,12.9,12.2,12.7,10.1,13.3,bromo,Gunung Bromo (kawah)
2026-09-26T03:00,12.5,11.5,12.0,9.9,13.7,bromo,Gunung Bromo (kawah)
2026-09-26T04:00,11.5,11.1,11.6,10.3,14.3,bromo,Gunung Bromo (kawah)
2026-09-26T05:00,10.9,11.0,11.4,11.4,14.9,bromo,Gunung Bromo (kawah)
2026-09-26T06:00,12.1,12.6,13.1,13.0,15.4,bromo,Gunung Bromo (kawah)
2026-09-26T07:00,14.8,14.5,15.9,14.7,14.7,bromo,Gunung Bromo (kawah)
2026-09-26T08:00,17.1,17.4,17.8,16.2,15.2,bromo,Gunung Bromo (kawah)
2026-09-26T09:00,18.9,18.8,19.1,17.8,15.8,bromo,Gunung Bromo (kawah)
2026-09-26T10:00,19.8,19.5,19.5,18.8,16.3,bromo,Gunung Bromo (kawah)
2026-09-26T11:00,19.6,19.7,19.1,19.0,16.7,bromo,Gunung Bromo (kawah)
2026-09-26T12:00,18.6,18.9,17.5,18.7,17.0,bromo,Gunung Bromo (kawah)
2026-09-26T13:00,18.8,18.3,18.9,16.8,17.1,bromo,Gunung Bromo (kawah)
2026-09-26T14:00,17.0,17.2,17.6,16.0,16.8,bromo,Gunung Bromo (kawah)
2026-09-26T15:00,15.6,15.6,17.6,15.2,16.4,bromo,Gunung Bromo (kawah)
2026-09-26T16:00,15.1,14.9,16.1,14.6,15.7,bromo,Gunung Bromo (kawah)
2026-09-26T17:00,13.9,13.8,14.3,14.2,15.0,bromo,Gunung Bromo (kawah)
2026-09-26T18:00,13.5,13.0,13.7,13.9,14.4,bromo,Gunung Bromo (kawah)
2026-09-26T19:00,13.8,13.1,11.7,12.7,13.4,bromo,Gunung Bromo (kawah)
2026-09-26T20:00,12.9,12.2,11.0,12.4,13.1,bromo,Gunung Bromo (kawah)
2026-09-26T21:00,11.7,11.9,10.6,12.3,12.9,bromo,Gunung Bromo (kawah)
2026-09-26T22:00,10.5,11.1,10.1,12.1,12.8,bromo,Gunung Bromo (kawah)
2026-09-26T23:00,10.2,10.6,10.5,11.5,12.8,bromo,Gunung Bromo (kawah)
2026-09-27T00:00,10.0,10.1,12.1,10.7,12.8,bromo,Gunung Bromo (kawah)
2026-09-27T01:00,11.3,11.0,12.5,10.2,12.9,bromo,Gunung Bromo (kawah)
2026-09-27T02:00,12.0,11.4,12.3,10.5,13.1,bromo,Gunung Bromo (kawah)
2026-09-27T03:00,12.5,11.8,11.9,10.9,13.3,bromo,Gunung Bromo (kawah)
2026-09-27T04:00,11.9,11.4,11.8,11.5,13.6,bromo,Gunung Bromo (kawah)
2026-09-27T05:00,11.0,11.3,11.8,12.6,13.9,bromo,Gunung Bromo (kawah)
2026-09-27T06:00,12.2,12.5,13.3,13.8,14.2,bromo,Gunung Bromo (kawah)
2026-09-27T07:00,15.0,15.3,14.8,14.2,14.4,bromo,Gunung Bromo (kawah)
2026-09-27T08:00,17.3,17.2,16.9,15.8,14.6,bromo,Gunung Bromo (kawah)
2026-09-27T09:00,18.7,18.8,18.1,17.5,14.7,bromo,Gunung Bromo (kawah)
2026-09-27T10:00,19.2,19.3,19.1,18.6,14.8,bromo,Gunung Bromo (kawah)
2026-09-27T11:00,18.9,18.5,17.9,18.7,14.8,bromo,Gunung Bromo (kawah)
2026-09-27T12:00,16.9,17.3,16.5,18.3,14.8,bromo,Gunung Bromo (kawah)
2026-09-27T13:00,17.7,17.9,15.4,15.1,14.7,bromo,Gunung Bromo (kawah)
2026-09-27T14:00,17.0,17.0,16.0,14.7,14.6,bromo,Gunung Bromo (kawah)
2026-09-27T15:00,16.5,16.2,14.4,14.6,14.5,bromo,Gunung Bromo (kawah)
2026-09-27T16:00,14.8,14.9,14.1,14.3,14.4,bromo,Gunung Bromo (kawah)
2026-09-27T17:00,13.5,14.0,13.3,13.5,14.2,bromo,Gunung Bromo (kawah)
2026-09-27T18:00,13.4,12.0,12.9,12.6,14.0,bromo,Gunung Bromo (kawah)
2026-09-27T19:00,13.7,12.6,12.4,13.6,13.4,bromo,Gunung Bromo (kawah)
2026-09-27T20:00,13.2,12.6,11.8,12.8,13.2,bromo,Gunung Bromo (kawah)
2026-09-27T21:00,13.3,11.7,11.1,12.1,13.0,bromo,Gunung Bromo (kawah)
2026-09-27T22:00,12.2,10.8,10.8,11.6,12.9,bromo,Gunung Bromo (kawah)
2026-09-27T23:00,10.8,10.2,10.8,11.8,12.8,bromo,Gunung Bromo (kawah)
2026-09-28T00:00,10.2,10.4,11.7,12.4,12.8,bromo,Gunung Bromo (kawah)
2026-09-28T01:00,12.7,10.5,12.1,12.7,12.9,bromo,Gunung Bromo (kawah)
2026-09-28T02:00,12.4,11.3,12.7,12.6,13.1,bromo,Gunung Bromo (kawah)
2026-09-28T03:00,11.7,11.9,12.8,12.3,13.4,bromo,Gunung Bromo (kawah)
2026-09-28T04:00,11.3,11.9,12.5,12.4,13.8,bromo,Gunung Bromo (kawah)
2026-09-28T05:00,11.1,11.4,12.2,13.1,14.3,bromo,Gunung Bromo (kawah)
2026-09-28T06:00,12.6,13.3,13.1,14.2,14.7,bromo,Gunung Bromo (kawah)
2026-09-28T07:00,14.9,15.0,14.7,14.7,15.3,bromo,Gunung Bromo (kawah)
2026-09-28T08:00,16.4,16.7,18.2,16.0,15.3,bromo,Gunung Bromo (kawah)
2026-09-28T09:00,18.2,18.4,19.0,17.6,15.2,bromo,Gunung Bromo (kawah)
2026-09-28T10:00,18.4,18.9,19.9,18.4,15.1,bromo,Gunung Bromo (kawah)
2026-09-28T11:00,15.6,16.8,17.6,17.9,14.8,bromo,Gunung Bromo (kawah)
2026-09-28T12:00,14.9,15.6,16.7,16.6,14.6,bromo,Gunung Bromo (kawah)
2026-09-28T13:00,15.6,14.7,14.8,15.5,14.5,bromo,Gunung Bromo (kawah)
2026-09-28T14:00,14.4,15.3,14.3,15.1,14.4,bromo,Gunung Bromo (kawah)
2026-09-28T15:00,14.5,14.5,14.1,14.9,14.2,bromo,Gunung Bromo (kawah)
2026-09-28T16:00,14.3,13.8,13.9,14.7,14.1,bromo,Gunung Bromo (kawah)
2026-09-28T17:00,13.9,13.6,13.5,14.4,14.0,bromo,Gunung Bromo (kawah)
2026-09-28T18:00,12.4,13.6,13.4,14.0,13.9,bromo,Gunung Bromo (kawah)
2026-09-28T19:00,12.2,13.7,13.5,13.7,13.9,bromo,Gunung Bromo (kawah)
2026-09-28T20:00,12.2,13.7,13.1,13.7,13.3,bromo,Gunung Bromo (kawah)
2026-09-28T21:00,12.1,13.1,13.1,13.7,12.6,bromo,Gunung Bromo (kawah)
2026-09-28T22:00,12.0,11.9,13.2,13.7,12.1,bromo,Gunung Bromo (kawah)
2026-09-28T23:00,12.2,11.0,12.6,13.4,11.6,bromo,Gunung Bromo (kawah)
2026-09-21T00:00,23.0,22.6,23.0,22.6,22.6,balekambang,Pantai Balekambang
2026-09-21T01:00,22.7,22.4,22.9,22.6,22.6,balekambang,Pantai Balekambang
2026-09-21T02:00,22.7,22.4,23.1,22.4,22.8,balekambang,Pantai Balekambang
2026-09-21T03:00,23.0,22.4,22.8,22.2,23.1,balekambang,Pantai Balekambang
2026-09-21T04:00,23.2,22.3,22.6,22.4,23.4,balekambang,Pantai Balekambang
2026-09-21T05:00,23.1,22.1,22.4,23.0,23.9,balekambang,Pantai Balekambang
2026-09-21T06:00,23.5,22.7,23.0,23.9,24.3,balekambang,Pantai Balekambang
2026-09-21T07:00,25.0,24.7,24.8,25.1,24.9,balekambang,Pantai Balekambang
2026-09-21T08:00,26.3,26.2,26.4,26.1,25.5,balekambang,Pantai Balekambang
2026-09-21T09:00,27.6,27.4,27.4,27.1,26.3,balekambang,Pantai Balekambang
2026-09-21T10:00,28.3,28.0,27.9,27.8,27.1,balekambang,Pantai Balekambang
2026-09-21T11:00,28.5,28.1,27.8,28.1,27.7,balekambang,Pantai Balekambang
2026-09-21T12:00,28.5,28.1,28.0,28.2,28.2,balekambang,Pantai Balekambang
2026-09-21T13:00,28.7,27.8,28.0,28.1,28.3,balekambang,Pantai Balekambang
2026-09-21T14:00,27.5,27.3,27.3,27.7,27.9,balekambang,Pantai Balekambang
2026-09-21T15:00,26.8,26.6,26.7,26.9,27.2,balekambang,Pantai Balekambang
2026-09-21T16:00,25.9,25.7,25.9,26.1,26.2,balekambang,Pantai Balekambang
2026-09-21T17:00,24.8,24.6,24.8,25.2,25.2,balekambang,Pantai Balekambang
2026-09-21T18:00,23.8,23.6,23.9,24.2,24.2,balekambang,Pantai Balekambang
2026-09-21T19:00,23.7,23.4,23.7,23.3,23.6,balekambang,Pantai Balekambang
2026-09-21T20:00,23.4,23.1,23.7,23.0,23.2,balekambang,Pantai Balekambang
2026-09-21T21:00,23.2,22.9,23.4,22.8,22.8,balekambang,Pantai Balekambang
2026-09-21T22:00,23.0,22.7,23.2,22.7,22.6,balekambang,Pantai Balekambang
2026-09-21T23:00,23.0,22.7,22.9,22.6,22.5,balekambang,Pantai Balekambang
2026-09-22T00:00,22.9,22.6,22.8,22.5,22.4,balekambang,Pantai Balekambang
2026-09-22T01:00,22.9,22.4,22.9,22.3,22.5,balekambang,Pantai Balekambang
2026-09-22T02:00,22.9,22.5,23.1,22.1,22.7,balekambang,Pantai Balekambang
2026-09-22T03:00,23.0,22.3,23.2,21.9,23.0,balekambang,Pantai Balekambang
2026-09-22T04:00,22.4,22.0,22.9,22.0,23.4,balekambang,Pantai Balekambang
2026-09-22T05:00,21.9,21.9,22.5,22.8,23.9,balekambang,Pantai Balekambang
2026-09-22T06:00,22.8,22.6,23.1,24.0,24.4,balekambang,Pantai Balekambang
2026-09-22T07:00,25.0,24.7,24.9,25.0,25.2,balekambang,Pantai Balekambang
2026-09-22T08:00,26.2,26.3,26.4,26.3,25.7,balekambang,Pantai Balekambang
2026-09-22T09:00,27.4,27.4,27.3,27.6,26.5,balekambang,Pantai Balekambang
2026-09-22T10:00,28.2,28.2,28.0,28.5,27.2,balekambang,Pantai Balekambang
2026-09-22T11:00,28.6,28.4,28.5,28.7,27.8,balekambang,Pantai Balekambang
2026-09-22T12:00,28.5,28.3,28.5,28.4,28.2,balekambang,Pantai Balekambang
2026-09-22T13:00,28.8,27.7,28.1,28.0,28.3,balekambang,Pantai Balekambang
2026-09-22T14:00,27.6,27.1,27.6,27.4,27.9,balekambang,Pantai Balekambang
2026-09-22T15:00,27.0,26.5,27.0,26.5,27.1,balekambang,Pantai Balekambang
2026-09-22T16:00,26.0,25.7,25.9,25.6,26.1,balekambang,Pantai Balekambang
2026-09-22T17:00,24.8,24.6,24.6,24.8,25.0,balekambang,Pantai Balekambang
2026-09-22T18:00,23.7,23.6,23.8,24.1,24.1,balekambang,Pantai Balekambang
2026-09-22T19:00,23.6,23.2,23.8,23.5,23.4,balekambang,Pantai Balekambang
2026-09-22T20:00,23.3,22.9,23.5,23.2,23.0,balekambang,Pantai Balekambang
2026-09-22T21:00,23.0,22.5,23.4,23.1,22.6,balekambang,Pantai Balekambang
2026-09-22T22:00,23.1,22.5,23.1,22.9,22.3,balekambang,Pantai Balekambang
2026-09-22T23:00,23.0,22.4,22.9,22.7,22.2,balekambang,Pantai Balekambang
2026-09-23T00:00,22.6,22.2,23.0,22.5,22.2,balekambang,Pantai Balekambang
2026-09-23T01:00,22.7,22.0,22.9,22.6,22.3,balekambang,Pantai Balekambang
2026-09-23T02:00,22.8,22.0,22.9,22.5,22.5,balekambang,Pantai Balekambang
2026-09-23T03:00,22.8,22.1,22.9,22.4,23.0,balekambang,Pantai Balekambang
2026-09-23T04:00,22.4,22.0,22.9,22.6,23.5,balekambang,Pantai Balekambang
2026-09-23T05:00,22.2,21.8,22.5,23.2,24.1,balekambang,Pantai Balekambang
2026-09-23T06:00,23.2,22.9,23.1,24.0,24.7,balekambang,Pantai Balekambang
2026-09-23T07:00,25.1,24.6,24.7,24.8,24.9,balekambang,Pantai Balekambang
2026-09-23T08:00,26.5,26.4,26.4,26.1,25.5,balekambang,Pantai Balekambang
2026-09-23T09:00,27.7,27.3,27.4,27.5,26.2,balekambang,Pantai Balekambang
2026-09-23T10:00,28.6,28.2,28.2,28.4,26.9,balekambang,Pantai Balekambang
2026-09-23T11:00,28.9,28.6,28.7,28.7,27.5,balekambang,Pantai Balekambang
2026-09-23T12:00,28.7,28.7,28.7,28.6,28.0,balekambang,Pantai Balekambang
2026-09-23T13:00,29.1,28.2,28.3,28.0,28.1,balekambang,Pantai Balekambang
2026-09-23T14:00,27.6,27.5,27.7,27.4,27.8,balekambang,Pantai Balekambang
2026-09-23T15:00,26.9,26.7,26.9,26.7,27.2,balekambang,Pantai Balekambang
2026-09-23T16:00,26.0,25.8,25.9,25.9,26.3,balekambang,Pantai Balekambang
2026-09-23T17:00,25.1,24.8,24.7,25.1,25.4,balekambang,Pantai Balekambang
2026-09-23T18:00,24.2,24.1,23.9,24.3,24.5,balekambang,Pantai Balekambang
2026-09-23T19:00,24.1,23.6,24.0,23.7,23.9,balekambang,Pantai Balekambang
2026-09-23T20:00,23.8,23.5,23.7,23.4,23.5,balekambang,Pantai Balekambang
2026-09-23T21:00,23.5,23.3,23.4,23.4,23.3,balekambang,Pantai Balekambang
2026-09-23T22:00,23.4,23.2,23.3,23.3,23.1,balekambang,Pantai Balekambang
2026-09-23T23:00,23.1,23.1,23.1,23.1,23.0,balekambang,Pantai Balekambang
2026-09-24T00:00,23.0,22.9,23.0,23.0,23.0,balekambang,Pantai Balekambang
2026-09-24T01:00,22.6,22.4,23.1,22.9,23.1,balekambang,Pantai Balekambang
2026-09-24T02:00,22.2,22.2,23.0,22.7,23.3,balekambang,Pantai Balekambang
2026-09-24T03:00,21.8,21.9,22.9,22.5,23.6,balekambang,Pantai Balekambang
2026-09-24T04:00,21.2,21.5,23.0,22.6,24.0,balekambang,Pantai Balekambang
2026-09-24T05:00,20.6,20.9,22.8,23.2,24.4,balekambang,Pantai Balekambang
2026-09-24T06:00,21.4,21.6,23.3,24.2,24.8,balekambang,Pantai Balekambang
2026-09-24T07:00,24.7,24.5,24.9,25.1,25.3,balekambang,Pantai Balekambang
2026-09-24T08:00,26.6,26.4,26.8,26.2,25.9,balekambang,Pantai Balekambang
2026-09-24T09:00,27.5,27.6,27.6,27.3,26.5,balekambang,Pantai Balekambang
2026-09-24T10:00,28.0,28.0,28.1,28.1,27.1,balekambang,Pantai Balekambang
2026-09-24T11:00,28.0,27.9,28.1,28.4,27.7,balekambang,Pantai Balekambang
2026-09-24T12:00,27.8,27.8,28.2,28.4,28.1,balekambang,Pantai Balekambang
2026-09-24T13:00,28.4,27.6,28.4,28.2,28.2,balekambang,Pantai Balekambang
2026-09-24T14:00,27.4,27.5,27.9,27.7,27.9,balekambang,Pantai Balekambang
2026-09-24T15:00,27.1,27.1,27.2,27.0,27.3,balekambang,Pantai Balekambang
2026-09-24T16:00,26.5,26.3,26.5,26.3,26.4,balekambang,Pantai Balekambang
2026-09-24T17:00,25.3,25.2,25.3,25.5,25.6,balekambang,Pantai Balekambang
2026-09-24T18:00,24.4,24.5,24.5,24.6,24.8,balekambang,Pantai Balekambang
2026-09-24T19:00,24.7,24.3,24.4,24.0,24.1,balekambang,Pantai Balekambang
2026-09-24T20:00,24.5,24.1,24.4,23.7,23.7,balekambang,Pantai Balekambang
2026-09-24T21:00,24.3,23.9,24.0,23.6,23.3,balekambang,Pantai Balekambang
2026-09-24T22:00,24.2,23.7,23.8,23.6,23.1,balekambang,Pantai Balekambang
2026-09-24T23:00,23.8,23.3,23.7,23.5,22.9,balekambang,Pantai Balekambang
2026-09-25T00:00,23.4,23.0,23.4,23.5,22.8,balekambang,Pantai Balekambang
2026-09-25T01:00,23.2,22.7,23.2,23.1,22.9,balekambang,Pantai Balekambang
2026-09-25T02:00,22.8,22.2,23.4,22.8,23.0,balekambang,Pantai Balekambang
2026-09-25T03:00,22.4,21.8,23.8,22.4,23.3,balekambang,Pantai Balekambang
2026-09-25T04:00,22.1,21.7,23.4,22.5,23.7,balekambang,Pantai Balekambang
2026-09-25T05:00,22.3,22.1,23.2,23.2,24.2,balekambang,Pantai Balekambang
2026-09-25T06:00,23.4,23.2,23.9,24.4,24.7,balekambang,Pantai Balekambang
2026-09-25T07:00,25.3,24.8,25.3,25.6,25.2,balekambang,Pantai Balekambang
2026-09-25T08:00,26.7,26.5,26.8,26.7,25.8,balekambang,Pantai Balekambang
2026-09-25T09:00,27.6,27.5,27.7,27.9,26.5,balekambang,Pantai Balekambang
2026-09-25T10:00,28.2,28.1,28.2,28.7,27.3,balekambang,Pantai Balekambang
2026-09-25T11:00,28.5,28.3,28.3,28.9,27.9,balekambang,Pantai Balekambang
2026-09-25T12:00,28.5,28.2,28.3,28.8,28.4,balekambang,Pantai Balekambang
2026-09-25T13:00,28.8,28.1,28.1,28.5,28.6,balekambang,Pantai Balekambang
2026-09-25T14:00,27.7,27.6,27.6,28.0,28.3,balekambang,Pantai Balekambang
2026-09-25T15:00,27.2,27.0,27.3,27.4,27.7,balekambang,Pantai Balekambang
2026-09-25T16:00,26.3,26.1,26.5,26.8,26.9,balekambang,Pantai Balekambang
2026-09-25T17:00,25.1,24.9,25.4,26.0,26.1,balekambang,Pantai Balekambang
2026-09-25T18:00,24.4,24.2,24.5,25.2,25.3,balekambang,Pantai Balekambang
2026-09-25T19:00,24.6,24.1,24.4,24.6,24.4,balekambang,Pantai Balekambang
2026-09-25T20:00,24.4,24.1,24.3,24.2,24.0,balekambang,Pantai Balekambang
2026-09-25T21:00,24.3,23.9,24.0,24.0,23.7,balekambang,Pantai Balekambang
2026-09-25T22:00,24.1,23.7,23.7,23.8,23.5,balekambang,Pantai Balekambang
2026-09-25T23:00,23.8,23.7,23.4,23.6,23.4,balekambang,Pantai Balekambang
2026-09-26T00:00,23.7,23.8,22.9,23.4,23.3,balekambang,Pantai Balekambang
2026-09-26T01:00,23.4,23.5,23.2,23.4,23.4,balekambang,Pantai Balekambang
2026-09-26T02:00,23.1,22.7,23.6,23.3,23.6,balekambang,Pantai Balekambang
2026-09-26T03:00,23.3,22.1,23.8,23.2,23.9,balekambang,Pantai Balekambang
2026-09-26T04:00,23.3,21.7,23.7,23.4,24.4,balekambang,Pantai Balekambang
2026-09-26T05:00,23.1,21.3,23.5,24.0,24.9,balekambang,Pantai Balekambang
2026-09-26T06:00,23.1,21.7,23.7,25.0,25.4,balekambang,Pantai Balekambang
2026-09-26T07:00,25.1,24.3,24.5,25.6,25.4,balekambang,Pantai Balekambang
2026-09-26T08:00,26.3,26.2,26.7,26.6,26.0,balekambang,Pantai Balekambang
2026-09-26T09:00,27.0,27.2,27.7,27.4,26.8,balekambang,Pantai Balekambang
2026-09-26T10:00,27.7,27.9,28.2,28.1,27.6,balekambang,Pantai Balekambang
2026-09-26T11:00,27.9,27.9,28.5,28.4,28.3,balekambang,Pantai Balekambang
2026-09-26T12:00,28.2,27.9,28.5,28.5,28.9,balekambang,Pantai Balekambang
2026-09-26T13:00,28.6,28.0,28.0,28.7,29.0,balekambang,Pantai Balekambang
2026-09-26T14:00,27.4,27.5,27.8,28.2,28.7,balekambang,Pantai Balekambang
2026-09-26T15:00,27.0,26.9,27.3,27.4,28.0,balekambang,Pantai Balekambang
2026-09-26T16:00,26.3,26.0,26.5,26.6,27.1,balekambang,Pantai Balekambang
2026-09-26T17:00,25.0,25.0,25.2,25.9,26.2,balekambang,Pantai Balekambang
2026-09-26T18:00,24.2,24.4,24.3,25.1,25.3,balekambang,Pantai Balekambang
2026-09-26T19:00,24.5,24.2,24.1,24.4,24.7,balekambang,Pantai Balekambang
2026-09-26T20:00,24.2,24.1,23.9,24.0,24.3,balekambang,Pantai Balekambang
2026-09-26T21:00,24.0,23.9,23.6,23.7,23.9,balekambang,Pantai Balekambang
2026-09-26T22:00,23.7,23.5,23.2,23.5,23.5,balekambang,Pantai Balekambang
2026-09-26T23:00,23.5,23.3,22.9,23.3,23.2,balekambang,Pantai Balekambang
2026-09-27T00:00,23.2,23.3,22.8,23.0,23.1,balekambang,Pantai Balekambang
2026-09-27T01:00,22.1,22.5,22.7,22.6,23.1,balekambang,Pantai Balekambang
2026-09-27T02:00,21.7,21.9,22.5,22.4,23.3,balekambang,Pantai Balekambang
2026-09-27T03:00,21.7,22.0,22.3,22.3,23.6,balekambang,Pantai Balekambang
2026-09-27T04:00,22.3,22.5,22.7,22.5,24.1,balekambang,Pantai Balekambang
2026-09-27T05:00,22.4,22.7,23.3,23.4,24.7,balekambang,Pantai Balekambang
2026-09-27T06:00,23.1,23.0,23.6,24.6,25.3,balekambang,Pantai Balekambang
2026-09-27T07:00,25.1,25.0,25.3,25.8,25.9,balekambang,Pantai Balekambang
2026-09-27T08:00,26.5,26.7,27.0,26.7,26.4,balekambang,Pantai Balekambang
2026-09-27T09:00,27.3,27.6,28.1,27.5,27.1,balekambang,Pantai Balekambang
2026-09-27T10:00,27.9,28.2,28.5,28.1,27.8,balekambang,Pantai Balekambang
2026-09-27T11:00,28.4,28.5,28.8,28.5,28.3,balekambang,Pantai Balekambang
2026-09-27T12:00,28.5,28.6,28.9,28.8,28.7,balekambang,Pantai Balekambang
2026-09-27T13:00,29.3,28.4,28.8,28.3,28.8,balekambang,Pantai Balekambang
2026-09-27T14:00,27.9,27.5,28.1,28.0,28.5,balekambang,Pantai Balekambang
2026-09-27T15:00,27.4,26.9,27.5,27.5,27.9,balekambang,Pantai Balekambang
2026-09-27T16:00,26.4,26.1,26.8,26.9,27.0,balekambang,Pantai Balekambang
2026-09-27T17:00,25.1,25.1,25.6,26.0,26.2,balekambang,Pantai Balekambang
2026-09-27T18:00,24.2,24.2,24.6,25.0,25.4,balekambang,Pantai Balekambang
2026-09-27T19:00,24.3,24.0,24.2,24.4,24.6,balekambang,Pantai Balekambang
2026-09-27T20:00,24.0,23.7,24.0,24.0,24.2,balekambang,Pantai Balekambang
2026-09-27T21:00,23.9,23.5,23.5,23.8,23.9,balekambang,Pantai Balekambang
2026-09-27T22:00,23.5,23.4,23.3,23.7,23.6,balekambang,Pantai Balekambang
2026-09-27T23:00,23.2,23.2,23.3,23.6,23.5,balekambang,Pantai Balekambang
2026-09-28T00:00,22.7,22.7,23.3,23.5,23.4,balekambang,Pantai Balekambang
2026-09-28T01:00,23.1,22.3,23.1,23.1,23.4,balekambang,Pantai Balekambang
2026-09-28T02:00,23.3,21.7,23.0,22.9,23.6,balekambang,Pantai Balekambang
2026-09-28T03:00,23.3,21.4,22.7,22.7,23.9,balekambang,Pantai Balekambang
2026-09-28T04:00,23.5,21.3,22.6,22.8,24.3,balekambang,Pantai Balekambang
2026-09-28T05:00,23.5,21.4,22.7,23.5,24.8,balekambang,Pantai Balekambang
2026-09-28T06:00,23.9,22.5,23.6,24.5,25.3,balekambang,Pantai Balekambang
2026-09-28T07:00,25.7,25.4,25.3,25.4,26.0,balekambang,Pantai Balekambang
2026-09-28T08:00,27.0,26.9,27.0,26.5,26.5,balekambang,Pantai Balekambang
2026-09-28T09:00,27.9,27.8,27.8,27.7,27.1,balekambang,Pantai Balekambang
2026-09-28T10:00,28.6,28.3,28.4,28.6,27.7,balekambang,Pantai Balekambang
2026-09-28T11:00,29.0,28.8,28.7,29.0,28.2,balekambang,Pantai Balekambang
2026-09-28T12:00,28.9,28.7,28.6,29.1,28.5,balekambang,Pantai Balekambang
2026-09-28T13:00,29.4,28.3,28.2,28.4,28.6,balekambang,Pantai Balekambang
2026-09-28T14:00,28.1,27.8,27.8,28.0,28.3,balekambang,Pantai Balekambang
2026-09-28T15:00,27.3,27.1,27.1,27.3,27.8,balekambang,Pantai Balekambang
2026-09-28T16:00,26.3,26.1,26.2,26.7,27.1,balekambang,Pantai Balekambang
2026-09-28T17:00,25.1,25.2,25.5,26.0,26.3,balekambang,Pantai Balekambang
2026-09-28T18:00,24.2,24.3,24.5,25.2,25.6,balekambang,Pantai Balekambang
2026-09-28T19:00,23.9,24.0,24.4,24.6,25.0,balekambang,Pantai Balekambang
2026-09-28T20:00,23.6,23.9,24.2,24.3,24.7,balekambang,Pantai Balekambang
2026-09-28T21:00,23.5,23.6,23.9,24.0,24.5,balekambang,Pantai Balekambang
2026-09-28T22:00,23.3,23.4,23.5,23.9,24.4,balekambang,Pantai Balekambang
2026-09-28T23:00,23.4,23.3,23.3,23.7,24.3,balekambang,Pantai Balekambang
